key,speech_date,speech_time,company_id,company_name,subject,matched_keywords,enterDate,marketKind,serialNumber,detail_json,fetched_at_tw
1150810|sii|3711|6,115/08/10,17:45:34,3711,日月光投控,代子公司日月光半導體製造(股)公司公告其董事會決議現金增資發行新股,現金增資,1150810,sii,6,"{""code"": 200, ""message"": ""查詢成功"", ""result"": {""marketName"": ""上市公司"", ""companyId"": ""3711"", ""data"": [[6, ""115/08/10"", ""17:45:34"", ""吳田玉"", ""營運長"", ""02-66365678"", ""代子公司日月光半導體製造(股)公司公告\r\n其董事會決議現金增資發行新股"", ""11"", ""115/08/10"", ""1.董事會決議或公司決定日期:115/08/10\n2.發行股數:809,700,000股\n3.每股面額:新台幣10元\n4.發行總金額:新台幣16,194,000,000元\n5.發行價格:新台幣20元\n6.員工認股股數:依公司法第267條規定保留發行股數之10%由本公司員工承購\n7.原股東認購比率:發行股數之90%由原股東按認股基準日股東名簿記載之持股比例認購\n8.公開銷售方式及股數:不適用\n9.畸零股及逾期未認購股份之處理方式:\n員工及原股東認購不足及放棄認購之部分，授權董事長洽特定人按發行價格認購之。\n10.本次發行新股之權利義務:發行新股之權利義務與原已發行股份相同\n11.本次增資資金用途:償還既有金融機構借款\n12.現金增資認股基準日:115/08/11\n13.最後過戶日:不適用\n14.停止過戶起始日期:不適用\n15.停止過戶截止日期:不適用\n16.股款繳納期間:\n原股東暨員工繳款期間:115/08/12\n特定人繳款期間:115/08/13\n17.與代收及專戶存儲價款行庫訂約日期:不適用\n18.委託代收存款機構:不適用\n19.委託存儲款項機構:不適用\n20.其他應敘明事項:\n增資基準日:115/08/13\n有關本次增資計畫之發行股數及發行金額，未來如因客觀環境改變而有修正之必要時，\n擬授權董事長於發行股數775,000,000股~809,700,000股範圍內全權處理之。\n本次增資發行新股之認股基準日、繳款期間及增資基準日嗣後\n如有異動或前述未盡事宜，授權董事長得依法全權處理之。""]], ""footer"": [""以上資料均由各公司依發言當時所屬市場別之規定申報後，由本系統對外公佈，資料如有虛偽不實，均由該公司負責。""], ""header"": {""note"": [], ""subTitle"": [], ""mainTitle"": [""公司當日重大訊息之詳細內容""]}, ""titles"": [{""main"": ""序號"", ""sub"": []}, {""main"": ""發言日期"", ""sub"": []}, {""main"": ""發言時間"", ""sub"": []}, {""main"": ""發言人"", ""sub"": []}, {""main"": ""發言人職稱"", ""sub"": []}, {""main"": ""發言人電話"", ""sub"": []}, {""main"": ""主旨"", ""sub"": []}, {""main"": ""符合條款"", ""sub"": []}, {""main"": ""事實發生日"", ""sub"": []}, {""main"": ""說明"", ""sub"": []}], ""companyAbbreviation"": ""日月光投控""}, ""datetime"": ""115/08/11 18:49:00""}",2026-08-11 18:48:55
1150810|sii|3711|7,115/08/10,17:47:36,3711,日月光投控,本公司擬認購子公司日月光半導體製造(股)公司（下稱「日月光半導體」）現金增資所發行之普通股新股,現金增資,1150810,sii,7,"{""code"": 200, ""message"": ""查詢成功"", ""result"": {""marketName"": ""上市公司"", ""companyId"": ""3711"", ""data"": [[7, ""115/08/10"", ""17:47:36"", ""吳田玉"", ""營運長"", ""02-66365678"", ""本公司擬認購子公司日月光半導體製造(股)公司（下稱「日月光半導體」）\r\n現金增資所發行之普通股新股"", ""20"", ""115/08/10"", ""1.標的物之名稱及性質（屬特別股者，並應標明特別股約定發行條件，如股息率等）:\r\n日月光半導體普通股\r\n2.事實發生日:115/8/10~115/8/10\r\n3.董事會通過日期: 民國115年8月10日\r\n4.其他核決日期: 不適用\r\n5.交易數量、每單位價格及交易總金額:\r\n交易單位數量:809,700,000股\n每單位價格:每股新台幣20元\n交易總金額:新台幣16,194,000,000元\r\n6.交易相對人及其與公司之關係（交易相對人如屬自然人，且非公司之\r\n關係人者，得免揭露其姓名）:\r\n日月光半導體為本公司100%持有之子公司\r\n7.交易相對人為關係人者，並應公告選定關係人為交易對象之原因及前次移\r\n轉之所有人、前次移轉之所有人與公司及交易相對人間相互之關係、前次\r\n移轉日期及移轉金額:\r\n選定關係人為交易對象之原因：\n本公司為日月光半導體唯一股東，為改善日月光半導體財務結構，且為維持日月光半導體\n股東結構單一化，本公司擬全數認購日月光半導體本次發行之所有普通股股份，並規劃\n以本公司發行海外無擔保轉換公司債所募集之資金充作資金來源。\n前次移轉之所有人與公司及交易相對人間相互之關係、前次移轉日期及移轉金額：不適用\r\n8.交易標的最近五年內所有權人曾為公司之關係人者，尚應公告關係人之取\r\n得及處分日期、價格及交易當時與公司之關係:\r\n不適用\r\n9.本次係處分債權之相關事項（含處分之債權附隨擔保品種類、處分債權\r\n如有屬對關係人債權者尚需公告關係人名稱及本次處分該關係人之債權\r\n帳面金額:\r\n不適用\r\n10.處分利益（或損失）（取得有價證券者不適用）（原遞延者應列表說明\r\n認列情形）:\r\n不適用\r\n11.交付或付款條件（含付款期間及金額）、契約限制條款及其他重要約定\r\n事項:\r\n付款條件:電匯\n契約限制條款及其他重要約定事項:無\r\n12.本次交易之決定方式、價格決定之參考依據及決策單位:\r\n本次交易之決定方式及決策單位:依本公司董事會決議辦理\n價格決定之參考依據:依發行價格認購\r\n13.取得或處分有價證券標的公司每股淨值:\r\n24.73元\r\n14.迄目前為止，累積持有本交易證券（含本次交易）之數量、金額、持股\r\n比例及權利受限情形（如質押情形）:\r\n累積持有數量:7,303,843,764股\n累積持有金額:新台幣164,350,714仟元\n持股比例:100%\n權利受限情形:無\r\n15.迄目前為止，依「公開發行公司取得或處分資產處理準則」第三條所列\r\n之有價證券投資（含本次交易）占公司最近期財務報表中總資產及歸屬\r\n於母公司業主之權益之比例暨最近期財務報表中營運資金數額（註二）:\r\n占總資產比例:116.77%\n占歸屬於母公司業主之權益比例:126.24%\n營運資金:新台幣-3,568,201仟元\r\n16.經紀人及經紀費用:\r\n無\r\n17.取得或處分之具體目的或用途:\r\n支應子公司日月光半導體償還既有金融機構借款以節省利息支出並改善財務結構\r\n18.本次交易表示異議董事之意見:\r\n不適用\r\n19.本次交易為關係人交易:是\r\n20.監察人承認或審計委員會同意日期:\r\n民國115年8月10日\r\n21.本次交易會計師出具非合理性意見:不適用\r\n22.會計師事務所名稱:\r\n不適用\r\n23.會計師姓名:\r\n不適用\r\n24.會計師開業證書字號:\r\n不適用\r\n25.是否涉及營運模式變更:否\r\n26.營運模式變更說明:\r\n不適用\r\n27.過去一年及預計未來一年內與交易相對人交易情形:\r\n不適用\r\n28.資金來源:\r\n海外無擔保轉換公司債\r\n29.前已就同一件事件發布重大訊息日期: 不適用\r\n30.其他敘明事項:\r\n無""]], ""footer"": [""以上資料均由各公司依發言當時所屬市場別之規定申報後，由本系統對外公佈，資料如有虛偽不實，均由該公司負責。""], ""header"": {""note"": [], ""subTitle"": [], ""mainTitle"": [""公司當日重大訊息之詳細內容""]}, ""titles"": [{""main"": ""序號"", ""sub"": []}, {""main"": ""發言日期"", ""sub"": []}, {""main"": ""發言時間"", ""sub"": []}, {""main"": ""發言人"", ""sub"": []}, {""main"": ""發言人職稱"", ""sub"": []}, {""main"": ""發言人電話"", ""sub"": []}, {""main"": ""主旨"", ""sub"": []}, {""main"": ""符合條款"", ""sub"": []}, {""main"": ""事實發生日"", ""sub"": []}, {""main"": ""說明"", ""sub"": []}], ""companyAbbreviation"": ""日月光投控""}, ""datetime"": ""115/08/11 18:49:00""}",2026-08-11 18:48:55
1150810|sii|3711|8,115/08/10,17:48:19,3711,日月光投控,本公司擬認購子公司矽品精密工業(股)公司（下稱「矽品」）現金增資所發行之普通股新股,現金增資,1150810,sii,8,"{""code"": 200, ""message"": ""查詢成功"", ""result"": {""marketName"": ""上市公司"", ""companyId"": ""3711"", ""data"": [[8, ""115/08/10"", ""17:48:19"", ""吳田玉"", ""營運長"", ""02-66365678"", ""本公司擬認購子公司矽品精密工業(股)公司（下稱「矽品」）\r\n現金增資所發行之普通股新股"", ""20"", ""115/08/10"", ""1.標的物之名稱及性質（屬特別股者，並應標明特別股約定發行條件，如股息率等）:\r\n矽品普通股\r\n2.事實發生日:115/8/10~115/8/10\r\n3.董事會通過日期: 民國115年8月10日\r\n4.其他核決日期: 不適用\r\n5.交易數量、每單位價格及交易總金額:\r\n交易單位數量:809,700,000股\n每單位價格:每股新台幣20元\n交易總金額:新台幣16,194,000,000元\r\n6.交易相對人及其與公司之關係（交易相對人如屬自然人，且非公司之\r\n關係人者，得免揭露其姓名）:\r\n矽品為本公司100%持股之子公司\r\n7.交易相對人為關係人者，並應公告選定關係人為交易對象之原因及前次移\r\n轉之所有人、前次移轉之所有人與公司及交易相對人間相互之關係、前次\r\n移轉日期及移轉金額:\r\n選定關係人為交易對象之原因：\n本公司為矽品唯一股東，為支應矽品外幣購料之資金需求，且為維持矽品股東結構\n單一化，本公司擬全數認購矽品本次發行之所有普通股股份，並規劃以本公司發行\n海外無擔保轉換公司債所募集之資金充作資金來源。\n前次移轉之所有人與公司及交易相對人間相互之關係、前次移轉日期及移轉金額：不適用\r\n8.交易標的最近五年內所有權人曾為公司之關係人者，尚應公告關係人之取\r\n得及處分日期、價格及交易當時與公司之關係:\r\n不適用\r\n9.本次係處分債權之相關事項（含處分之債權附隨擔保品種類、處分債權\r\n如有屬對關係人債權者尚需公告關係人名稱及本次處分該關係人之債權\r\n帳面金額:\r\n不適用\r\n10.處分利益（或損失）（取得有價證券者不適用）（原遞延者應列表說明\r\n認列情形）:\r\n不適用\r\n11.交付或付款條件（含付款期間及金額）、契約限制條款及其他重要約定\r\n事項:\r\n付款條件:電匯\n契約限制條款及其他重要約定事項:無\r\n12.本次交易之決定方式、價格決定之參考依據及決策單位:\r\n本次交易之決定方式及決策單位:依本公司董事會決議辦理\n價格決定之參考依據:依發行價格認購\r\n13.取得或處分有價證券標的公司每股淨值:\r\n23.30元\r\n14.迄目前為止，累積持有本交易證券（含本次交易）之數量、金額、持股\r\n比例及權利受限情形（如質押情形）:\r\n累積持有數量:8,004,778,878股\n累積持有金額:新台幣250,179,419仟元\n持股比例:100%\n權利受限情形:無\r\n15.迄目前為止，依「公開發行公司取得或處分資產處理準則」第三條所列\r\n之有價證券投資（含本次交易）占公司最近期財務報表中總資產及歸屬\r\n於母公司業主之權益之比例暨最近期財務報表中營運資金數額（註二）:\r\n占總資產比例:116.77%\n占歸屬於母公司業主之權益比例:126.24% \n營運資金:新台幣-3,568,201仟元\r\n16.經紀人及經紀費用:\r\n無\r\n17.取得或處分之具體目的或用途:\r\n支應子公司矽品外幣購料之資金需求\r\n18.本次交易表示異議董事之意見:\r\n不適用\r\n19.本次交易為關係人交易:是\r\n20.監察人承認或審計委員會同意日期:\r\n民國115年8月10日\r\n21.本次交易會計師出具非合理性意見:不適用\r\n22.會計師事務所名稱:\r\n不適用\r\n23.會計師姓名:\r\n不適用\r\n24.會計師開業證書字號:\r\n不適用\r\n25.是否涉及營運模式變更:否\r\n26.營運模式變更說明:\r\n不適用\r\n27.過去一年及預計未來一年內與交易相對人交易情形:\r\n不適用\r\n28.資金來源:\r\n海外無擔保轉換公司債\r\n29.前已就同一件事件發布重大訊息日期: 不適用\r\n30.其他敘明事項:\r\n無""]], ""footer"": [""以上資料均由各公司依發言當時所屬市場別之規定申報後，由本系統對外公佈，資料如有虛偽不實，均由該公司負責。""], ""header"": {""note"": [], ""subTitle"": [], ""mainTitle"": [""公司當日重大訊息之詳細內容""]}, ""titles"": [{""main"": ""序號"", ""sub"": []}, {""main"": ""發言日期"", ""sub"": []}, {""main"": ""發言時間"", ""sub"": []}, {""main"": ""發言人"", ""sub"": []}, {""main"": ""發言人職稱"", ""sub"": []}, {""main"": ""發言人電話"", ""sub"": []}, {""main"": ""主旨"", ""sub"": []}, {""main"": ""符合條款"", ""sub"": []}, {""main"": ""事實發生日"", ""sub"": []}, {""main"": ""說明"", ""sub"": []}], ""companyAbbreviation"": ""日月光投控""}, ""datetime"": ""115/08/11 18:49:01""}",2026-08-11 18:48:55
1150810|sii|4906|5,115/08/10,17:48:24,4906,正文,公告本公司董事會決議發行國內第七次及第八次無擔保轉換公司債,公司債,1150810,sii,5,"{""code"": 200, ""message"": ""查詢成功"", ""result"": {""marketName"": ""上市公司"", ""companyId"": ""4906"", ""data"": [[5, ""115/08/10"", ""17:48:24"", ""楊正任"", ""執行董事"", ""03-5985535"", ""公告本公司董事會決議發行國內第七次及\r\n第八次無擔保轉換公司債"", ""11"", ""115/08/10"", ""1.董事會決議日期:115/08/10\n2.名稱﹝XX公司第X次（有、無）擔保公司債﹞:\n(1)正文科技股份有限公司國內第七次無擔保轉換公司債\n(2)正文科技股份有限公司國內第八次無擔保轉換公司債\n3.是否採總括申報發行公司債(是/否):否\n4.發行總額:\n(1)國內第七次無擔保轉換公司債：發行總面額上限為新台幣壹拾貳億元整\n(2)國內第八次無擔保轉換公司債：發行總面額上限為新台幣捌億元整\n5.每張面額:\n(1)國內第七次無擔保轉換公司債：新台幣壹拾萬元整\n(2)國內第八次無擔保轉換公司債：新台幣壹拾萬元整\n6.發行價格:\n(1)國內第七次無擔保轉換公司債：暫定依票面金額之100.5%~101%發行　\n(2)國內第八次無擔保轉換公司債：暫定底標以不低於面額之101%發行，\n實際總發行金額依競價拍賣結果而定。\n7.發行期間:\n(1)國內第七次無擔保轉換公司債：3年\n(2)國內第八次無擔保轉換公司債：3年\n8.發行利率:\n(1)國內第七次無擔保轉換公司債：票面利率0%\n(2)國內第八次無擔保轉換公司債：票面利率0%\n9.擔保品之種類、名稱、金額及約定事項:不適用\n10.募得價款之用途及運用計畫:償還銀行借款\n11.承銷方式:\n(1)國內第七次無擔保轉換公司債：採詢價圈購方式辦理公開承銷\n(2)國內第八次無擔保轉換公司債：採競價拍賣方式辦理公開承銷\n12.公司債受託人:授權董事長決定之\n13.承銷或代銷機構:凱基證券股份有限公司\n14.發行保證人:不適用\n15.代理還本付息機構:永豐金證券股份有限公司股務代理部\n16.簽證機構:不適用\n17.能轉換股份者，其轉換辦法:相關辦法授權董事長視金融市場狀況決定\n、依相關法令規定辦理，並報相關主管機關申報生效後另行公告。\n18.賣回條件:相關辦法授權董事長視金融市場狀況決定、依相關法令規定\n辦理，並報相關主管機關申報生效後另行公告。\n19.買回條件:相關辦法授權董事長視金融市場狀況決定、依相關法令規定\n辦理，並報相關主管機關申報生效後另行公告。\n20.附有轉換、交換或認股者，其換股基準日:相關辦法授權董事長視金融\n市場狀況決定、依相關法令規定辦理，並報相關主管機關申報生效後另行　\n公告。\n21.附有轉換、交換或認股者，對股權可能稀釋情形:相關辦法授權董事長\n視金融市場狀況決定、依相關法令規定辦理，並報相關主管機關申報生效\n後另行公告。\n22.現金減資後再行募資之合理性及必要性\n(募資當年度及前一年度有辦理現金減資者適用):不適用\n23.其他應敘明事項:本次發行國內第七次及第八次無擔保轉換公司債之發行\n條件、發行時程及發行及轉換辦法之訂定，以及計畫所需資金總額、資金\n來源、計畫項目、資金運用進度、預計可能產生效益及其他發行相關事宜\n，如遇有法令變更，經主管機關修正或因應主客觀環境因素而需訂定或修\n正時，擬授權董事長全權處理之。""]], ""footer"": [""以上資料均由各公司依發言當時所屬市場別之規定申報後，由本系統對外公佈，資料如有虛偽不實，均由該公司負責。""], ""header"": {""note"": [], ""subTitle"": [], ""mainTitle"": [""公司當日重大訊息之詳細內容""]}, ""titles"": [{""main"": ""序號"", ""sub"": []}, {""main"": ""發言日期"", ""sub"": []}, {""main"": ""發言時間"", ""sub"": []}, {""main"": ""發言人"", ""sub"": []}, {""main"": ""發言人職稱"", ""sub"": []}, {""main"": ""發言人電話"", ""sub"": []}, {""main"": ""主旨"", ""sub"": []}, {""main"": ""符合條款"", ""sub"": []}, {""main"": ""事實發生日"", ""sub"": []}, {""main"": ""說明"", ""sub"": []}], ""companyAbbreviation"": ""正文""}, ""datetime"": ""115/08/11 18:49:02""}",2026-08-11 18:48:55
1150810|sii|2426|2,115/08/10,17:56:13,2426,鼎元,公告本公司董事會決議通過增加115年度資本支出預算案,資本支出,1150810,sii,2,"{""code"": 200, ""message"": ""查詢成功"", ""result"": {""marketName"": ""上市公司"", ""companyId"": ""2426"", ""data"": [[2, ""115/08/10"", ""17:56:13"", ""邱美玲"", ""副總經理"", ""037-582997"", ""公告本公司董事會決議通過增加115年度資本支出預算案"", ""15"", ""115/08/10"", ""1.董事會或股東會決議日期:115/08/10\n2.投資計畫內容:機器設備與擴建無塵室\n3.預計投資金額:新台幣12.61億元\n4.預計投資日期:預計自2026年第3季起陸續投資\n5.資金來源:自有資金或資本籌措等方式支應\n6.具體目的:產能擴充\n7.其他應敘明事項:無""]], ""footer"": [""以上資料均由各公司依發言當時所屬市場別之規定申報後，由本系統對外公佈，資料如有虛偽不實，均由該公司負責。""], ""header"": {""note"": [], ""subTitle"": [], ""mainTitle"": [""公司當日重大訊息之詳細內容""]}, ""titles"": [{""main"": ""序號"", ""sub"": []}, {""main"": ""發言日期"", ""sub"": []}, {""main"": ""發言時間"", ""sub"": []}, {""main"": ""發言人"", ""sub"": []}, {""main"": ""發言人職稱"", ""sub"": []}, {""main"": ""發言人電話"", ""sub"": []}, {""main"": ""主旨"", ""sub"": []}, {""main"": ""符合條款"", ""sub"": []}, {""main"": ""事實發生日"", ""sub"": []}, {""main"": ""說明"", ""sub"": []}], ""companyAbbreviation"": ""鼎元""}, ""datetime"": ""115/08/11 18:49:02""}",2026-08-11 18:48:55
1150810|sii|2426|3,115/08/10,17:56:37,2426,鼎元,公告本公司董事會決議辦理現金增資發行新股,現金增資,1150810,sii,3,"{""code"": 200, ""message"": ""查詢成功"", ""result"": {""marketName"": ""上市公司"", ""companyId"": ""2426"", ""data"": [[3, ""115/08/10"", ""17:56:37"", ""邱美玲"", ""副總經理"", ""037-582997"", ""公告本公司董事會決議辦理現金增資發行新股"", ""11"", ""115/08/10"", ""1.董事會決議日期:115/08/10\n2.增資資金來源:現金增資發行普通股\n3.是否採總括申報發行新股(是，請併敘明預定發行期間/否):否\n4.全案發行總金額及股數(如屬盈餘或公積轉增資，發行股數則不含配發給員工部分):\n本公司擬辦理現金增資發行普通股，上限為15,000仟股。\n5.採總括申報發行新股案件，本次發行金額及股數:不適用。\n6.採總括申報發行新股案件，本次發行後，剩餘之金額及股數餘額:不適用。\n7.每股面額:新台幣10元。\n8.發行價格:依實際俟奉主管機關申報生效後依法令規定辦理，發行價格之訂價方式\n謹依「中華民國證券商同業公會承銷商會員輔導發行公司募集與發行有價證券自律\n規則」第六條規定，於向金管會申報及除權交易日前五個營業日，皆不得低於其前\n一、三、五個營業日擇一計算之普通股收盤價簡單算術平均數扣除無償配股除權\n(或減資除權)及除息後平均股價之七成，擬授權董事長於上述額度內，依照前述規\n則計算之基準價格之70%~100%區間內洽主辦承銷商依當時市場狀況共同議定之。\n9.員工認購股數或配發金額:\n依公司法第267條規定保留發行新股總額之10%，由本公司及從屬公司員工認購。\n10.公開銷售股數:依證交法第28條之1規定提撥發行股數之10%，對外公開承銷。\n11.原股東認購或無償配發比例:餘發行股數之80%，由原股東按增資認股基準日股東\n名冊記載之股東及其持有股份比例分別認購。\n12.畸零股及逾期未認購股份之處理方式:\n原股東認購不足一股之畸零股得由股東在認股基準日起五日內，逕由股東自行併湊\n，其併湊不足一股之畸零股及原股東、員工與對外公開承銷放棄認購或認購不足及\n逾期未申報併湊之部分，擬授權董事長洽特定人認購之。\n13.本次發行新股之權利義務:\n本次現金增資所發行之新股與原發行股份之權利義務相同。\n14.本次增資資金用途:購置機器設備、擴建無塵室。\n15.現金減資後再行募資之合理性及必要性\n(募資當年度及前一年度有辦理現金減資者適用):不適用。\n16.其他應敘明事項:\n(1)本計畫現金增資發行普通股部分，如每股實際發行價格因市場變動而調整，\n致募集資金不足時，不足額部份以自有資金或銀行借款支應；惟若募集資金\n增加時，募集增加之資金將全數用以充實營運資金。\n(2)本次現金增資案於呈奉主管機關核准後，授權董事長另訂認股基準日、\n增資基準日及辦理與本次增資相關事宜。\n(3)本次發行新股所訂之發行股數、發行條件、計畫項目、資金運用進度暨\n其他有關本次現金增資之事項，如經主管機關修正及基於營運評估或因應\n客觀環境而需修正者，授權董事長視實際情況全權處理之。\n(4)為配合前揭現金增資發行新股籌資計畫之相關發行作業，擬授權本公司\n董事長核可並代表本公司簽署一切有關辦理現金增資發行新股之契約、文件\n及辦理相關發行事宜。""]], ""footer"": [""以上資料均由各公司依發言當時所屬市場別之規定申報後，由本系統對外公佈，資料如有虛偽不實，均由該公司負責。""], ""header"": {""note"": [], ""subTitle"": [], ""mainTitle"": [""公司當日重大訊息之詳細內容""]}, ""titles"": [{""main"": ""序號"", ""sub"": []}, {""main"": ""發言日期"", ""sub"": []}, {""main"": ""發言時間"", ""sub"": []}, {""main"": ""發言人"", ""sub"": []}, {""main"": ""發言人職稱"", ""sub"": []}, {""main"": ""發言人電話"", ""sub"": []}, {""main"": ""主旨"", ""sub"": []}, {""main"": ""符合條款"", ""sub"": []}, {""main"": ""事實發生日"", ""sub"": []}, {""main"": ""說明"", ""sub"": []}], ""companyAbbreviation"": ""鼎元""}, ""datetime"": ""115/08/11 18:49:03""}",2026-08-11 18:48:55
1150810|sii|3016|1,115/08/10,18:26:09,3016,嘉晶,公告本公司國內第六次無擔保轉換公司債之轉換價格及溢價率,公司債,1150810,sii,1,"{""code"": 200, ""message"": ""查詢成功"", ""result"": {""marketName"": ""上市公司"", ""companyId"": ""3016"", ""data"": [[1, ""115/08/10"", ""18:26:09"", ""范桂榮"", ""發言人"", ""03-5632255"", ""公告本公司國內第六次無擔保轉換公司債之轉換價格及溢價率"", ""51"", ""115/08/10"", ""1.事實發生日:115/08/10\n2.公司名稱:嘉晶電子股份有限公司\n3.與公司關係(請輸入本公司或子公司):本公司\n4.相互持股比例:不適用\n5.發生緣由:依據本公司「國內第六次無擔保轉換公司債發行及轉換辦法」辦理\n6.因應措施:無\n7.其他應敘明事項(若事件發生或決議之主體係屬公開發行以上公司，本則重大訊息同時\n  符合證券交易法施行細則第7條第9款所定對股東權益或證券價格有重大影響之事項):\n(1)本公司發行國內第六次無擔保轉換公司債業經金融監督管理委員會於\n民國115年7月31日金管證發字第11503504611號函同意申報生效在案。\n(2)以民國115年8月10日為轉換價格訂價基準日，其之前五個營業日普通股收盤價之簡\n單算術平均數97.62元為基準價格，轉換溢價率為107.56%。\n(3)以上述方式訂定轉換價格為每股新台幣105.0元。""]], ""footer"": [""以上資料均由各公司依發言當時所屬市場別之規定申報後，由本系統對外公佈，資料如有虛偽不實，均由該公司負責。""], ""header"": {""note"": [], ""subTitle"": [], ""mainTitle"": [""公司當日重大訊息之詳細內容""]}, ""titles"": [{""main"": ""序號"", ""sub"": []}, {""main"": ""發言日期"", ""sub"": []}, {""main"": ""發言時間"", ""sub"": []}, {""main"": ""發言人"", ""sub"": []}, {""main"": ""發言人職稱"", ""sub"": []}, {""main"": ""發言人電話"", ""sub"": []}, {""main"": ""主旨"", ""sub"": []}, {""main"": ""符合條款"", ""sub"": []}, {""main"": ""事實發生日"", ""sub"": []}, {""main"": ""說明"", ""sub"": []}], ""companyAbbreviation"": ""嘉晶""}, ""datetime"": ""115/08/11 18:49:04""}",2026-08-11 18:48:55
1150810|sii|4958|1,115/08/10,18:30:05,4958,臻鼎-KY,代子公司禮鼎半導體科技(深圳)股份有限公司公告取得機器設備,機器設備,1150810,sii,1,"{""code"": 200, ""message"": ""查詢成功"", ""result"": {""marketName"": ""上市公司"", ""companyId"": ""4958"", ""data"": [[1, ""115/08/10"", ""18:30:05"", ""凌惇"", ""資深經理"", ""03-3835678"", ""代子公司禮鼎半導體科技(深圳)股份有限公司公告取得機器設備"", ""20"", ""115/08/10"", ""1.標的物之名稱及性質（如坐落台中市北區ＸＸ段ＸＸ小段土地）:\r\n機器設備\r\n2.事實發生日:114/8/11~115/8/10\r\n3.董事會通過日期: 不適用\r\n4.其他核決日期:\r\n核決層級:總經理核決\r\n民國115年8月10日\r\n5.交易單位數量（如ＸＸ平方公尺，折合ＸＸ坪）、每單位價格及交易總金額:\r\n交易數量:一批\n交易總金額:新台幣1,060,995,838元\r\n6.交易相對人及其與公司之關係（交易相對人如屬自然人，且非公司之關\r\n係人者，得免揭露其姓名）:\r\n交易相對人:GIGAVIS CO.,LTD\n與公司之關係:無\r\n7.交易相對人為關係人者，並應公告選定關係人為交易對象之原因及前次移轉之\r\n所有人、前次移轉之所有人與公司及交易相對人間相互之關係、前次移轉日期\r\n及移轉金額:\r\n不適用\r\n8.交易標的最近五年內所有權人曾為公司之關係人者，尚應公告關係\r\n人之取得及處分日期、價格及交易當時與公司之關係:\r\n不適用\r\n9.預計處分利益（或損失）（取得資產者不適用）（遞延者應列表說明\r\n認列情形）:\r\n不適用\r\n10.交付或付款條件（含付款期間及金額）、契約限制條款及其他重要約定\r\n事項:\r\n依採購合約規定\r\n11.本次交易之決定方式（如招標、比價或議價）、價格決定之參考依據及\r\n決策單位:\r\n交易決定方式:比價及議價\n價格決定之參考依據:依市場行情\n決策單位:依公司核決權限決定\r\n12.專業估價者事務所或公司名稱及其估價金額:\r\n不適用\r\n13.專業估價師姓名:\r\n不適用\r\n14.專業估價師開業證書字號:\r\n不適用\r\n15.估價報告是否為限定價格、特定價格或特殊價格:否或不適用\r\n16.是否尚未取得估價報告:否或不適用\r\n17.尚未取得估價報告之原因:\r\n不適用\r\n18.估價結果有重大差異時，其差異原因及會計師意見:\r\n不適用\r\n19.會計師事務所名稱:\r\n不適用\r\n20.會計師姓名:\r\n不適用\r\n21.會計師開業證書字號:\r\n不適用\r\n22.經紀人及經紀費用:\r\n無\r\n23.取得或處分之具體目的或用途:\r\n供營業使用\r\n24.本次交易表示異議之董事之意見:\r\n不適用\r\n25.本次交易為關係人交易:否\r\n26.監察人承認或審計委員會同意日期:\r\n不適用\r\n27.本次交易係向關係人取得不動產或其使用權資產:否\r\n28.依「公開發行公司取得或處分資產處理準則」第十六條規定\r\n評估之價格:不適用\r\n29.依前項評估之價格較交易價格為低者，依同準則第十七條規\r\n定評估之價格:不適用\r\n30.前已就同一件事件發布重大訊息日期: 不適用\r\n31.其他敘明事項:\r\n無""]], ""footer"": [""以上資料均由各公司依發言當時所屬市場別之規定申報後，由本系統對外公佈，資料如有虛偽不實，均由該公司負責。""], ""header"": {""note"": [], ""subTitle"": [], ""mainTitle"": [""公司當日重大訊息之詳細內容""]}, ""titles"": [{""main"": ""序號"", ""sub"": []}, {""main"": ""發言日期"", ""sub"": []}, {""main"": ""發言時間"", ""sub"": []}, {""main"": ""發言人"", ""sub"": []}, {""main"": ""發言人職稱"", ""sub"": []}, {""main"": ""發言人電話"", ""sub"": []}, {""main"": ""主旨"", ""sub"": []}, {""main"": ""符合條款"", ""sub"": []}, {""main"": ""事實發生日"", ""sub"": []}, {""main"": ""說明"", ""sub"": []}], ""companyAbbreviation"": ""臻鼎-KY""}, ""datetime"": ""115/08/11 18:49:05""}",2026-08-11 18:48:55
1150803|sii|4566|3,115/08/10,18:40:00,4566,時碩工業,本公司董事會決議國內第三次無擔保轉換公司債轉換普通股之增資基準日,公司債,1150803,sii,3,"{""code"": 200, ""message"": ""查詢成功"", ""result"": {""marketName"": ""上市公司"", ""companyId"": ""4566"", ""data"": [[3, ""115/08/10"", ""18:40:00"", ""林宜正"", ""特別助理"", ""0966-631828"", ""本公司董事會決議國內第三次無擔保轉換公司債轉換普通股\r\n之增資基準日"", ""11"", ""115/08/10"", ""1.董事會決議日期:115/08/10\n2.增資資金來源:國內第三次無擔保轉換公司債轉換。\n3.是否採總括申報發行新股(是，請併敘明預定發行期間/否):否\n4.全案發行總金額及股數(如屬盈餘或公積轉增資，發行股數則不含配發給員工部分):\n發行普通股新股97,955股，面額計新台幣979,550元。\n5.採總括申報發行新股案件，本次發行金額及股數:不適用。\n6.採總括申報發行新股案件，本次發行後，剩餘之金額及股數餘額:不適用。\n7.每股面額:新台幣10元。\n8.發行價格:每股轉換價格新台幣49.00元。\n9.員工認購股數或配發金額:不適用。\n10.公開銷售股數:不適用。\n11.原股東認購或無償配發比例:不適用。\n12.畸零股及逾期未認購股份之處理方式:不適用。\n13.本次發行新股之權利義務:與原發行普通股相同。\n14.本次增資資金用途:不適用。\n15.現金減資後再行募資之合理性及必要性\n(募資當年度及前一年度有辦理現金減資者適用):不適用。\n16.其他應敘明事項:\n (1)增資基準日訂為115年8月10日。""]], ""footer"": [""以上資料均由各公司依發言當時所屬市場別之規定申報後，由本系統對外公佈，資料如有虛偽不實，均由該公司負責。""], ""header"": {""note"": [], ""subTitle"": [], ""mainTitle"": [""公司當日重大訊息之詳細內容""]}, ""titles"": [{""main"": ""序號"", ""sub"": []}, {""main"": ""發言日期"", ""sub"": []}, {""main"": ""發言時間"", ""sub"": []}, {""main"": ""發言人"", ""sub"": []}, {""main"": ""發言人職稱"", ""sub"": []}, {""main"": ""發言人電話"", ""sub"": []}, {""main"": ""主旨"", ""sub"": []}, {""main"": ""符合條款"", ""sub"": []}, {""main"": ""事實發生日"", ""sub"": []}, {""main"": ""說明"", ""sub"": []}], ""companyAbbreviation"": ""時碩工業""}, ""datetime"": ""115/08/11 18:49:05""}",2026-08-11 18:48:55
1150803|sii|4566|4,115/08/10,18:41:07,4566,時碩工業,本公司董事會決議發行國內第四次無擔保轉換公司債,公司債,1150803,sii,4,"{""code"": 200, ""message"": ""查詢成功"", ""result"": {""marketName"": ""上市公司"", ""companyId"": ""4566"", ""data"": [[4, ""115/08/10"", ""18:41:07"", ""林宜正"", ""特別助理"", ""0966-631828"", ""本公司董事會決議發行國內第四次無擔保轉換公司債"", ""11"", ""115/08/10"", ""1.董事會決議日期:115/08/10\n2.名稱﹝XX公司第X次（有、無）擔保公司債﹞:\n  時碩工業股份有限公司國內第四次無擔保轉換公司債。\n3.是否採總括申報發行公司債(是/否):否\n4.發行總額:發行總面額上限為新台幣 1,000,000仟元整。\n5.每張面額:新台幣壹拾萬元整。\n6.發行價格:依票面金額之100%發行。\n7.發行期間:三年。\n8.發行利率:票面年利率為0%。\n9.擔保品之種類、名稱、金額及約定事項:不適用。\n10.募得價款之用途及運用計畫:償還銀行借款與充實營運資金之資金需求。\n11.承銷方式:採詢價圈購方式辦理公開承銷。\n12.公司債受託人:授權董事長決定。\n13.承銷或代銷機構:台新綜合證券股份有限公司。\n14.發行保證人:不適用。\n15.代理還本付息機構:本公司股務代理機構凱基證券股份有限公司。\n16.簽證機構:不適用，不印製實體有價證券為之。\n17.能轉換股份者，其轉換辦法:\n  將依有關法令辦理，並報准證券主管機關後另行公告。\n18.賣回條件:\n  將依有關法令辦理，並報准證券主管機關後另行公告。\n19.買回條件:\n  將依有關法令辦理，並報准證券主管機關後另行公告。\n20.附有轉換、交換或認股者，其換股基準日:\n  將依有關法令辦理，並報准證券主管機關後另行公告。\n21.附有轉換、交換或認股者，對股權可能稀釋情形:\n  將依有關法令辦理，並報准證券主管機關後另行公告。\n22.現金減資後再行募資之合理性及必要性\n(募資當年度及前一年度有辦理現金減資者適用):不適用。\n23.其他應敘明事項:\n一、為配合本次發行國內第四次無擔保轉換公司債發行作業，擬授權董事長代表\n本公司簽署一切有關發行之相關契約及文件，並代表本公司辦理相關發行事宜。\n二、本次發行轉換公司債之主要內容(包括但不限於資金來源、發行額度、發行\n條件、資金運用計劃、預定進度、預計可能效益、募集時點等)及其他與本次發行　\n相關事宜如經主管機關指示，相關法令規則修正或有未盡事宜，或因客觀環境而\n需變更時，包括向主管機關申請延期或撤銷及其他相關事宜，擬請董事會授權\n董事長得全權處理。""]], ""footer"": [""以上資料均由各公司依發言當時所屬市場別之規定申報後，由本系統對外公佈，資料如有虛偽不實，均由該公司負責。""], ""header"": {""note"": [], ""subTitle"": [], ""mainTitle"": [""公司當日重大訊息之詳細內容""]}, ""titles"": [{""main"": ""序號"", ""sub"": []}, {""main"": ""發言日期"", ""sub"": []}, {""main"": ""發言時間"", ""sub"": []}, {""main"": ""發言人"", ""sub"": []}, {""main"": ""發言人職稱"", ""sub"": []}, {""main"": ""發言人電話"", ""sub"": []}, {""main"": ""主旨"", ""sub"": []}, {""main"": ""符合條款"", ""sub"": []}, {""main"": ""事實發生日"", ""sub"": []}, {""main"": ""說明"", ""sub"": []}], ""companyAbbreviation"": ""時碩工業""}, ""datetime"": ""115/08/11 18:49:06""}",2026-08-11 18:48:55
1150803|sii|4566|5,115/08/10,18:44:57,4566,時碩工業,"本公司董事會通過子公司GLOBALTEKGROUP(THAI)CO.,LTD.增加115年度資本支出金額泰銖233,389仟元案",資本支出,1150803,sii,5,"{""code"": 200, ""message"": ""查詢成功"", ""result"": {""marketName"": ""上市公司"", ""companyId"": ""4566"", ""data"": [[5, ""115/08/10"", ""18:44:57"", ""林宜正"", ""特別助理"", ""0966-631828"", ""本公司董事會通過子公司GLOBAL TEK GROUP (THAI)\r\nCO., LTD.增加115年度資本支出金額泰銖233,389仟元案"", ""15"", ""115/08/10"", ""1.董事會或股東會決議日期:115/08/10\n2.投資計畫內容:子公司GLOBAL TEK GROUP (THAI) CO., LTD.增加115年度資本支出案。\n3.預計投資金額:泰銖233,389仟元。\n4.預計投資日期:依規劃時程，分期投入。\n5.資金來源:自有資金及銀行借款。\n6.具體目的:因應新專案開發及後續量產需求，以提升產能及滿足客戶需求。\n7.其他應敘明事項:無。""]], ""footer"": [""以上資料均由各公司依發言當時所屬市場別之規定申報後，由本系統對外公佈，資料如有虛偽不實，均由該公司負責。""], ""header"": {""note"": [], ""subTitle"": [], ""mainTitle"": [""公司當日重大訊息之詳細內容""]}, ""titles"": [{""main"": ""序號"", ""sub"": []}, {""main"": ""發言日期"", ""sub"": []}, {""main"": ""發言時間"", ""sub"": []}, {""main"": ""發言人"", ""sub"": []}, {""main"": ""發言人職稱"", ""sub"": []}, {""main"": ""發言人電話"", ""sub"": []}, {""main"": ""主旨"", ""sub"": []}, {""main"": ""符合條款"", ""sub"": []}, {""main"": ""事實發生日"", ""sub"": []}, {""main"": ""說明"", ""sub"": []}], ""companyAbbreviation"": ""時碩工業""}, ""datetime"": ""115/08/11 18:49:06""}",2026-08-11 18:48:55
1150810|sii|6533|3,115/08/10,20:01:09,6533,晶心科,公告本公司現金增資認股基準日及相關事宜,現金增資,1150810,sii,3,"{""code"": 200, ""message"": ""查詢成功"", ""result"": {""marketName"": ""上市公司"", ""companyId"": ""6533"", ""data"": [[3, ""115/08/10"", ""20:01:09"", ""李耿民"", ""董事長特別助理"", ""03-5726533"", ""公告本公司現金增資認股基準日及相關事宜"", ""11"", ""115/08/10"", ""1.董事會決議或公司決定增資基準日期:115/08/10\n2.是否採總括申報發行新股(是，請併敘明預定發行期間/否):否\n3.主管機關申報生效日期:115/08/10\n4.董事會決議(追補)發行日期:115/05/11\n5.發行總金額及股數:\n發行總金額：發行總面額新台幣68,000,000元。\n發行總股數：普通股6,800,000股\n6.採總括申報發行新股案件，本次發行金額及股數:不適用\n7.採總括申報發行新股案件，本次發行後，剩餘之金額及股數餘額:不適用\n8.每股面額:新台幣10元\n9.發行價格:實際發行價格於訂定後另行公告。\n10.員工認股股數:\n依公司法第267條規定，保留發行新股總額10%計680,000股由本公司員工認購。\n11.原股東認購比率:\n80%，計5,440,000股，由原股東按照認股基準日股東名簿記載之持股比例認購，\n每仟股可認購107.40181948股。\n12.公開銷售方式及股數:\n依證券交易法第28條之1規定，提撥發行新股總額10%計680,000股對外公開承銷。\n13.畸零股及逾期未認購股份之處理方式:\n原股東認購不足一股之畸零股得由股東自行在停止過戶日起五日內，逕向本公司\n股務代理機構辦理拼湊成一整股認購，其拼湊不足一股之畸零股及原股東、員工\n放棄認購或認購不足及逾期未辦理拼湊之部份，擬授權董事長洽特定人按發行價\n格認購。\n14.本次發行新股之權利義務:與原已發行之股份相同。\n15.本次增資資金用途:充實營運資金。\n16.現金增資認股基準日:115/09/13\n17.最後過戶日:115/09/08\n18.停止過戶起始日期:115/09/09\n19.停止過戶截止日期:115/09/13\n20.股款繳納期間:\n原股東及員工股款繳納期間：115年9月17日至115年10月19日\n特定人認股繳款日期：115年10月20日至115年10月27日\n21.與代收及專戶存儲價款行庫訂約日期:俟正式簽約後再另行公告\n22.委託代收存款機構:俟正式簽約後再另行公告\n23.委託存儲款項機構:俟正式簽約後再另行公告\n24.其他應敘明事項:\n(1)本公司辦理115年現金增資發行新股6,800,000股乙案，業經金管會115年\n   8月10日金管證發字第1150350140號函生效在案。\n(2)最後過戶日:115年9月8日\n(3)本次現金增資發行計劃所訂之內容及其他相關未盡事宜，如遇法令變更、\n   經主管機關修正、客觀環境改變或因應主客觀環境需要而須修正或調整時\n   ，包括向主管機關申請延期或撤銷，授權董事長得全權辦理修正或調整。""]], ""footer"": [""以上資料均由各公司依發言當時所屬市場別之規定申報後，由本系統對外公佈，資料如有虛偽不實，均由該公司負責。""], ""header"": {""note"": [], ""subTitle"": [], ""mainTitle"": [""公司當日重大訊息之詳細內容""]}, ""titles"": [{""main"": ""序號"", ""sub"": []}, {""main"": ""發言日期"", ""sub"": []}, {""main"": ""發言時間"", ""sub"": []}, {""main"": ""發言人"", ""sub"": []}, {""main"": ""發言人職稱"", ""sub"": []}, {""main"": ""發言人電話"", ""sub"": []}, {""main"": ""主旨"", ""sub"": []}, {""main"": ""符合條款"", ""sub"": []}, {""main"": ""事實發生日"", ""sub"": []}, {""main"": ""說明"", ""sub"": []}], ""companyAbbreviation"": ""晶心科""}, ""datetime"": ""115/08/11 18:49:08""}",2026-08-11 18:48:55
1150811|sii|6446|3,115/08/11,04:31:15,6446,藥華藥,公告本公司庫藏股轉讓員工之認股基準日,庫藏股,1150811,sii,3,"{""code"": 200, ""message"": ""查詢成功"", ""result"": {""marketName"": ""上市公司"", ""companyId"": ""6446"", ""data"": [[3, ""115/08/11"", ""04:31:15"", ""林國鐘"", ""執行長"", ""(02)26557688"", ""公告本公司庫藏股轉讓員工之認股基準日"", ""51"", ""115/08/10"", ""1.事實發生日:115/08/10\n2.公司名稱:藥華醫藥股份有限公司\n3.與公司關係(請輸入本公司或子公司):本公司\n4.相互持股比例:不適用\n5.發生緣由:本公司董事會決議庫藏股轉讓予員工並訂定認股基準日。\n6.因應措施:\n(1)依據本公司「2023年第1次買回股份轉讓員工辦法」之規定辦理，本次預計\n   轉讓600,000股予員工。\n(2)員工認股基準日訂為2026年8月11日。\n7.其他應敘明事項(若事件發生或決議之主體係屬公開發行以上公司，本則重大訊息同時\n  符合證券交易法施行細則第7條第9款所定對股東權益或證券價格有重大影響之事項):\n 無。""]], ""footer"": [""以上資料均由各公司依發言當時所屬市場別之規定申報後，由本系統對外公佈，資料如有虛偽不實，均由該公司負責。""], ""header"": {""note"": [], ""subTitle"": [], ""mainTitle"": [""公司當日重大訊息之詳細內容""]}, ""titles"": [{""main"": ""序號"", ""sub"": []}, {""main"": ""發言日期"", ""sub"": []}, {""main"": ""發言時間"", ""sub"": []}, {""main"": ""發言人"", ""sub"": []}, {""main"": ""發言人職稱"", ""sub"": []}, {""main"": ""發言人電話"", ""sub"": []}, {""main"": ""主旨"", ""sub"": []}, {""main"": ""符合條款"", ""sub"": []}, {""main"": ""事實發生日"", ""sub"": []}, {""main"": ""說明"", ""sub"": []}], ""companyAbbreviation"": ""藥華藥""}, ""datetime"": ""115/08/11 18:49:08""}",2026-08-11 18:48:55
1150811|sii|8478|1,115/08/11,07:59:28,8478,東哥遊艇,(更正)公告本公司決議買回並註銷國內第一次無擔保轉換公司債,公司債,1150811,sii,1,"{""code"": 200, ""message"": ""查詢成功"", ""result"": {""marketName"": ""上市公司"", ""companyId"": ""8478"", ""data"": [[1, ""115/08/11"", ""07:59:28"", ""曾雄威"", ""總經理"", ""0906958478"", ""(更正)公告本公司決議買回並註銷國內第一次無擔保轉換公司債"", ""51"", ""115/08/10"", ""1.事實發生日:115/08/10\n2.公司名稱:東哥企業股份有限公司\n3.與公司關係(請輸入本公司或子公司):本公司\n4.相互持股比例:不適用\n5.發生緣由:本公司決議買回國內第一次無擔保轉換公司債\n (1)預定買回張數：2,000張。\n (2)預定買回價格：100元內。\n (3)預定買回期間：自115年8月10日起至116年6月30日止。\n6.因應措施:無。\n7.其他應敘明事項(若事件發生或決議之主體係屬公開發行以上公司，本則重大訊息同時\n  符合證券交易法施行細則第7條第9款所定對股東權益或證券價格有重大影響之事項):無。""]], ""footer"": [""以上資料均由各公司依發言當時所屬市場別之規定申報後，由本系統對外公佈，資料如有虛偽不實，均由該公司負責。""], ""header"": {""note"": [], ""subTitle"": [], ""mainTitle"": [""公司當日重大訊息之詳細內容""]}, ""titles"": [{""main"": ""序號"", ""sub"": []}, {""main"": ""發言日期"", ""sub"": []}, {""main"": ""發言時間"", ""sub"": []}, {""main"": ""發言人"", ""sub"": []}, {""main"": ""發言人職稱"", ""sub"": []}, {""main"": ""發言人電話"", ""sub"": []}, {""main"": ""主旨"", ""sub"": []}, {""main"": ""符合條款"", ""sub"": []}, {""main"": ""事實發生日"", ""sub"": []}, {""main"": ""說明"", ""sub"": []}], ""companyAbbreviation"": ""東哥遊艇""}, ""datetime"": ""115/08/11 18:49:09""}",2026-08-11 18:48:55
1150811|sii|2033|2,115/08/11,14:16:41,2033,佳大,公告本公司115年第1次私募普通股收足股款。暨增資基準日,私募普通股,1150811,sii,2,"{""code"": 200, ""message"": ""查詢成功"", ""result"": {""marketName"": ""上市公司"", ""companyId"": ""2033"", ""data"": [[2, ""115/08/11"", ""14:16:41"", ""王秋月"", ""財務主管"", ""(06)253-3117"", ""公告本公司115年第1次私募普通股收足股款。\r\n暨增資基準日"", ""51"", ""115/08/11"", ""1.事實發生日:115/08/11\n2.公司名稱:佳大世界股份有限公司\n3.與公司關係(請輸入本公司或子公司):本公司。\n4.相互持股比例:不適用。\n5.發生緣由:\n (1).依本公司115年08月5日股東臨時會及115年8月5日董事會\n     決議辦理。\n (2).本次私募普通股39,305,464股,實際私募價格為每股\n     新台幣13.185元總金額為新台幣518,242,543元,已於\n     115年08月11日收足股款。\n (3).增資基準日為115年8月14日。\n6.因應措施:無。\n7.其他應敘明事項(若事件發生或決議之主體係屬公開發行以上公司，本則重大訊息同時\n  符合證券交易法施行細則第7條第9款所定對股東權益或證券價格有重大影響之事項):\n 本次私募普通股相關事宜，請至公開資訊觀測站私募專區查詢。""]], ""footer"": [""以上資料均由各公司依發言當時所屬市場別之規定申報後，由本系統對外公佈，資料如有虛偽不實，均由該公司負責。""], ""header"": {""note"": [], ""subTitle"": [], ""mainTitle"": [""公司當日重大訊息之詳細內容""]}, ""titles"": [{""main"": ""序號"", ""sub"": []}, {""main"": ""發言日期"", ""sub"": []}, {""main"": ""發言時間"", ""sub"": []}, {""main"": ""發言人"", ""sub"": []}, {""main"": ""發言人職稱"", ""sub"": []}, {""main"": ""發言人電話"", ""sub"": []}, {""main"": ""主旨"", ""sub"": []}, {""main"": ""符合條款"", ""sub"": []}, {""main"": ""事實發生日"", ""sub"": []}, {""main"": ""說明"", ""sub"": []}], ""companyAbbreviation"": ""佳大""}, ""datetime"": ""115/08/11 18:49:09""}",2026-08-11 18:48:55
1150811|sii|6225|2,115/08/11,14:41:16,6225,天瀚,"公告本公司115年現金增資認股基準日,發行價格及繳款期間等相關事宜(補充公告每股增資發行價格、代收股款及存儲專戶行庫)",現金增資,1150811,sii,2,"{""code"": 200, ""message"": ""查詢成功"", ""result"": {""marketName"": ""上市公司"", ""companyId"": ""6225"", ""data"": [[2, ""115/08/11"", ""14:41:16"", ""鄭又晉"", ""董事長"", ""02-27771215"", ""公告本公司115年現金增資認股基準日,發行價格及繳款期間\r\n等相關事宜(補充公告每股增資發行價格、代收股款及存儲專戶\r\n行庫)"", ""11"", ""115/08/11"", ""1.董事會決議或公司決定增資基準日期:115/08/03\n2.是否採總括申報發行新股(是，請併敘明預定發行期間/否):否\n3.主管機關申報生效日期:115/07/30\n4.董事會決議(追補)發行日期:115/06/22\n5.發行總金額及股數:發行總面額為新台幣322,000仟元/發行總股數:32,200仟股\n6.採總括申報發行新股案件，本次發行金額及股數:不適用。\n7.採總括申報發行新股案件，本次發行後，剩餘之金額及股數餘額:不適用。\n8.每股面額:新臺幣10元\n9.發行價格:每股新臺幣17.65元\n10.員工認股股數:\n依公司法第267條規定,保留發行總數15%計4,830,000股,由員工認購。\n11.原股東認購比率:每仟股認購868.70503597股(以現行實收資本額計)\n即發行新股總數(32,200千股)之75%,共計24,150千股由原股東按認股基準日\n股東名簿記載之持股比例認購。\n12.公開銷售方式及股數:\n依證交法第28-1條規定提撥增資發行新股10%,計3,220千股辦理公開申購。\n13.畸零股及逾期未認購股份之處理方式:\n原股東認購不足一股之畸零股，得由股東自停止過戶日起五日內自行向本公司\n股務代理機構辦理拼湊事宜，逾期未辦理拼湊及原股東及員工放棄認購或拼湊\n不足一股之畸零股部份，授權董事長洽特定人按發行價格認購之。\n14.本次發行新股之權利義務:與原有發行之普通股相同。\n15.本次增資資金用途:充實營運資金及購置機器設備。\n16.現金增資認股基準日:115/08/24\n17.最後過戶日:115/08/19\n18.停止過戶起始日期:115/08/20\n19.停止過戶截止日期:115/08/24\n20.股款繳納期間:\n(1)原股東及員工繳款期間：115/09/03~115/09/09\n註:115/09/09至下午3時30分止\n(2)特定人繳款期間：115/09/10~115/09/16\n21.與代收及專戶存儲價款行庫訂約日期:115/08/11\n22.委託代收存款機構:第一銀行大里分行。\n23.委託存儲款項機構:聯邦銀行仁愛分行。\n24.其他應敘明事項:\n(1)本次現金增資發行新股經金融監督管理委員會115年7月30日\n金管證發字第1150348962號函申報生效在案。\n(2)本次現金增資發行計劃所訂之內容及其他相關未盡事宜，如遇法令變更、\n經主管機關修正、客觀環境改變或因應主客觀環境需要而須修正或調整時，\n授權董事長得全權辦理修正或調整。""]], ""footer"": [""以上資料均由各公司依發言當時所屬市場別之規定申報後，由本系統對外公佈，資料如有虛偽不實，均由該公司負責。""], ""header"": {""note"": [], ""subTitle"": [], ""mainTitle"": [""公司當日重大訊息之詳細內容""]}, ""titles"": [{""main"": ""序號"", ""sub"": []}, {""main"": ""發言日期"", ""sub"": []}, {""main"": ""發言時間"", ""sub"": []}, {""main"": ""發言人"", ""sub"": []}, {""main"": ""發言人職稱"", ""sub"": []}, {""main"": ""發言人電話"", ""sub"": []}, {""main"": ""主旨"", ""sub"": []}, {""main"": ""符合條款"", ""sub"": []}, {""main"": ""事實發生日"", ""sub"": []}, {""main"": ""說明"", ""sub"": []}], ""companyAbbreviation"": ""天瀚""}, ""datetime"": ""115/08/11 18:49:10""}",2026-08-11 18:48:55
1150811|sii|4958|2,115/08/11,15:00:26,4958,臻鼎-KY,公告本公司董事會通過發行海外第六次無擔保轉換公司債,公司債,1150811,sii,2,"{""code"": 200, ""message"": ""查詢成功"", ""result"": {""marketName"": ""上市公司"", ""companyId"": ""4958"", ""data"": [[2, ""115/08/11"", ""15:00:26"", ""凌惇"", ""資深經理"", ""03-3835678"", ""公告本公司董事會通過發行海外第六次無擔保轉換公司債"", ""11"", ""115/08/11"", ""1.董事會決議日期:115/08/11\n2.名稱﹝XX公司第X次（有、無）擔保公司債﹞:\n 臻鼎科技控股股份有限公司海外第六次無擔保轉換公司債\n3.是否採總括申報發行公司債(是/否):否\n4.發行總額:暫定以美金8億元為上限(包括超額認購部份)，\n 實際發行金額將依定價日之市場需求狀況決定之。\n5.每張面額:暫定每張債券面額為美金貳拾萬元或如超過美金貳拾萬元，\n 為美金壹拾萬元的整數倍數。\n6.發行價格:暫定依面額之100%發行。\n7.發行期間:暫定5年。\n8.發行利率:暫定票面利率為年利率0%。\n9.擔保品之種類、名稱、金額及約定事項:不適用。\n10.募得價款之用途及運用計畫:為充實營運資金。\n11.承銷方式:本次無擔保海外轉換公司債將於中華民國境外地區發行，\n  並將依照銷售國家的法律與規範及國際市場慣例辦理。所有本公司債將\n  全數對外公開銷售。\n12.公司債受託人:Citicorp International Limited\n13.承銷或代銷機構:Citigroup Global Markets Limited 及\n  Morgan Stanley Asia Limited\n14.發行保證人:不適用\n15.代理還本付息機構:Citibank,N.A.,London Branch\n16.簽證機構:不適用。\n17.能轉換股份者，其轉換辦法:授權董事長或其指定之人視市場情況及實際需要\n  代表本公司全權決定之。\n18.賣回條件:授權董事長或其指定之人視市場情況及實際需要代表本公司全權\n  決定之。\n19.買回條件:授權董事長或其指定之人視市場情況及實際需要代表本公司全權\n  決定之。\n20.附有轉換、交換或認股者，其換股基準日:授權董事長或其指定之人視市場情況\n  及實際需要代表本公司全權決定之。\n21.附有轉換、交換或認股者，對股權可能稀釋情形:視實際發行時轉換溢價率而定。\n22.現金減資後再行募資之合理性及必要性\n(募資當年度及前一年度有辦理現金減資者適用):不適用。\n23.其他應敘明事項:\n(1)本公司債實際之發行總額、發行時點、發行及轉換辦法、掛牌地點、轉換價格、\n   資金運用計畫、預計進度、預計可能產生效益及其他一切與本公司債發行相關之\n   事宜，授權董事長或其指定之人視市場情況及實際需要代表本公司全權決定之。\n(2)任何與本公司債發行有關之事宜，未來如遇有法令變更、經主管機關要求修正、\n   或基於營運評估或因客觀因素而需變更或補充，或有其他未盡事宜時，授權董事\n   長或其指定之人全權處理之。""]], ""footer"": [""以上資料均由各公司依發言當時所屬市場別之規定申報後，由本系統對外公佈，資料如有虛偽不實，均由該公司負責。""], ""header"": {""note"": [], ""subTitle"": [], ""mainTitle"": [""公司當日重大訊息之詳細內容""]}, ""titles"": [{""main"": ""序號"", ""sub"": []}, {""main"": ""發言日期"", ""sub"": []}, {""main"": ""發言時間"", ""sub"": []}, {""main"": ""發言人"", ""sub"": []}, {""main"": ""發言人職稱"", ""sub"": []}, {""main"": ""發言人電話"", ""sub"": []}, {""main"": ""主旨"", ""sub"": []}, {""main"": ""符合條款"", ""sub"": []}, {""main"": ""事實發生日"", ""sub"": []}, {""main"": ""說明"", ""sub"": []}], ""companyAbbreviation"": ""臻鼎-KY""}, ""datetime"": ""115/08/11 18:49:10""}",2026-08-11 18:48:55
1150810|sii|3149|1,115/08/11,15:10:35,3149,正達,公告本公司國內第四次有擔保轉換公司債之轉換價格及溢價率,公司債,1150810,sii,1,"{""code"": 200, ""message"": ""查詢成功"", ""result"": {""marketName"": ""上市公司"", ""companyId"": ""3149"", ""data"": [[1, ""115/08/11"", ""15:10:35"", ""邱火生"", ""副總"", ""037-236988"", ""公告本公司國內第四次有擔保轉換公司債之轉換價格及\r\n溢價率"", ""51"", ""115/08/11"", ""1.事實發生日:115/08/11\n2.公司名稱:正達國際光電股份有限公司\n3.與公司關係(請輸入本公司或子公司):本公司\n4.相互持股比例:不適用\n5.發生緣由:\n  依據本公司「國內第四次有擔保轉換公司債發行及轉換辦法」辦理\n6.因應措施:無。\n7.其他應敘明事項(若事件發生或決議之主體係屬公開發行以上公司，本則重大訊息同時\n  符合證券交易法施行細則第7條第9款所定對股東權益或證券價格有重大影響之事項):\n　(1)本公司發行國內第四次有擔保轉換公司債，業經金融監督管理委員會\n　   民國115年6月30日金管證發字第11503393181號函申報生效在案。\n　(2)以民國115年8月11日為轉換價格訂定基準日之前五個營業日普通股\n　   平均收盤價65.22元為基準價格，轉換溢價率為104.42%。\n　(3)以上述方式訂定轉換價格為每股新台幣68.1元。""]], ""footer"": [""以上資料均由各公司依發言當時所屬市場別之規定申報後，由本系統對外公佈，資料如有虛偽不實，均由該公司負責。""], ""header"": {""note"": [], ""subTitle"": [], ""mainTitle"": [""公司當日重大訊息之詳細內容""]}, ""titles"": [{""main"": ""序號"", ""sub"": []}, {""main"": ""發言日期"", ""sub"": []}, {""main"": ""發言時間"", ""sub"": []}, {""main"": ""發言人"", ""sub"": []}, {""main"": ""發言人職稱"", ""sub"": []}, {""main"": ""發言人電話"", ""sub"": []}, {""main"": ""主旨"", ""sub"": []}, {""main"": ""符合條款"", ""sub"": []}, {""main"": ""事實發生日"", ""sub"": []}, {""main"": ""說明"", ""sub"": []}], ""companyAbbreviation"": ""正達""}, ""datetime"": ""115/08/11 18:49:11""}",2026-08-11 18:48:55
1150811|sii|8033|4,115/08/11,15:11:08,8033,雷虎,公告本公司董事會決議通過對子公司科建鋁船現金增資認股,現金增資,1150811,sii,4,"{""code"": 200, ""message"": ""查詢成功"", ""result"": {""marketName"": ""上市公司"", ""companyId"": ""8033"", ""data"": [[4, ""115/08/11"", ""15:11:08"", ""卓宜儒"", ""協理"", ""04-23591616"", ""公告本公司董事會決議通過對子公司科建鋁船現金增資認股"", ""20"", ""115/08/11"", ""1.標的物之名稱及性質（屬特別股者，並應標明特別股約定發行條件，如股息率等）:\r\n普通股\r\n2.事實發生日:115/8/11~115/8/11\r\n3.董事會通過日期: 民國115年8月11日\r\n4.其他核決日期: 不適用\r\n5.交易數量、每單位價格及交易總金額:\r\n預計以不超過新台幣5000萬元,每股價格5元,總股數不超過10000仟股\r\n6.交易相對人及其與公司之關係（交易相對人如屬自然人，且非公司之\r\n關係人者，得免揭露其姓名）:\r\n科建股份有限公司為本公司持股60%之子公司\r\n7.交易相對人為關係人者，並應公告選定關係人為交易對象之原因及前次移\r\n轉之所有人、前次移轉之所有人與公司及交易相對人間相互之關係、前次\r\n移轉日期及移轉金額:\r\n不適用\r\n8.交易標的最近五年內所有權人曾為公司之關係人者，尚應公告關係人之取\r\n得及處分日期、價格及交易當時與公司之關係:\r\n不適用\r\n9.本次係處分債權之相關事項（含處分之債權附隨擔保品種類、處分債權\r\n如有屬對關係人債權者尚需公告關係人名稱及本次處分該關係人之債權\r\n帳面金額:\r\n不適用\r\n10.處分利益（或損失）（取得有價證券者不適用）（原遞延者應列表說明\r\n認列情形）:\r\n不適用\r\n11.交付或付款條件（含付款期間及金額）、契約限制條款及其他重要約定\r\n事項:\r\n匯款,繳款期間115年8月17日起,迄115年8月25日\r\n12.本次交易之決定方式、價格決定之參考依據及決策單位:\r\n(1)交易之決定方式及決策單位:董事會\n(2)交易之價格決定:參考公司淨值並評估公司整體價值後進行議價\r\n13.取得或處分有價證券標的公司每股淨值:\r\n2.37元\r\n14.迄目前為止，累積持有本交易證券（含本次交易）之數量、金額、持股\r\n比例及權利受限情形（如質押情形）:\r\n(1)累積持有本次交易證券(含本次交易)之數量:上限25,000,000股\n(2)累積持有本交易證券之金額:上限102,500仟元\n(3)累積持有本交易證券持股比例:上限71.43%\n(4)權利受限情形:無\r\n15.迄目前為止，依「公開發行公司取得或處分資產處理準則」第三條所列\r\n之有價證券投資（含本次交易）占公司最近期財務報表中總資產及歸屬\r\n於母公司業主之權益之比例暨最近期財務報表中營運資金數額（註二）:\r\n(1)估總資產比例:45.16%\n(2)佔母公司業主之權益:57.85%\n(3)最近期財務報表中營運金數額:339,909仟元\r\n16.經紀人及經紀費用:\r\n不適用\r\n17.取得或處分之具體目的或用途:\r\n長期投資\r\n18.本次交易表示異議董事之意見:\r\n不適用\r\n19.本次交易為關係人交易:是\r\n20.監察人承認或審計委員會同意日期:\r\n民國115年8月11日\r\n21.本次交易會計師出具非合理性意見:不適用\r\n22.會計師事務所名稱:\r\n不適用\r\n23.會計師姓名:\r\n不適用\r\n24.會計師開業證書字號:\r\n不適用\r\n25.是否涉及營運模式變更:否\r\n26.營運模式變更說明:\r\n不適用\r\n27.過去一年及預計未來一年內與交易相對人交易情形:\r\n不適用\r\n28.資金來源:\r\n本公司自有資金\r\n29.前已就同一件事件發布重大訊息日期: 不適用\r\n30.其他敘明事項:\r\n無""]], ""footer"": [""以上資料均由各公司依發言當時所屬市場別之規定申報後，由本系統對外公佈，資料如有虛偽不實，均由該公司負責。""], ""header"": {""note"": [], ""subTitle"": [], ""mainTitle"": [""公司當日重大訊息之詳細內容""]}, ""titles"": [{""main"": ""序號"", ""sub"": []}, {""main"": ""發言日期"", ""sub"": []}, {""main"": ""發言時間"", ""sub"": []}, {""main"": ""發言人"", ""sub"": []}, {""main"": ""發言人職稱"", ""sub"": []}, {""main"": ""發言人電話"", ""sub"": []}, {""main"": ""主旨"", ""sub"": []}, {""main"": ""符合條款"", ""sub"": []}, {""main"": ""事實發生日"", ""sub"": []}, {""main"": ""說明"", ""sub"": []}], ""companyAbbreviation"": ""雷虎""}, ""datetime"": ""115/08/11 18:49:11""}",2026-08-11 18:48:55
1150810|sii|3149|2,115/08/11,15:15:31,3149,正達,公告本公司國內第四次有擔保轉換公司債代收價款行庫及存儲專戶行庫,公司債,1150810,sii,2,"{""code"": 200, ""message"": ""查詢成功"", ""result"": {""marketName"": ""上市公司"", ""companyId"": ""3149"", ""data"": [[2, ""115/08/11"", ""15:15:31"", ""邱火生"", ""副總"", ""037-236988"", ""公告本公司國內第四次有擔保轉換公司債代收價款行庫\r\n及存儲專戶行庫"", ""51"", ""115/08/11"", ""1.事實發生日:115/08/11\n2.公司名稱:正達國際光電股份有限公司\n3.與公司關係(請輸入本公司或子公司):本公司\n4.相互持股比例:不適用\n5.發生緣由:\n  依據「發行人募集與發行有價證券處理準則」第9條第1項第2款規定辦理\n6.因應措施:無。\n7.其他應敘明事項(若事件發生或決議之主體係屬公開發行以上公司，本則重大訊息同時\n  符合證券交易法施行細則第7條第9款所定對股東權益或證券價格有重大影響之事項):\n   (1)訂約日期：民國115年8月11日。\n   (2)委託代收價款行庫：台新國際商業銀行敦南分行。\n   (3)委託存儲專戶行庫：板信商業銀行苗栗分行。""]], ""footer"": [""以上資料均由各公司依發言當時所屬市場別之規定申報後，由本系統對外公佈，資料如有虛偽不實，均由該公司負責。""], ""header"": {""note"": [], ""subTitle"": [], ""mainTitle"": [""公司當日重大訊息之詳細內容""]}, ""titles"": [{""main"": ""序號"", ""sub"": []}, {""main"": ""發言日期"", ""sub"": []}, {""main"": ""發言時間"", ""sub"": []}, {""main"": ""發言人"", ""sub"": []}, {""main"": ""發言人職稱"", ""sub"": []}, {""main"": ""發言人電話"", ""sub"": []}, {""main"": ""主旨"", ""sub"": []}, {""main"": ""符合條款"", ""sub"": []}, {""main"": ""事實發生日"", ""sub"": []}, {""main"": ""說明"", ""sub"": []}], ""companyAbbreviation"": ""正達""}, ""datetime"": ""115/08/11 18:49:11""}",2026-08-11 18:48:55
1150811|sii|4155|2,115/08/11,15:32:23,4155,訊映,本公司董事會決議辦理註銷庫藏股並訂定減資基準日,庫藏股,1150811,sii,2,"{""code"": 200, ""message"": ""查詢成功"", ""result"": {""marketName"": ""上市公司"", ""companyId"": ""4155"", ""data"": [[2, ""115/08/11"", ""15:32:23"", ""侯奇政"", ""財會主管"", ""03-5160258"", ""本公司董事會決議辦理註銷庫藏股並訂定減資基準日"", ""11"", ""115/08/11"", ""1.董事會決議日期:115/08/11\n2.減資緣由:依據證券交易法第二十八條之二規定，辦理註銷本公司115年買回之庫藏股。\n3.減資金額:新台幣50,000,000元。\n4.消除股份:5,000,000股。\n5.減資比率:3.46%\n6.減資後股本:1,396,841,640元\n7.預定股東會日期:不適用。\n8.預計減資新股上市後之上市普通股股數:不適用。\n9.預計減資新股上市後之上市普通股股數占已發行普通股比率\n（減資後上市普通股股數/減資後已發行普通股股數）:不適用。\n10.前二項預計減資後上巿普通股股數未達6000萬股且未達25%者，\n請說明股權流通性偏低之因應措施:不適用。\n11.減資基準日:115/08/11\n12.其他應敘明事項:無。""]], ""footer"": [""以上資料均由各公司依發言當時所屬市場別之規定申報後，由本系統對外公佈，資料如有虛偽不實，均由該公司負責。""], ""header"": {""note"": [], ""subTitle"": [], ""mainTitle"": [""公司當日重大訊息之詳細內容""]}, ""titles"": [{""main"": ""序號"", ""sub"": []}, {""main"": ""發言日期"", ""sub"": []}, {""main"": ""發言時間"", ""sub"": []}, {""main"": ""發言人"", ""sub"": []}, {""main"": ""發言人職稱"", ""sub"": []}, {""main"": ""發言人電話"", ""sub"": []}, {""main"": ""主旨"", ""sub"": []}, {""main"": ""符合條款"", ""sub"": []}, {""main"": ""事實發生日"", ""sub"": []}, {""main"": ""說明"", ""sub"": []}], ""companyAbbreviation"": ""訊映""}, ""datetime"": ""115/08/11 18:49:12""}",2026-08-11 18:48:55
1150811|sii|6771|3,115/08/11,15:50:33,6771,平和環保-創,公告本公司董事會決議買回庫藏股,庫藏股,1150811,sii,3,"{""code"": 200, ""message"": ""查詢成功"", ""result"": {""marketName"": ""上市公司"", ""companyId"": ""6771"", ""data"": [[3, ""115/08/11"", ""15:50:33"", ""陳義生"", ""副總經理"", ""07-6233690"", ""公告本公司董事會決議買回庫藏股"", ""35"", ""115/08/11"", ""1.董事會決議日期:115/08/11\r\n2.買回股份目的:轉讓股份予員工\r\n3.買回股份種類:普通股\r\n4.買回股份總金額上限(元):497,324,658\r\n5.預定買回之期間:115/08/11~115/10/08\r\n6.預定買回之數量(股):1,000,000\r\n7.買回區間價格(元):26.60~58.01，公司股價低於區間價格下限，將繼續買回\r\n8.買回方式:自集中交易市場買回\r\n9.預定買回股份占公司已發行股份總數之比率(%):3.21\r\n10.申報時已持有本公司股份之累積股數(股):0\r\n11.申報前五年內買回公司股份之情形:\r\n無買回\r\n12.已申報買回但未執行完畢之情形:\r\n不適用\r\n13.董事會決議買回股份之會議紀錄:\r\n案由三：本公司計畫實施第一次買回庫藏股轉讓員工案，提請　討論。\r\n說　明：\r\n1.為提升公司員工向心力，擬買回公司股票以轉讓予員工，相關說明如下：\r\n2.本次買回股份之相關事項說明如下：\r\n(1)買回股份之目的：轉讓予員工\r\n(2)買回股份之種類：普通股\r\n(3)買回之方式：自集中交易市場買回\r\n(4)買回股份之總金額上限：法定買回股份總金額上限為新台幣497,324,658元；本次買回股\r\n份總金額上限為新台幣58,010,000元。\r\n(5)預定買回之期間：115年8月11日至115年10月8日\r\n(6)預定買回之數量：1,000,000股\r\n(7)買回之區間價格：每股新台幣26.60元至58.01元，當公司股價低於所定買回價格下限\r\n時，將繼續買回股份。\r\n3.本次預定買回股份總數，僅占本公司已發行股份31,179,500股之3.21%，且買回股份所需\r\n金額上限占本公司115年6月30日流動資產524,468仟元之11.06%。\r\n4.董事會已考慮公司財務狀況，不影響公司資本維持之聲明書，請參閱附件。\r\n5.證券承銷商對買回股份價格之合理性評估意見，請參閱附件。\r\n6.本公司「第一次買回股份轉讓員工辦法」，請參閱附件。\r\n7.本次執行買回本公司股份案，若因法令修改或主管機關規定及基於營運評估或客觀環境之\r\n影響變更或修正時，擬請董事會授權董事長全權處理之。\r\n8.本案業經審計委員會通過。\r\n決　議：本案經主席徵詢全體出席董事，無異議照案通過。\r\n14.「上市上櫃公司買回本公司股份辦法」第十條規定之轉讓辦法:\r\n平和環保科技股份有限公司第一次買回股份轉讓員工辦法\r\n第一條\r\n本公司為激勵員工及提昇員工向心力，依據證券交易法第28條之2第1項第1款及金融監督管\r\n理委員會發布之「上市上櫃公司買回本公司股份辦法」等相關規定，訂定本公司買回股份轉\r\n讓員工辦法。本公司買回股份轉讓予員工，除依有關法令規定外，悉依本辦法規定辦理。\r\n第二條﹙轉讓股份之種類、權利內容及權利受限情形﹚\r\n本次轉讓予員工之股份為普通股，其權利義務除有關法令及本辦法另有規定者外，與其他流\r\n通在外普通股相同。\r\n第三條﹙轉讓期間﹚\r\n本次買回之股份，得依本辦法之規定，自買回股份之日起五年內，一次或分次轉讓予員工。\r\n逾期未轉讓部份，視為本公司未發行股份，應依法辦理銷除股份變更登記。\r\n第四條﹙受讓人之資格﹚\r\n凡於認股基準日前到職滿一年或對公司有特殊貢獻經提報董事會同意之本公司及直接或間接\r\n持有同一被投資公司表決權股份超過百分之五十之子公司全職員工，得依本辦法第五條所定\r\n認購數額，享有認購資格。轉讓之對象於認股基準日至認購繳款截止日期間離職者，喪失認\r\n購資格。\r\n第五條﹙轉讓之程序﹚\r\n員工得認購股數，依員工職等、服務年資及對公司之特殊貢獻等標準，並須兼顧認股基準日\r\n時公司持有之買回股份總額及單一員工認購股數之上限等因素，訂定員工得受讓股份之數\r\n量，實際具體認購資格及認購數量由董事會決議。\r\n惟認股人名單具經理人身份及具員工身份之董事者，應先經本公司薪資報酬委員會同意後，\r\n再提本公司董事會決議；非具經理人身份者，應先經本公司審計委員會同意後，再提本公司\r\n董事會決議。員工於認購繳款期間屆滿而未認購者則視為棄權，認購不足之餘額，得由董事\r\n會決議於當次認購作業另洽其他員工認購之或併至第三條轉讓期間內之後續次別認購作業，\r\n另洽其他員工認購，依認股人身分提報審計委員會或薪資報酬委員會審議後呈報董事會決\r\n議。&#8195;\r\n第六條\r\n本次買回股份轉讓予員工之作業程序：\r\n一、依董事會之決議，公告、申報並於執行期限內買回本公司股份。\r\n二、董事會依本辦法訂定及公布員工認股基準日、得認購股數標準、認購繳款期間、權利內\r\n容及限制條件等作業事項。\r\n三、統計實際認購繳款股數，辦理股票轉讓過戶登記。\r\n第七條﹙約定之每股轉讓價格﹚\r\n本次買回股份轉讓予員工，以實際買回之平均價格為轉讓價格，惟轉讓前，如遇公司已發行\r\n之普通股股份增加(或減少)，得按發行股份增加(或減少)比率調整之(調整後轉讓價格採四\r\n捨五入計算至小數點第二位為止)。或依據本公司章程規定，以低於實際買回之平均價格轉\r\n讓予員工者，應於轉讓前，提經最近一次股東會有代表已發行股份總數過半數股東之出席，\r\n出席股東表決權三分之二以上之同意，並應於該次股東會召集事由中列舉說明「上市上櫃公\r\n司買回本公司股份辦法」第10條之1規定事項，始得辦理。\r\n轉讓價格調整公式：\r\n調整後轉讓價格= 實際買回股份之平均價格x (公司申報買回股份時已發行之普通股總數 /\r\n公司轉讓買回股份予員工前已發行之普通股總數)\r\n第八條﹙轉讓後之權利義務﹚\r\n本次買回股份轉讓予員工並辦理過戶登記後，除另有規定者外，餘權利義務與原有股份相\r\n同。\r\n第九條﹙其他有關公司與員工權利義務事項﹚\r\n其他有關公司與員工權利義務事項，不得違反證券交易法及公司法等相關法令規定，依本辦\r\n法轉讓之股份，其所發生之稅捐及費用依轉讓當時之相關法&#63912;規定辦&#63972;。\r\n第十條﹙其他﹚\r\n本辦法經董事會決議通過後生效，並得報經董事會決議修訂。\r\n本辦法訂定於民國115年08月11日。\r\n15.「上市上櫃公司買回本公司股份辦法」第十一條規定之轉換或認股辦法:\r\n不適用\r\n16.董事會已考慮公司財務狀況，不影響公司資本維持之聲明:\r\n平和環保科技股份有限公司董事會聲明書\r\n一、本公司經民國115年第3次(民國115年8月11日)董事會三分之二以上董事之出席及出席董\r\n事超過二分之一之同意通過，自申報日起二個月內於集中交易市場買回本公司股份\r\n1,000,000股。 \r\n二、上述買回股份總數，僅占本公司已發行股份之3.21%，且買回股份所需金額上限僅占本\r\n公司流動資產之11.06%，茲聲明本公司董事會已考慮公司財務狀況，上述股份之買回並不影\r\n響本公司資本之維持。 \r\n三、本聲明書業經本公司上述同次董事會議通過，出席董事七人均同意本聲明書之內容，併\r\n此聲明。\r\n17.會計師或證券承銷商對買回股份價格之合理性評估意見:\r\n經福邦證券股份有限公司評估，平和環保科技股份有限公司此次預計買回公司股份所訂定之\r\n買回區間價格每股26.60元至每股58.01元，其對該公司之財務結構、每股淨值、每股盈餘、\r\n股東權益報酬率、速動比率、流動比率及現金流量狀況，對該公司之財務狀況並無重大之影\r\n響。\r\n18.其他證期局所規定之事項:\r\n無""]], ""footer"": [""以上資料均由各公司依發言當時所屬市場別之規定申報後，由本系統對外公佈，資料如有虛偽不實，均由該公司負責。""], ""header"": {""note"": [], ""subTitle"": [], ""mainTitle"": [""公司當日重大訊息之詳細內容""]}, ""titles"": [{""main"": ""序號"", ""sub"": []}, {""main"": ""發言日期"", ""sub"": []}, {""main"": ""發言時間"", ""sub"": []}, {""main"": ""發言人"", ""sub"": []}, {""main"": ""發言人職稱"", ""sub"": []}, {""main"": ""發言人電話"", ""sub"": []}, {""main"": ""主旨"", ""sub"": []}, {""main"": ""符合條款"", ""sub"": []}, {""main"": ""事實發生日"", ""sub"": []}, {""main"": ""說明"", ""sub"": []}], ""companyAbbreviation"": ""平和環保-創""}, ""datetime"": ""115/08/11 18:49:12""}",2026-08-11 18:48:55
1150811|sii|6923|3,115/08/11,16:01:13,6923,中台,公告本公司董事會決議庫藏股註銷減資事宜,庫藏股,1150811,sii,3,"{""code"": 200, ""message"": ""查詢成功"", ""result"": {""marketName"": ""上市公司"", ""companyId"": ""6923"", ""data"": [[3, ""115/08/11"", ""16:01:13"", ""張啓達"", ""總經理"", ""02-23975801"", ""公告本公司董事會決議庫藏股註銷減資事宜"", ""11"", ""115/08/11"", ""1.董事會決議日期:115/08/11\n2.減資緣由:庫藏股註銷\n3.減資金額:新台幣10,490,000元\n4.消除股份:1,049,000股\n5.減資比率:1.15%\n6.減資後股本:新台幣904,390,000元\n7.預定股東會日期:不適用\n8.預計減資新股上市後之上市普通股股數:不適用\n9.預計減資新股上市後之上市普通股股數占已發行普通股比率\n（減資後上市普通股股數/減資後已發行普通股股數）:不適用\n10.前二項預計減資後上巿普通股股數未達6000萬股且未達25%者，\n請說明股權流通性偏低之因應措施:不適用\n11.減資基準日:115/08/13\n12.其他應敘明事項:無。""]], ""footer"": [""以上資料均由各公司依發言當時所屬市場別之規定申報後，由本系統對外公佈，資料如有虛偽不實，均由該公司負責。""], ""header"": {""note"": [], ""subTitle"": [], ""mainTitle"": [""公司當日重大訊息之詳細內容""]}, ""titles"": [{""main"": ""序號"", ""sub"": []}, {""main"": ""發言日期"", ""sub"": []}, {""main"": ""發言時間"", ""sub"": []}, {""main"": ""發言人"", ""sub"": []}, {""main"": ""發言人職稱"", ""sub"": []}, {""main"": ""發言人電話"", ""sub"": []}, {""main"": ""主旨"", ""sub"": []}, {""main"": ""符合條款"", ""sub"": []}, {""main"": ""事實發生日"", ""sub"": []}, {""main"": ""說明"", ""sub"": []}], ""companyAbbreviation"": ""中台""}, ""datetime"": ""115/08/11 18:49:14""}",2026-08-11 18:48:55
1150811|sii|5306|5,115/08/11,16:06:18,5306,桂盟,"對本公司100%持有之子公司""桂盟企業股份有限公司""現金增資新台幣800,000千元",現金增資,1150811,sii,5,"{""code"": 200, ""message"": ""查詢成功"", ""result"": {""marketName"": ""上市公司"", ""companyId"": ""5306"", ""data"": [[5, ""115/08/11"", ""16:06:18"", ""陳泳仁"", ""協理"", ""(06)3037111"", ""對本公司100%持有之子公司\""桂盟企業股份有限公司\""\r\n現金增資新台幣800,000千元"", ""20"", ""115/08/11"", ""1.標的物之名稱及性質（屬特別股者，並應標明特別股約定發行條件，如股息率等）:\r\n本公司100%持有之子公司\""桂盟企業股份有限公司(簡稱桂盟企業)\""普通股\r\n2.事實發生日:115/8/11~115/8/11\r\n3.董事會通過日期: 民國115年8月11日\r\n4.其他核決日期: 不適用\r\n5.交易數量、每單位價格及交易總金額:\r\n預計總金額為新台幣800,000,000元\r\n6.交易相對人及其與公司之關係（交易相對人如屬自然人，且非公司之\r\n關係人者，得免揭露其姓名）:\r\n參與本公司100%持有之子公司增資。\r\n7.交易相對人為關係人者，並應公告選定關係人為交易對象之原因及前次移\r\n轉之所有人、前次移轉之所有人與公司及交易相對人間相互之關係、前次\r\n移轉日期及移轉金額:\r\n不適用\r\n8.交易標的最近五年內所有權人曾為公司之關係人者，尚應公告關係人之取\r\n得及處分日期、價格及交易當時與公司之關係:\r\n不適用\r\n9.本次係處分債權之相關事項（含處分之債權附隨擔保品種類、處分債權\r\n如有屬對關係人債權者尚需公告關係人名稱及本次處分該關係人之債權\r\n帳面金額:\r\n不適用\r\n10.處分利益（或損失）（取得有價證券者不適用）（原遞延者應列表說明\r\n認列情形）:\r\n不適用\r\n11.交付或付款條件（含付款期間及金額）、契約限制條款及其他重要約定\r\n事項:\r\n依桂盟企業辦理進度為之\r\n12.本次交易之決定方式、價格決定之參考依據及決策單位:\r\n1.參與本公司100%持有之子公司增資。\n2.總金額由本公司董事會決議。\r\n13.取得或處分有價證券標的公司每股淨值:\r\n不適用\r\n14.迄目前為止，累積持有本交易證券（含本次交易）之數量、金額、持股\r\n比例及權利受限情形（如質押情形）:\r\n1.累積投資金額為新台幣9,761,426,500元，持股比率為100%。\n2.本公司權利並無受限。\r\n15.迄目前為止，依「公開發行公司取得或處分資產處理準則」第三條所列\r\n之有價證券投資（含本次交易）占公司最近期財務報表中總資產及歸屬\r\n於母公司業主之權益之比例暨最近期財務報表中營運資金數額（註二）:\r\n1.因係屬對100%持有之子公司增資，故以合併報表視之，\n有價證券占公司最近期財務報表中總資產及歸屬於母公司業主之權益之比例\n均為0%\n2.最近期財務報表中營運資金數額為2,212,738千元\r\n16.經紀人及經紀費用:\r\n無此情事\r\n17.取得或處分之具體目的或用途:\r\n充實桂盟企業營運週轉金\r\n18.本次交易表示異議董事之意見:\r\n無此情事\r\n19.本次交易為關係人交易:是\r\n20.監察人承認或審計委員會同意日期:\r\n民國115年08月11日\r\n21.本次交易會計師出具非合理性意見:不適用\r\n22.會計師事務所名稱:\r\n不適用\r\n23.會計師姓名:\r\n不適用\r\n24.會計師開業證書字號:\r\n不適用\r\n25.是否涉及營運模式變更:否\r\n26.營運模式變更說明:\r\n不適用\r\n27.過去一年及預計未來一年內與交易相對人交易情形:\r\n不適用\r\n28.資金來源:\r\n不適用\r\n29.前已就同一件事件發布重大訊息日期: 不適用\r\n30.其他敘明事項:\r\n無""]], ""footer"": [""以上資料均由各公司依發言當時所屬市場別之規定申報後，由本系統對外公佈，資料如有虛偽不實，均由該公司負責。""], ""header"": {""note"": [], ""subTitle"": [], ""mainTitle"": [""公司當日重大訊息之詳細內容""]}, ""titles"": [{""main"": ""序號"", ""sub"": []}, {""main"": ""發言日期"", ""sub"": []}, {""main"": ""發言時間"", ""sub"": []}, {""main"": ""發言人"", ""sub"": []}, {""main"": ""發言人職稱"", ""sub"": []}, {""main"": ""發言人電話"", ""sub"": []}, {""main"": ""主旨"", ""sub"": []}, {""main"": ""符合條款"", ""sub"": []}, {""main"": ""事實發生日"", ""sub"": []}, {""main"": ""說明"", ""sub"": []}], ""companyAbbreviation"": ""桂盟""}, ""datetime"": ""115/08/11 18:49:14""}",2026-08-11 18:48:55
1150807|sii|2722|1,115/08/11,16:33:48,2722,夏都,公告本公司115年07月自結合併損益,自結合併,1150807,sii,1,"{""code"": 200, ""message"": ""查詢成功"", ""result"": {""marketName"": ""上市公司"", ""companyId"": ""2722"", ""data"": [[1, ""115/08/11"", ""16:33:48"", ""陳重憲"", ""副董事長"", ""06-2918188"", ""公告本公司115年07月自結合併損益"", ""51"", ""115/08/11"", ""1.事實發生日:115/08/11\n2.公司名稱:夏都國際開發股份有限公司\n3.與公司關係(請輸入本公司或子公司):本公司\n4.相互持股比例:不適用\n5.發生緣由:公告本公司115年07月自結合併損益\n6.因應措施:無\n7.其他應敘明事項(若事件發生或決議之主體係屬公開發行以上公司，本則重大訊息同時\n  符合證券交易法施行細則第7條第9款所定對股東權益或證券價格有重大影響之事項):\n(1)\n會計科目(單位：仟元)              115年07月     115年01-07月\n-------------------------------  -----------  ---------------\n合併營業收入淨額                    72,998        351,752\n合併營業損益                        12,478       (43,987)\n合併稅前損益                        17,473       (40,538)\n歸屬予母公司股東稅後損益            16,890       (33,378)\n歸屬予母公司股東稅後每股盈餘(元)      0.12         (0.23)\n\n(2)自結數尚未經會計師簽證(核閱)，實際數字，以本公司公告\n   經會計師簽證(核閱)之財務報告為主，特此說明。""]], ""footer"": [""以上資料均由各公司依發言當時所屬市場別之規定申報後，由本系統對外公佈，資料如有虛偽不實，均由該公司負責。""], ""header"": {""note"": [], ""subTitle"": [], ""mainTitle"": [""公司當日重大訊息之詳細內容""]}, ""titles"": [{""main"": ""序號"", ""sub"": []}, {""main"": ""發言日期"", ""sub"": []}, {""main"": ""發言時間"", ""sub"": []}, {""main"": ""發言人"", ""sub"": []}, {""main"": ""發言人職稱"", ""sub"": []}, {""main"": ""發言人電話"", ""sub"": []}, {""main"": ""主旨"", ""sub"": []}, {""main"": ""符合條款"", ""sub"": []}, {""main"": ""事實發生日"", ""sub"": []}, {""main"": ""說明"", ""sub"": []}], ""companyAbbreviation"": ""夏都""}, ""datetime"": ""115/08/11 18:49:15""}",2026-08-11 18:48:55
1150811|sii|3706|2,115/08/11,17:17:17,3706,神達,本公司董事會決議發行國內第一次暨第二次無擔保轉換公司債,公司債,1150811,sii,2,"{""code"": 200, ""message"": ""查詢成功"", ""result"": {""marketName"": ""上市公司"", ""companyId"": ""3706"", ""data"": [[2, ""115/08/11"", ""17:17:17"", ""何繼武"", ""總經理"", ""(03)328-9000"", ""本公司董事會決議發行國內第一次暨第二次\r\n無擔保轉換公司債"", ""11"", ""115/08/11"", ""1.董事會決議日期:115/08/11\n2.名稱﹝XX公司第X次（有、無）擔保公司債﹞:\n神達控股股份有限公司國內第一次無擔保轉換公司債。\n神達控股股份有限公司國內第二次無擔保轉換公司債。\n3.是否採總括申報發行公司債(是/否):否\n4.發行總額:\n國內第一次無擔保轉換公司債：發行總面額上限為新台幣80億元整。\n國內第二次無擔保轉換公司債：發行總面額上限為新台幣20億元整。\n5.每張面額:\n國內第一次無擔保轉換公司債：新台幣10萬元。\n國內第二次無擔保轉換公司債：新台幣10萬元。\n6.發行價格:\n國內第一次無擔保轉換公司債：暫定依票面金額之100.5%-101%發行。\n國內第二次無擔保轉換公司債：底標暫定以不低於票面金額之105 %為限，\n　　　　　　　　　　　　　　實際總發行金額以競價拍賣結果而定。\n7.發行期間:\n國內第一次無擔保轉換公司債：暫定5年。\n國內第二次無擔保轉換公司債：暫定5年。\n8.發行利率:\n國內第一次無擔保轉換公司債：暫定票面利率0%。\n國內第二次無擔保轉換公司債：暫定票面利率0%。\n9.擔保品之種類、名稱、金額及約定事項:不適用。\n10.募得價款之用途及運用計畫:充實營運資金。\n11.承銷方式:\n國內第一次無擔保轉換公司債：採詢價圈購方式辦理公開承銷。\n國內第二次無擔保轉換公司債：採競價拍賣方式辦理公開承銷。\n12.公司債受託人:授權董事長全權處理之。\n13.承銷或代銷機構:凱基證券股份有限公司。\n14.發行保證人:不適用。\n15.代理還本付息機構:中國信託商業銀行股份有限公司 股務代理部。\n16.簽證機構:不適用。\n17.能轉換股份者，其轉換辦法:\n相關辦法將依有關法令規定辦理，並報奉相關主管機關核准後另行公告。\n18.賣回條件:\n相關辦法將依有關法令規定辦理，並報奉相關主管機關核准後另行公告。\n19.買回條件:\n相關辦法將依有關法令規定辦理，並報奉相關主管機關核准後另行公告。\n20.附有轉換、交換或認股者，其換股基準日:\n相關辦法將依有關法令規定辦理，並報奉相關主管機關核准後另行公告。\n21.附有轉換、交換或認股者，對股權可能稀釋情形:\n相關辦法將依有關法令規定辦理，並報奉相關主管機關核准後另行公告。\n22.現金減資後再行募資之合理性及必要性\n(募資當年度及前一年度有辦理現金減資者適用):不適用。\n23.其他應敘明事項:\n(1)本次發行國內無擔保轉換公司債採帳簿劃撥方式交付，不印製實體有價證券。\n　於主管機關申報生效後，擬授權董事長另訂發行日，並向中華民國證券櫃檯買賣\n　中心申請櫃檯買賣。\n(2)本次國內無擔保轉換公司債籌資計畫有關承銷方式、發行時程、發行額度、發行價格\n　、發行條件、發行及轉換辦法之訂定，以及資金運用計畫項目、資金來源、預計資金\n　運用進度、預計可能產生效益及其他相關事宜，如遇法令變更、經主管機關修正或\n　因應金融市場狀況或客觀環境需修正或調整時，擬授權本公司董事長全權處理之。""]], ""footer"": [""以上資料均由各公司依發言當時所屬市場別之規定申報後，由本系統對外公佈，資料如有虛偽不實，均由該公司負責。""], ""header"": {""note"": [], ""subTitle"": [], ""mainTitle"": [""公司當日重大訊息之詳細內容""]}, ""titles"": [{""main"": ""序號"", ""sub"": []}, {""main"": ""發言日期"", ""sub"": []}, {""main"": ""發言時間"", ""sub"": []}, {""main"": ""發言人"", ""sub"": []}, {""main"": ""發言人職稱"", ""sub"": []}, {""main"": ""發言人電話"", ""sub"": []}, {""main"": ""主旨"", ""sub"": []}, {""main"": ""符合條款"", ""sub"": []}, {""main"": ""事實發生日"", ""sub"": []}, {""main"": ""說明"", ""sub"": []}], ""companyAbbreviation"": ""神達""}, ""datetime"": ""115/08/11 18:49:15""}",2026-08-11 18:48:55
1150811|sii|6719|1,115/08/11,17:29:18,6719,力智,本公司參與認購南山人壽10年期無擔保累積次順位普通公司債,公司債,1150811,sii,1,"{""code"": 200, ""message"": ""查詢成功"", ""result"": {""marketName"": ""上市公司"", ""companyId"": ""6719"", ""data"": [[1, ""115/08/11"", ""17:29:18"", ""邱建邦"", ""財務長"", ""03-5601666"", ""本公司參與認購南山人壽10年期無擔保累積次順位普通公司債"", ""20"", ""115/08/11"", ""1.標的物之名稱及性質（屬特別股者，並應標明特別股約定發行條件，如股息率等）:\r\n南山人壽10年期無擔保累積次順位普通公司債\r\n2.事實發生日:115/8/11~115/8/11\r\n3.董事會通過日期: 民國115年5月4日\r\n4.其他核決日期: 不適用\r\n5.交易數量、每單位價格及交易總金額:\r\n交易單位數量：500張\n每單位價格：新台幣1,000,000元\n交易總金額：新台幣500,000,000元\r\n6.交易相對人及其與公司之關係（交易相對人如屬自然人，且非公司之\r\n關係人者，得免揭露其姓名）:\r\n非關係人\r\n7.交易相對人為關係人者，並應公告選定關係人為交易對象之原因及前次移\r\n轉之所有人、前次移轉之所有人與公司及交易相對人間相互之關係、前次\r\n移轉日期及移轉金額:\r\n非關係人，不適用\r\n8.交易標的最近五年內所有權人曾為公司之關係人者，尚應公告關係人之取\r\n得及處分日期、價格及交易當時與公司之關係:\r\n不適用\r\n9.本次係處分債權之相關事項（含處分之債權附隨擔保品種類、處分債權\r\n如有屬對關係人債權者尚需公告關係人名稱及本次處分該關係人之債權\r\n帳面金額:\r\n不適用\r\n10.處分利益（或損失）（取得有價證券者不適用）（原遞延者應列表說明\r\n認列情形）:\r\n不適用\r\n11.交付或付款條件（含付款期間及金額）、契約限制條款及其他重要約定\r\n事項:\r\n交付或付款條件：於交割日一次付清\r\n12.本次交易之決定方式、價格決定之參考依據及決策單位:\r\n依本公司董事會決議之投資總額上限範圍內，授權財務長全權處理之。\r\n13.取得或處分有價證券標的公司每股淨值:\r\n不適用\r\n14.迄目前為止，累積持有本交易證券（含本次交易）之數量、金額、持股\r\n比例及權利受限情形（如質押情形）:\r\n累積持有數量：500張\n累計投資金額：新台幣500,000仟元\r\n15.迄目前為止，依「公開發行公司取得或處分資產處理準則」第三條所列\r\n之有價證券投資（含本次交易）占公司最近期財務報表中總資產及歸屬\r\n於母公司業主之權益之比例暨最近期財務報表中營運資金數額（註二）:\r\n有價證券投資佔總資產比例：2.89%\n有價證券投資佔業主權益比例：3.54%\n營運資金數額:13,651,409仟元\r\n16.經紀人及經紀費用:\r\n無\r\n17.取得或處分之具體目的或用途:\r\n提升資金運用效率\r\n18.本次交易表示異議董事之意見:\r\n無\r\n19.本次交易為關係人交易:否\r\n20.監察人承認或審計委員會同意日期:\r\n不適用\r\n21.本次交易會計師出具非合理性意見:不適用\r\n22.會計師事務所名稱:\r\n不適用\r\n23.會計師姓名:\r\n不適用\r\n24.會計師開業證書字號:\r\n不適用\r\n25.是否涉及營運模式變更:否\r\n26.營運模式變更說明:\r\n無\r\n27.過去一年及預計未來一年內與交易相對人交易情形:\r\n不適用\r\n28.資金來源:\r\n自有資金\r\n29.前已就同一件事件發布重大訊息日期: 不適用\r\n30.其他敘明事項:\r\n公告本公司於115年5月4日董事會通過認購國內壽險公司發行之次順位公司債額\n度，本公司擬實際參與認購標的物之名稱及性質及交易金額。""]], ""footer"": [""以上資料均由各公司依發言當時所屬市場別之規定申報後，由本系統對外公佈，資料如有虛偽不實，均由該公司負責。""], ""header"": {""note"": [], ""subTitle"": [], ""mainTitle"": [""公司當日重大訊息之詳細內容""]}, ""titles"": [{""main"": ""序號"", ""sub"": []}, {""main"": ""發言日期"", ""sub"": []}, {""main"": ""發言時間"", ""sub"": []}, {""main"": ""發言人"", ""sub"": []}, {""main"": ""發言人職稱"", ""sub"": []}, {""main"": ""發言人電話"", ""sub"": []}, {""main"": ""主旨"", ""sub"": []}, {""main"": ""符合條款"", ""sub"": []}, {""main"": ""事實發生日"", ""sub"": []}, {""main"": ""說明"", ""sub"": []}], ""companyAbbreviation"": ""力智""}, ""datetime"": ""115/08/11 18:49:16""}",2026-08-11 18:48:55
1150811|sii|2461|1,115/08/11,17:36:06,2461,光群雷,公告本公司董事會決議買回庫藏股,庫藏股,1150811,sii,1,"{""code"": 200, ""message"": ""查詢成功"", ""result"": {""marketName"": ""上市公司"", ""companyId"": ""2461"", ""data"": [[1, ""115/08/11"", ""17:36:06"", ""洪雅菁"", ""財務長"", ""03-5770316"", ""公告本公司董事會決議買回庫藏股"", ""35"", ""115/08/11"", ""1.董事會決議日期:115/08/11\r\n2.買回股份目的:維護公司信用及股東權益\r\n3.買回股份種類:普通股\r\n4.買回股份總金額上限(元):1,260,263,452\r\n5.預定買回之期間:115/08/12~115/10/08\r\n6.預定買回之數量(股):5,000,000\r\n7.買回區間價格(元):12.25~25.00，公司股價低於區間價格下限，將繼續買回\r\n8.買回方式:自集中交易市場買回\r\n9.預定買回股份占公司已發行股份總數之比率(%):2.61\r\n10.申報時已持有本公司股份之累積股數(股):7,864,000\r\n11.申報前五年內買回公司股份之情形:\r\n(1)實際買回股份期間：115/03/13 ~ 115/05/08 、預定買回股數(股)：5000000 、實際已買回股數\r\n(股)：5000000 、執行情形(實際已買回股數占預定買回股數%)：100.00\r\n(2)實際買回股份期間：114/04/16 ~ 114/06/10 、預定買回股數(股)：5000000 、實際已買回股數\r\n(股)：2864000 、執行情形(實際已買回股數占預定買回股數%)：57.00\r\n(3)實際買回股份期間：110/11/15 ~ 111/01/10 、預定買回股數(股)：1500000 、實際已買回股數\r\n(股)：1500000 、執行情形(實際已買回股數占預定買回股數%)：100.00\r\n12.已申報買回但未執行完畢之情形:\r\n無\r\n13.董事會決議買回股份之會議紀錄:\r\n1150811 第十四屆第1次董事會議\r\n14.「上市上櫃公司買回本公司股份辦法」第十條規定之轉讓辦法:\r\n不適用\r\n15.「上市上櫃公司買回本公司股份辦法」第十一條規定之轉換或認股辦法:\r\n不適用\r\n16.董事會已考慮公司財務狀況，不影響公司資本維持之聲明:\r\n上述買回股份總數，僅占本公司已發行股份之百分之2.61，且買回股份所需金額上限僅占本公司合併財\r\n務報告流動資產之百分之2.65，茲聲明本公司董事會已考慮公司財務狀況，上述股份之買回並不影響本\r\n公司資本之維持。\r\n17.會計師或證券承銷商對買回股份價格之合理性評估意見:\r\n依福邦證券承銷商之評估意見，本公司本次買回公司股份計劃之買回區間價格尚稱合理且符合有關規\r\n定。另對財務結構、權益報酬率、速動比率、流動比率及現金流量狀況之影響性，經評估對本公司之財\r\n務狀況及股東權益尚無重大影響。\r\n18.其他證期局所規定之事項:\r\n無""]], ""footer"": [""以上資料均由各公司依發言當時所屬市場別之規定申報後，由本系統對外公佈，資料如有虛偽不實，均由該公司負責。""], ""header"": {""note"": [], ""subTitle"": [], ""mainTitle"": [""公司當日重大訊息之詳細內容""]}, ""titles"": [{""main"": ""序號"", ""sub"": []}, {""main"": ""發言日期"", ""sub"": []}, {""main"": ""發言時間"", ""sub"": []}, {""main"": ""發言人"", ""sub"": []}, {""main"": ""發言人職稱"", ""sub"": []}, {""main"": ""發言人電話"", ""sub"": []}, {""main"": ""主旨"", ""sub"": []}, {""main"": ""符合條款"", ""sub"": []}, {""main"": ""事實發生日"", ""sub"": []}, {""main"": ""說明"", ""sub"": []}], ""companyAbbreviation"": ""光群雷""}, ""datetime"": ""115/08/11 18:49:16""}",2026-08-11 18:48:55
1150811|sii|3706|7,115/08/11,17:53:35,3706,神達,公告本公司董事會訂定除權息基準日暨海外無擔保轉換公司債之停止轉換期間,公司債,1150811,sii,7,"{""code"": 200, ""message"": ""查詢成功"", ""result"": {""marketName"": ""上市公司"", ""companyId"": ""3706"", ""data"": [[7, ""115/08/11"", ""17:53:35"", ""何繼武"", ""總經理"", ""(03)328-9000"", ""公告本公司董事會訂定除權息基準日暨\r\n海外無擔保轉換公司債之停止轉換期間"", ""14"", ""115/08/11"", ""1.董事會、股東會決議或公司決定日期:115/08/11\n2.除權、息類別（請填入「除權」、「除息」或「除權息」）:除權息\n3.普通股發放股利種類及金額:\n現金股利新台幣3,981,637,404元(每股3.0元)。\n股票股利新台幣1,327,212,470元(每股1.0元)。\n4.除權（息）交易日:115/09/09\n5.最後過戶日:115/09/10\n6.停止過戶起始日期:115/09/11\n7.停止過戶截止日期:115/09/15\n8.除權（息）基準日:115/09/15\n9.債券最後申請轉換日期:不適用\n10.債券停止轉換起始日期:115/08/21\n11.債券停止轉換截止日期:115/09/15\n12.普通股現金股利發放日期:115/10/08\n13.現金股利之一部或全部是否以外幣發放(請填入「是」或「否」):否\n14.外幣現金股利發放幣別:不適用\n15.外幣現金股利發放對象:不適用\n16.外幣現金股利匯率決定方式:不適用\n17.其他應敘明事項:\n(1)如因本公司有權參與配發之股數變動，致股東配股配息率因此發生變動時，\n 擬授權董事長全權處理調整之。\n(2)增資新股權利證書上市日期訂於115/10/08。""]], ""footer"": [""以上資料均由各公司依發言當時所屬市場別之規定申報後，由本系統對外公佈，資料如有虛偽不實，均由該公司負責。""], ""header"": {""note"": [], ""subTitle"": [], ""mainTitle"": [""公司當日重大訊息之詳細內容""]}, ""titles"": [{""main"": ""序號"", ""sub"": []}, {""main"": ""發言日期"", ""sub"": []}, {""main"": ""發言時間"", ""sub"": []}, {""main"": ""發言人"", ""sub"": []}, {""main"": ""發言人職稱"", ""sub"": []}, {""main"": ""發言人電話"", ""sub"": []}, {""main"": ""主旨"", ""sub"": []}, {""main"": ""符合條款"", ""sub"": []}, {""main"": ""事實發生日"", ""sub"": []}, {""main"": ""說明"", ""sub"": []}], ""companyAbbreviation"": ""神達""}, ""datetime"": ""115/08/11 18:49:17""}",2026-08-11 18:48:55
1150730|sii|6282|1,115/08/11,17:56:54,6282,康舒,公告本公司國內第二次無擔保轉換公司債轉換普通股之增資基準日,公司債,1150730,sii,1,"{""code"": 200, ""message"": ""查詢成功"", ""result"": {""marketName"": ""上市公司"", ""companyId"": ""6282"", ""data"": [[1, ""115/08/11"", ""17:56:54"", ""薛惠文"", ""副總經理"", ""(02)2621-7672"", ""公告本公司國內第二次無擔保轉換公司債轉換普通股之增資基準日"", ""11"", ""115/08/11"", ""1.董事會決議日期:115/08/11\n2.增資資金來源:本公司國內第二次無擔保轉換公司債\n3.是否採總括申報發行新股(是，請併敘明預定發行期間/否):否\n4.全案發行總金額及股數(如屬盈餘或公積轉增資，發行股數則不含配發給員工部分):\n發行總金額:新台幣694,110元\n發行股數:69,411股\n5.採總括申報發行新股案件，本次發行金額及股數:不適用\n6.採總括申報發行新股案件，本次發行後，剩餘之金額及股數餘額:不適用\n7.每股面額:新台幣10元\n8.發行價格:不適用\n9.員工認購股數或配發金額:不適用\n10.公開銷售股數:不適用\n11.原股東認購或無償配發比例:不適用\n12.畸零股及逾期未認購股份之處理方式:不適用\n13.本次發行新股之權利義務:與原流通在外股份相同\n14.本次增資資金用途:不適用\n15.現金減資後再行募資之合理性及必要性\n(募資當年度及前一年度有辦理現金減資者適用):不適用\n16.其他應敘明事項:訂定115年08月17日為公司債轉換普通股之增資基準日，增資後\n實收資本額為新台幣8,561,007,050元，並依法令規定辦理相關變更登記事宜。""]], ""footer"": [""以上資料均由各公司依發言當時所屬市場別之規定申報後，由本系統對外公佈，資料如有虛偽不實，均由該公司負責。""], ""header"": {""note"": [], ""subTitle"": [], ""mainTitle"": [""公司當日重大訊息之詳細內容""]}, ""titles"": [{""main"": ""序號"", ""sub"": []}, {""main"": ""發言日期"", ""sub"": []}, {""main"": ""發言時間"", ""sub"": []}, {""main"": ""發言人"", ""sub"": []}, {""main"": ""發言人職稱"", ""sub"": []}, {""main"": ""發言人電話"", ""sub"": []}, {""main"": ""主旨"", ""sub"": []}, {""main"": ""符合條款"", ""sub"": []}, {""main"": ""事實發生日"", ""sub"": []}, {""main"": ""說明"", ""sub"": []}], ""companyAbbreviation"": ""康舒""}, ""datetime"": ""115/08/11 18:49:17""}",2026-08-11 18:48:55
1150811|sii|8222|2,115/08/11,18:17:05,8222,寶一,公告本公司申請延長發行國內第一次有擔保轉換公司債募集期間三個月，業經金管會准予備查。,公司債,1150811,sii,2,"{""code"": 200, ""message"": ""查詢成功"", ""result"": {""marketName"": ""上市公司"", ""companyId"": ""8222"", ""data"": [[2, ""115/08/11"", ""18:17:05"", ""胡淑賢"", ""副總經理"", ""06-6535001"", ""公告本公司申請延長發行國內第一次有擔保轉換公司債\r\n募集期間三個月，業經金管會准予備查。"", ""51"", ""115/08/11"", ""1.事實發生日:115/08/11\n2.公司名稱:寶一科技股份有限公司\n3.與公司關係(請輸入本公司或子公司):本公司\n4.相互持股比例:不適用\n5.發生緣由:\n(1)本公司發行國內第一次有擔保轉換公司債，每張面額新臺幣100,000元，\n發行總面額新臺幣400,000,000元，業經金管會115年06月12日金管證發字\n第1150345474號 函同意申報生效在案。\n(2)本公司考量國內資本市場變動及尋求較佳的發行時點，並考量整體公司\n利益及股東權益，為利本次有擔保轉換公司債案資金募集得以順利完成，\n故擬向金融監督管理委員會申請延長發行國內第一次有擔保轉換公司債募集\n期間三個月。業經115年08月10日金管證發字第1150352494號函核准備查在\n案，募集期間延長至115年12月11日。\n6.因應措施:不適用\n7.其他應敘明事項(若事件發生或決議之主體係屬公開發行以上公司，本則重大訊息同時\n  符合證券交易法施行細則第7條第9款所定對股東權益或證券價格有重大影響之事項):無""]], ""footer"": [""以上資料均由各公司依發言當時所屬市場別之規定申報後，由本系統對外公佈，資料如有虛偽不實，均由該公司負責。""], ""header"": {""note"": [], ""subTitle"": [], ""mainTitle"": [""公司當日重大訊息之詳細內容""]}, ""titles"": [{""main"": ""序號"", ""sub"": []}, {""main"": ""發言日期"", ""sub"": []}, {""main"": ""發言時間"", ""sub"": []}, {""main"": ""發言人"", ""sub"": []}, {""main"": ""發言人職稱"", ""sub"": []}, {""main"": ""發言人電話"", ""sub"": []}, {""main"": ""主旨"", ""sub"": []}, {""main"": ""符合條款"", ""sub"": []}, {""main"": ""事實發生日"", ""sub"": []}, {""main"": ""說明"", ""sub"": []}], ""companyAbbreviation"": ""寶一""}, ""datetime"": ""115/08/11 18:49:18""}",2026-08-11 18:48:55
1150811|sii|2442|6,115/08/11,18:21:49,2442,新美齊,本公司董事會決議發行115年度第一次有擔保普通公司債,公司債,1150811,sii,6,"{""code"": 200, ""message"": ""查詢成功"", ""result"": {""marketName"": ""上市公司"", ""companyId"": ""2442"", ""data"": [[6, ""115/08/11"", ""18:21:49"", ""林傳捷"", ""董事長"", ""(02)5582-8168#3000"", ""本公司董事會決議發行115年度第一次有擔保普通公司債"", ""11"", ""115/08/11"", ""1.董事會決議日期:115/08/11\n2.名稱﹝XX公司第X次（有、無）擔保公司債﹞:新美齊股份有限公司\n115年度第一次有擔保普通公司債\n3.是否採總括申報發行公司債(是/否):否\n4.發行總額:新臺幣柒億元為上限。\n5.每張面額:新臺幣壹佰萬元整。\n6.發行價格:依票面金額十足發行。\n7.發行期間:五年期。\n8.發行利率:採固定利率發行，依訂價時市場狀況訂定，並授權董事長決定。\n9.擔保品之種類、名稱、金額及約定事項:銀行保證。\n10.募得價款之用途及運用計畫:償還銀行借款。\n11.承銷方式:授權董事長決定。\n12.公司債受託人:授權董事長決定。\n13.承銷或代銷機構:授權董事長決定。\n14.發行保證人:授權董事長決定。\n15.代理還本付息機構:授權董事長決定。\n16.簽證機構:採無實體發行，不適用。\n17.能轉換股份者，其轉換辦法:不適用。\n18.賣回條件:無。\n19.買回條件:買回日授權董事長決定。本公司得於買回日當日強制提前買回本公司債，\n本公司債之債權人不得有異議。本公司將於買回日30日前擇期公告買回，按債券面額\n加計實際持有期間之應付利息買回本公司債。\n20.附有轉換、交換或認股者，其換股基準日:不適用。\n21.附有轉換、交換或認股者，對股權可能稀釋情形:不適用。\n22.現金減資後再行募資之合理性及必要性\n(募資當年度及前一年度有辦理現金減資者適用):不適用。\n23.其他應敘明事項:無。""]], ""footer"": [""以上資料均由各公司依發言當時所屬市場別之規定申報後，由本系統對外公佈，資料如有虛偽不實，均由該公司負責。""], ""header"": {""note"": [], ""subTitle"": [], ""mainTitle"": [""公司當日重大訊息之詳細內容""]}, ""titles"": [{""main"": ""序號"", ""sub"": []}, {""main"": ""發言日期"", ""sub"": []}, {""main"": ""發言時間"", ""sub"": []}, {""main"": ""發言人"", ""sub"": []}, {""main"": ""發言人職稱"", ""sub"": []}, {""main"": ""發言人電話"", ""sub"": []}, {""main"": ""主旨"", ""sub"": []}, {""main"": ""符合條款"", ""sub"": []}, {""main"": ""事實發生日"", ""sub"": []}, {""main"": ""說明"", ""sub"": []}], ""companyAbbreviation"": ""新美齊""}, ""datetime"": ""115/08/11 18:49:18""}",2026-08-11 18:48:55
1150810|sii|3167|2,115/08/11,18:29:35,3167,大量,公告本公司國內第二次無擔保轉換公司債轉換普通股之發行新股基準日,公司債,1150810,sii,2,"{""code"": 200, ""message"": ""查詢成功"", ""result"": {""marketName"": ""上市公司"", ""companyId"": ""3167"", ""data"": [[2, ""115/08/11"", ""18:29:35"", ""林德錚"", ""策略長"", ""03-3686368#359"", ""公告本公司國內第二次無擔保轉換公司債轉換普通股之\r\n發行新股基準日"", ""11"", ""115/08/11"", ""1.董事會決議日期:115/08/11\n2.增資資金來源:國內第二次無擔保轉換公司債\n3.是否採總括申報發行新股(是，請併敘明預定發行期間/否):否\n4.全案發行總金額及股數(如屬盈餘或公積轉增資，發行股數則不含配發給員工部分):\n　發行總金額：新台幣8,012,430元\n　發行股數：801,243股\n5.採總括申報發行新股案件，本次發行金額及股數:不適用\n6.採總括申報發行新股案件，本次發行後，剩餘之金額及股數餘額:不適用\n7.每股面額:新台幣10元\n8.發行價格:不適用\n9.員工認購股數或配發金額:不適用\n10.公開銷售股數:不適用\n11.原股東認購或無償配發比例:不適用\n12.畸零股及逾期未認購股份之處理方式:不適用\n13.本次發行新股之權利義務:與原發行普通股股份相同\n14.本次增資資金用途:不適用\n15.現金減資後再行募資之合理性及必要性\n(募資當年度及前一年度有辦理現金減資者適用):不適用\n16.其他應敘明事項:\n　(1)本次公司債轉換普通股之發行新股基準日為115年8月12日，\n　　 並依法令規定辦理變更登記事宜。\n　(2)增資前實收資本額：新台幣895,134,910元\n　　 增資後實收資本額：新台幣903,147,340元""]], ""footer"": [""以上資料均由各公司依發言當時所屬市場別之規定申報後，由本系統對外公佈，資料如有虛偽不實，均由該公司負責。""], ""header"": {""note"": [], ""subTitle"": [], ""mainTitle"": [""公司當日重大訊息之詳細內容""]}, ""titles"": [{""main"": ""序號"", ""sub"": []}, {""main"": ""發言日期"", ""sub"": []}, {""main"": ""發言時間"", ""sub"": []}, {""main"": ""發言人"", ""sub"": []}, {""main"": ""發言人職稱"", ""sub"": []}, {""main"": ""發言人電話"", ""sub"": []}, {""main"": ""主旨"", ""sub"": []}, {""main"": ""符合條款"", ""sub"": []}, {""main"": ""事實發生日"", ""sub"": []}, {""main"": ""說明"", ""sub"": []}], ""companyAbbreviation"": ""大量""}, ""datetime"": ""115/08/11 18:49:19""}",2026-08-11 18:48:55
1150811|sii|3702|4,115/08/11,18:47:17,3702,大聯大,本公司董事會決議發行國內第四次無擔保轉換公司債,公司債,1150811,sii,4,"{""code"": 200, ""message"": ""查詢成功"", ""result"": {""marketName"": ""上市公司"", ""companyId"": ""3702"", ""data"": [[4, ""115/08/11"", ""18:47:17"", ""袁興文"", ""副總"", ""(02)2191-0068#85268"", ""本公司董事會決議發行國內第四次無擔保轉換公司債"", ""11"", ""115/08/11"", ""1.董事會決議日期:115/08/11\n2.名稱﹝XX公司第X次（有、無）擔保公司債﹞:\n大聯大控股股份有限公司國內第四次無擔保轉換公司債\n3.是否採總括申報發行公司債(是/否):否\n4.發行總額:\n暫定發行總面額新台幣壹佰伍拾億元整為上限\n5.每張面額:新台幣壹拾萬元整\n6.發行價格:暫定依票面金額之100%~100.5%發行\n7.發行期間:3年\n8.發行利率:票面利率0%\n9.擔保品之種類、名稱、金額及約定事項:不適用\n10.募得價款之用途及運用計畫:償還銀行借款\n11.承銷方式:採詢價圈購方式辦理公開承銷\n12.公司債受託人:授權董事長決定\n13.承銷或代銷機構:授權董事長決定\n14.發行保證人:不適用\n15.代理還本付息機構:本公司股務代理機構\n16.簽證機構:不適用\n17.能轉換股份者，其轉換辦法:\n相關辦法授權董事長視金融市場、資本市場狀況，依相關法令規定辦理，並報相關主\n管機關申報生效後另行公告\n18.賣回條件:\n相關辦法授權董事長視金融市場、資本市場狀況，依相關法令規定辦理，並報相關主\n管機關申報生效後另行公告\n19.買回條件:\n相關辦法授權董事長視金融市場、資本市場狀況，依相關法令規定辦理，並報相關主\n管機關申報生效後另行公告\n20.附有轉換、交換或認股者，其換股基準日:\n相關辦法授權董事長視金融市場、資本市場狀況，依相關法令規定辦理，並報相關主\n管機關申報生效後另行公告\n21.附有轉換、交換或認股者，對股權可能稀釋情形:\n相關辦法授權董事長視金融市場、資本市場狀況，依相關法令規定辦理，並報相關主\n管機關申報生效後另行公告\n22.現金減資後再行募資之合理性及必要性\n(募資當年度及前一年度有辦理現金減資者適用):不適用\n23.其他應敘明事項:\n本次發行國內第四次無擔保轉換公司債之重要內容，包括但不限於發行金額、發行價\n格、發行時程、發行及轉換辦法之訂定，以及計畫所需資金總額、資金來源、計畫項\n目、資金運用進度、預計可能產生效益及其他發行相關事宜，如遇有法令變更，經主\n管機關修正或因應主客觀環境因素而需訂定或修正時，擬授權董事長全權處理之。""]], ""footer"": [""以上資料均由各公司依發言當時所屬市場別之規定申報後，由本系統對外公佈，資料如有虛偽不實，均由該公司負責。""], ""header"": {""note"": [], ""subTitle"": [], ""mainTitle"": [""公司當日重大訊息之詳細內容""]}, ""titles"": [{""main"": ""序號"", ""sub"": []}, {""main"": ""發言日期"", ""sub"": []}, {""main"": ""發言時間"", ""sub"": []}, {""main"": ""發言人"", ""sub"": []}, {""main"": ""發言人職稱"", ""sub"": []}, {""main"": ""發言人電話"", ""sub"": []}, {""main"": ""主旨"", ""sub"": []}, {""main"": ""符合條款"", ""sub"": []}, {""main"": ""事實發生日"", ""sub"": []}, {""main"": ""說明"", ""sub"": []}], ""companyAbbreviation"": ""大聯大""}, ""datetime"": ""115/08/11 18:49:19""}",2026-08-11 18:48:55
1150810|otc|4105|1,115/08/10,17:31:37,4105,東洋,公告本公司115年7月份自結合併損益,自結合併,1150810,otc,1,"{""code"": 200, ""message"": ""查詢成功"", ""result"": {""marketName"": ""上櫃公司"", ""companyId"": ""4105"", ""data"": [[1, ""115/08/10"", ""17:31:37"", ""龔汝沁"", ""財務長"", ""26525999-2300"", ""公告本公司115年7月份自結合併損益"", ""53"", ""115/08/10"", ""1.事實發生日:115/08/10\n2.公司名稱:台灣東洋藥品工業股份有限公司\n3.與公司關係(請輸入本公司或子公司):本公司\n4.相互持股比例:不適用\n5.發生緣由:\n台灣東洋115年7月份合併營業收入為新台幣(以下同)537,048仟元，合併營業利益\n為131,031仟元，合併稅前淨利為158,659仟元；歸屬於母公司業主之稅後淨利為\n119,143仟元；每股盈餘為0.48元。\n115年累計至7月份為止，合併營業收入為3,709,199仟元，合併營業利益為\n1,107,564仟元，合併稅前淨利為1,276,314仟元；歸屬於母公司業主之稅後淨利為\n968,626仟元；每股盈餘為3.90元。\n6.因應措施:無。\n7.其他應敘明事項(若事件發生或決議之主體係屬公開發行以上公司，\n本則重大訊息同時符合證券交易法施行細則第7條第9款所定\n對股東權益或證券價格有重大影響之事項):上述自結數尚未經會計師查核或核閱，\n實際營收及獲利數字依本公司公告之每季經會計師簽證(核閱)之財務報告為準。""]], ""footer"": [""以上資料均由各公司依發言當時所屬市場別之規定申報後，由本系統對外公佈，資料如有虛偽不實，均由該公司負責。""], ""header"": {""note"": [], ""subTitle"": [], ""mainTitle"": [""公司當日重大訊息之詳細內容""]}, ""titles"": [{""main"": ""序號"", ""sub"": []}, {""main"": ""發言日期"", ""sub"": []}, {""main"": ""發言時間"", ""sub"": []}, {""main"": ""發言人"", ""sub"": []}, {""main"": ""發言人職稱"", ""sub"": []}, {""main"": ""發言人電話"", ""sub"": []}, {""main"": ""主旨"", ""sub"": []}, {""main"": ""符合條款"", ""sub"": []}, {""main"": ""事實發生日"", ""sub"": []}, {""main"": ""說明"", ""sub"": []}], ""companyAbbreviation"": ""東洋""}, ""datetime"": ""115/08/11 18:49:20""}",2026-08-11 18:48:55
1150810|otc|6667|3,115/08/10,17:52:38,6667,信紘科,公告本公司115年現金增資認股基準日等相關事宜,現金增資,1150810,otc,3,"{""code"": 200, ""message"": ""查詢成功"", ""result"": {""marketName"": ""上櫃公司"", ""companyId"": ""6667"", ""data"": [[3, ""115/08/10"", ""17:52:38"", ""林欣德"", ""共同執行長"", ""037-580791"", ""公告本公司115年現金增資認股基準日等相關事宜"", ""11"", ""115/08/10"", ""1.董事會決議或公司決定增資基準日期:115/08/10\n2.是否採總括申報發行新股(是，請併敘明預定發行期間/否):否\n3.主管機關申報生效日期:115/08/06\n4.董事會決議(追補)發行日期:115/05/07\n5.發行總金額及股數:\n發行總金額：新台幣42,000,000元；發行股數：4,200,000股\n6.採總括申報發行新股案件，本次發行金額及股數:不適用\n7.採總括申報發行新股案件，本次發行後，剩餘之金額及股數餘額:不適用\n8.每股面額:新台幣10元\n9.發行價格:實際發行價格授權董事長依「中華民國證券商業同業公會承銷商會員輔導\n發行公司募集與發行有價證券自律規則」第6條第1項規定，洽承銷商依當時市場狀況\n及相關法令共同議定之，俟定價後另行公告。\n10.員工認股股數:依公司法第267條規定，保留增資發行新股之15%計630,000股由員工\n認購。\n11.原股東認購比率:本次增資發行新股75%，計3,150,000股由原有股東按增資認股基\n準日股東名簿記載之持股比例認購，每1,000股認購63.92190991股，惟實際認股率以\n認股基準日股東名簿所載之股數為準。\n12.公開銷售方式及股數:依證券交易法第28條之1第2項規定，提撥增資發行新股之10%\n，計420,000股採公開申購方式對外公開承銷。\n13.畸零股及逾期未認購股份之處理方式:認購不足一股之畸零股，由股東自停止過戶日\n起五日內至本公司股務代理機構辦理合併湊成整股之登記，逾期未併湊者視同放棄。\n原股東及員工放棄認購之股份或拼湊不足一股之畸零股部份，授權董事長洽特定人按\n發行價格認購之。\n14.本次發行新股之權利義務:與原已發行普通股股份之權利義務相同。\n15.本次增資資金用途:償還銀行借款及充實營運資金。\n16.現金增資認股基準日:115/08/31\n17.最後過戶日:115/08/26\n18.停止過戶起始日期:115/08/27\n19.停止過戶截止日期:115/08/31\n20.股款繳納期間:\n(1)原股東及員工之股款繳納期間：115/09/07~115/09/11\n(2)特定人認股繳款期間：115/09/14~115/09/15\n21.與代收及專戶存儲價款行庫訂約日期:俟簽約後另行公告。\n22.委託代收存款機構:俟簽約後另行公告。\n23.委託存儲款項機構:俟簽約後另行公告。\n24.其他應敘明事項:\n(1)本公司於115年5月7日經董事會決議通過辦理現金增資發行新股案，業經金融監\n督管理委員會115年8月6日金管證發字第1150350970號核准申報生效在案。\n(2)以上增資相關事宜如經主管機關核定處理、修正或為因應法令修訂及其他未盡宜，\n須予變更時，董事會授權董事長全權辦理修正或調整。""]], ""footer"": [""以上資料均由各公司依發言當時所屬市場別之規定申報後，由本系統對外公佈，資料如有虛偽不實，均由該公司負責。""], ""header"": {""note"": [], ""subTitle"": [], ""mainTitle"": [""公司當日重大訊息之詳細內容""]}, ""titles"": [{""main"": ""序號"", ""sub"": []}, {""main"": ""發言日期"", ""sub"": []}, {""main"": ""發言時間"", ""sub"": []}, {""main"": ""發言人"", ""sub"": []}, {""main"": ""發言人職稱"", ""sub"": []}, {""main"": ""發言人電話"", ""sub"": []}, {""main"": ""主旨"", ""sub"": []}, {""main"": ""符合條款"", ""sub"": []}, {""main"": ""事實發生日"", ""sub"": []}, {""main"": ""說明"", ""sub"": []}], ""companyAbbreviation"": ""信紘科""}, ""datetime"": ""115/08/11 18:49:21""}",2026-08-11 18:48:55
1150810|otc|1586|3,115/08/10,17:58:30,1586,和勤,公告本公司115年現金增資催繳期間屆滿公告暨股票發放事宜,現金增資,1150810,otc,3,"{""code"": 200, ""message"": ""查詢成功"", ""result"": {""marketName"": ""上櫃公司"", ""companyId"": ""1586"", ""data"": [[3, ""115/08/10"", ""17:58:30"", ""謝章典"", ""總經理"", ""04-7980339"", ""公告本公司115年現金增資催繳期間屆滿公告暨股票發放事宜"", ""53"", ""115/08/10"", ""1.事實發生日:115/08/10\n2.公司名稱:和勤精機股份有限公司\n3.與公司關係(請輸入本公司或子公司):本公司\n4.相互持股比例:不適用\n5.發生緣由:本公司現金增資認股催繳期間自115年07月10日至115年08月10日\n下午3點30分止。\n6.因應措施:\n(1)未於催繳期間繳納股款之認股人，自115年08月10日下午3點30分停止繳納\n並喪失其權利。\n(2)於催繳期間繳款之認股人，所認購之股數預計於115年08月27日撥入該股東\n登記之集保帳戶。\n(3)若貴股東有任何疑問，請洽詢本公司股務代理機構：群益金鼎證券股份有限公司\n股務代理部，地址：台北市大安區敦化南路二段97號地下二樓，電話：(02)2702-3999。\n7.其他應敘明事項(若事件發生或決議之主體係屬公開發行以上公司，\n本則重大訊息同時符合證券交易法施行細則第7條第9款所定\n對股東權益或證券價格有重大影響之事項):無""]], ""footer"": [""以上資料均由各公司依發言當時所屬市場別之規定申報後，由本系統對外公佈，資料如有虛偽不實，均由該公司負責。""], ""header"": {""note"": [], ""subTitle"": [], ""mainTitle"": [""公司當日重大訊息之詳細內容""]}, ""titles"": [{""main"": ""序號"", ""sub"": []}, {""main"": ""發言日期"", ""sub"": []}, {""main"": ""發言時間"", ""sub"": []}, {""main"": ""發言人"", ""sub"": []}, {""main"": ""發言人職稱"", ""sub"": []}, {""main"": ""發言人電話"", ""sub"": []}, {""main"": ""主旨"", ""sub"": []}, {""main"": ""符合條款"", ""sub"": []}, {""main"": ""事實發生日"", ""sub"": []}, {""main"": ""說明"", ""sub"": []}], ""companyAbbreviation"": ""和勤""}, ""datetime"": ""115/08/11 18:49:21""}",2026-08-11 18:48:55
1150810|otc|8472|3,115/08/10,18:30:51,8472,納維康,公告本公司董事會決議通過更名全面換發有價證券(私募無擔保轉換公司債)相關事宜,公司債,1150810,otc,3,"{""code"": 200, ""message"": ""查詢成功"", ""result"": {""marketName"": ""上櫃公司"", ""companyId"": ""8472"", ""data"": [[3, ""115/08/10"", ""18:30:51"", ""施凱文"", ""總經理"", ""02-2711-8177"", ""公告本公司董事會決議通過更名全面換發有價證券(私募\r\n無擔保轉換公司債)相關事宜"", ""53"", ""115/08/10"", ""1.事實發生日:115/08/10\n2.公司名稱:納維康生技股份有限公司(原名:夠麻吉股份有限公司)\n3.與公司關係(請輸入本公司或子公司):本公司\n4.相互持股比例:不適用\n5.發生緣由:\n一、本公司於115年5月29日經股東常會決議通過修訂本公司「章程」案，有關更名業經\n新北市政府115年6月25日新北府經司字第1158046769號函核准在案，致公司債內容變更\n本公司名稱由「夠麻吉股份有限公司」更名為「納維康生技股份有限公司」。\n二、115年8月10日董事會決議，擬訂定115年9月11日為更名換發基準日，辦理新債券\n換發作業。\n6.因應措施:\n一、本次更名換發有價證券、股數、每股面額、總金額及換發之比率：\n(一)換發有價證券名稱：原名「夠麻吉股份有限公司國內第 1 次私募無擔保轉換\n公司債發行及轉換辦法」更名為「納維康生技股份有限公司國內第 1 次私募無\n擔保轉換公司債」。原簡稱「夠麻吉私債一」更名為「納維康私債一」,上櫃股票代號\n未變動仍為「YCQ5AA」。\n(二)私募可轉換公司債發行張數總計1,000張，每張面額新台幣壹拾萬元，共計\n新台幣100,000,000元，全數尚未轉換，對於未轉換之債券將以舊債券壹張換\n發新債券壹張。採無實體方式帳簿劃撥登錄及交付。\n(三)無實體換發有價證券基準日債權人名簿記載之債權人依其持債比例換發，\n換發比率1:1。\n(四)更名換發之新債券其權利義務與舊債券相同。\n二、本次變更公司名稱換發新債券日程：\n(一)舊轉換公司債最後過戶日：115年9月6日(因最後過戶日115年9月6日適逢假日，故\n現場過戶提前至115年9月4日，掛號郵寄者以115年9月6日（最後過戶日）\n郵戳日期為憑)。\n(二)舊轉換公司債停止過戶期間：115年9月7日至115年9月11日止。\n(三)可轉換公司債新債券換發基準日：115年9月11日。\n(四)可轉換公司債新債券開始換發日期：115年9月14日（採無實體發行）。\n(五)可轉換公司債新債券開始上櫃買賣日期：115年9月14日。自新債券(採無\n實體發行)上櫃之日起原上櫃買賣之舊債券不得作為買賣交割之標的。\n(六)可轉換公司債舊債券終止上櫃買賣日期：115年9月14日。\n三、換發之程序及手續：\n本次換發之公司債發行時即以無實體發行，因此將於可轉換公司債新債券開始\n櫃檯買賣日，逕由臺灣集中保管結算所股份有限公司統一換發為無實體之新公\n司債上櫃買賣，債權人不需辦理任何手續。\n四、其他未盡事宜，悉依公司法及其他相關法令辦理。\n7.其他應敘明事項(若事件發生或決議之主體係屬公開發行以上公司，\n本則重大訊息同時符合證券交易法施行細則第7條第9款所定\n對股東權益或證券價格有重大影響之事項):\n本案如因應法令修正或主管機關要求而需調整換股作業日程或其他未盡事宜，\n悉依公司法及其他相關法令規定辦理，並授權董事長全權處理之。""]], ""footer"": [""以上資料均由各公司依發言當時所屬市場別之規定申報後，由本系統對外公佈，資料如有虛偽不實，均由該公司負責。""], ""header"": {""note"": [], ""subTitle"": [], ""mainTitle"": [""公司當日重大訊息之詳細內容""]}, ""titles"": [{""main"": ""序號"", ""sub"": []}, {""main"": ""發言日期"", ""sub"": []}, {""main"": ""發言時間"", ""sub"": []}, {""main"": ""發言人"", ""sub"": []}, {""main"": ""發言人職稱"", ""sub"": []}, {""main"": ""發言人電話"", ""sub"": []}, {""main"": ""主旨"", ""sub"": []}, {""main"": ""符合條款"", ""sub"": []}, {""main"": ""事實發生日"", ""sub"": []}, {""main"": ""說明"", ""sub"": []}], ""companyAbbreviation"": ""納維康""}, ""datetime"": ""115/08/11 18:49:22""}",2026-08-11 18:48:55
1150810|otc|7777|2,115/08/10,19:39:02,7777,能率亞洲,公告本公司115年現金增資認股基準日等相關事宜,現金增資,1150810,otc,2,"{""code"": 200, ""message"": ""查詢成功"", ""result"": {""marketName"": ""上櫃公司"", ""companyId"": ""7777"", ""data"": [[2, ""115/08/10"", ""19:39:02"", ""游智元"", ""總經理"", ""02-27403628"", ""公告本公司115年現金增資認股基準日等相關事宜"", ""11"", ""115/08/10"", ""1.董事會決議或公司決定增資基準日期:115/08/10\n2.是否採總括申報發行新股(是，請併敘明預定發行期間/否): 否\n3.主管機關申報生效日期:115/08/07\n4.董事會決議(追補)發行日期:115/07/13\n5.發行總金額及股數:新台幣160,000,000元；發行股數：16,000,000股\n6.採總括申報發行新股案件，本次發行金額及股數:不適用\n7.採總括申報發行新股案件，本次發行後，剩餘之金額及股數餘額:不適用\n8.每股面額:新台幣10元\n9.發行價格: 實際發行價格授權董事長依「中華民國證券商業同業公會\n承銷商會員輔導發行公司募集與發行有價證券自律規則」第6條第1項規定\n，洽承銷商依當時市場狀況及相關法令共同議定之，俟定價後另行公告。\n10.員工認股股數:依公司法第267條規定，保留增資發行新股之15%計\n2,400,000股由員工認購。\n11.原股東認購比率:本次增資發行新股75%，計12,000,000股由原有股東按增資\n認股基準日股東名簿記載之持股比例認購，每1,000股認購64.30652778股，\n惟實際認股率以認股基準日股東名簿所載之股數為準。\n12.公開銷售方式及股數:\n依證券交易法第28條之1第2項規定，提撥增資發行新股之10%，計1,600,000股\n採公開申購方式對外公開承銷。\n13.畸零股及逾期未認購股份之處理方式:認購不足一股之畸零股，得由股東於\n認股基準日起五日內，逕向本公司股務代理機構自行辦理拼湊認購，其拼湊\n後仍不足一股或逾期未拼湊之畸零股，及原股東、員工放棄認購或認購不足\n之股份，擬授權董事長洽特定人按發行價格認購之。\n14.本次發行新股之權利義務:與原已發行普通股股份之權利義務相同。\n15.本次增資資金用途:充實營運資金。\n16.現金增資認股基準日:115/08/31\n17.最後過戶日:115/08/26\n18.停止過戶起始日期:115/08/27\n19.停止過戶截止日期:115/08/31\n20.股款繳納期間:115/09/03~115/09/09\n21.與代收及專戶存儲價款行庫訂約日期:115/08/10\n22.委託代收存款機構:永豐商業銀行營業部\n23.委託存儲款項機構: 永豐商業銀行台北分行\n24.其他應敘明事項:\n(1)本公司於115年7月13日經董事會決議通過辦理現金增資發行新股\n案，業經金融監督管理委員會於115年8月07日金管證發字第1150351144號\n核准申報生效在案。\n(2)以上增資相關事項如經主管機關核定應予修正或因應法令修訂及\n其他未盡事宜須予變更時，董事會授權董事長全權辦理修正或調整。""]], ""footer"": [""以上資料均由各公司依發言當時所屬市場別之規定申報後，由本系統對外公佈，資料如有虛偽不實，均由該公司負責。""], ""header"": {""note"": [], ""subTitle"": [], ""mainTitle"": [""公司當日重大訊息之詳細內容""]}, ""titles"": [{""main"": ""序號"", ""sub"": []}, {""main"": ""發言日期"", ""sub"": []}, {""main"": ""發言時間"", ""sub"": []}, {""main"": ""發言人"", ""sub"": []}, {""main"": ""發言人職稱"", ""sub"": []}, {""main"": ""發言人電話"", ""sub"": []}, {""main"": ""主旨"", ""sub"": []}, {""main"": ""符合條款"", ""sub"": []}, {""main"": ""事實發生日"", ""sub"": []}, {""main"": ""說明"", ""sub"": []}], ""companyAbbreviation"": ""能率亞洲""}, ""datetime"": ""115/08/11 18:49:22""}",2026-08-11 18:48:55
1150810|otc|8436|3,115/08/10,20:40:55,8436,大江,公告本公司董事會決議買回庫藏股,庫藏股,1150810,otc,3,"{""code"": 200, ""message"": ""查詢成功"", ""result"": {""marketName"": ""上櫃公司"", ""companyId"": ""8436"", ""data"": [[3, ""115/08/10"", ""20:40:55"", ""邱薇穎"", ""財務長"", ""(02)8797-7811"", ""公告本公司董事會決議買回庫藏股"", ""35"", ""115/08/10"", ""1.董事會決議日期:115/08/10\r\n2.買回股份目的:轉讓股份予員工\r\n3.買回股份種類:普通股\r\n4.買回股份總金額上限(元):4,684,475,472\r\n5.預定買回之期間:115/08/11~115/10/09\r\n6.預定買回之數量(股):500,000\r\n7.買回區間價格(元):88.00~173.00，公司股價低於區間價格下限，將繼續買回\r\n8.買回方式:自集中交易市場買回\r\n9.預定買回股份占公司已發行股份總數之比率(%):0.42\r\n10.申報時已持有本公司股份之累積股數(股):0\r\n11.申報前五年內買回公司股份之情形:\r\n無買回\r\n12.已申報買回但未執行完畢之情形:\r\n無\r\n13.董事會決議買回股份之會議紀錄:\r\n第四案：擬買回本公司股份案，提請討論。\r\n說明：\r\n1.買回股份目的:轉讓股份予員工\r\n2.買回股份種類:普通股\r\n3.買回股份總金額上限(元):4,684,475,472\r\n4.預定買回之期間:2026/08/11~2026/10/9\r\n5.預定買回之數量(股):500,000\r\n6.買回區間價格(元): 88~173(公司股價低於區間價格下限，將繼續買回)\r\n7.買回方式:自集中交易市場買回\r\n8.預定買回股份占公司已發行股份總數之比率(%):0.42\r\n9.申報時已持有本公司股份之累積股數(股):0\r\n10.申報前五年內買回公司股份之情形:無。\r\n11.已申報買回但未執行完畢之情形:無。\r\n買回股份價格之合理性評估意見請參閱【附件三】，\r\n買回股份轉讓員工辦法請參閱【附件四】。\r\n上述未盡事宜授權董事長全權處理之。\r\n謹提請討論。\r\n決　議：本案經主席徵詢全體出席董事無異議照案通過。\r\n14.「上市上櫃公司買回本公司股份辦法」第十條規定之轉讓辦法:\r\n第一條\r\n本公司為提高經營績效並留住優秀人才、激勵員工士氣提升員工向心力，依據證券交易法第二十八\r\n條之二第一項第一款及金融監督管理委員會發布之『上市上櫃公司買回本公司股份辦法』等相關規\r\n定，訂定本公司買回股份轉讓員工辦法。本公司買回股份轉讓予員工，除依有關法令規定外，悉依\r\n本辦法規定辦理。\r\n第二條\t轉讓股份之種類、權利內容及權利受限情形\r\n本次轉讓予員工之股份為普通股，其權利義務除有關法令及本辦法另有規定者外，與其他流通在外\r\n普通股相同。\r\n第三條\t轉讓期間\r\n本次買回之股份，得依本辦法之規定，自買回股份之日起五年內，將採分次轉讓予員工。\r\n第四條\t受讓人之資格\r\n凡於認股基準日前到職滿半年或對公司有特殊貢獻經提報董事會同意之本公司及國內外子公司（所\r\n稱子公司係指直接或間接持有同一被投資公司表決權股份超過百分之五十之子公司）員工(係指正職\r\n之正式員工)，得依本辦法第五條所訂認購數額，享有認購資格。\r\n第五條\t受讓之程序\r\n員工得認購股數，由總經理考量員工職等、服務年資及對公司之特殊貢獻，且員工得受讓之股份總\r\n額以不超過認股基準日時公司持有之買回股份總額等因素後，訂定員工得受讓股份權數，並呈送董\r\n事長同意後施行。\r\n第六條\t買回股份轉讓予員工之作業程序\r\n本次買回股份轉讓予員工之作業程序：\r\n1.依董事會之決議，公告、申報並於執行期限內買回本公司股份。\r\n2.董事會授權董事長依本辦法訂定及公佈員工認股基準日、得認購股數標準、認購繳款期間、權利\r\n內容及限制條件等作業事項。 \r\n3.統計實際認購繳款股數，辦理股票轉讓過戶登記。\r\n第七條\t每股轉讓價格\r\n本次買回股份轉讓予員工，以實際買回之平均價格為轉讓價格；惟在轉讓前，如遇有公司已發行之\r\n普通股股份增加或減少，得按發行股份增加或減少比率調整之。\r\n轉讓價格調整公式=實際買回平均價格*(公司申報買回股份時之普通股股份總數\r\n/公司轉讓買回股份予員工前之普通股股份總數)\r\n第八條\t轉讓後之權利義務\r\n本次買回股份轉讓予員工並辦理過戶登記後，除另有規定者外，餘權利義務與原有股份相同。\r\n第九條\t受讓員工之權利義務事項\r\n員工依本辦法享有之員工認股權利不得轉讓。\r\n第十條\t其他\r\n本辦法經董事會決議通過後生效，修訂時亦同。本辦法並應提報股東會報告，修訂時亦同。\r\n第十一條\r\n本辦法訂定於民國 115年 8月 10日。\r\n15.「上市上櫃公司買回本公司股份辦法」第十一條規定之轉換或認股辦法:\r\n不適用\r\n16.董事會已考慮公司財務狀況，不影響公司資本維持之聲明:\r\n上述買回股份總數僅占本公司已發行股份0.42%，且買回股份所需金額上限僅占本公司流動資產\r\n60.11%，茲聲明本公司董事會已考慮公司財務狀況，上述股份之買回並不影響本公司資本維持。\r\n17.會計師或證券承銷商對買回股份價格之合理性評估意見:\r\n富邦綜合證券股份有限公司評估，大江生醫股份有限公司本次買回公司股份訂定之價格區間，其決策過\r\n程具合法性，價格區間之訂定及對公司財務狀況之影響在合理範圍內，無重大異常情事。\r\n18.其他證期局所規定之事項:\r\n無""]], ""footer"": [""以上資料均由各公司依發言當時所屬市場別之規定申報後，由本系統對外公佈，資料如有虛偽不實，均由該公司負責。""], ""header"": {""note"": [], ""subTitle"": [], ""mainTitle"": [""公司當日重大訊息之詳細內容""]}, ""titles"": [{""main"": ""序號"", ""sub"": []}, {""main"": ""發言日期"", ""sub"": []}, {""main"": ""發言時間"", ""sub"": []}, {""main"": ""發言人"", ""sub"": []}, {""main"": ""發言人職稱"", ""sub"": []}, {""main"": ""發言人電話"", ""sub"": []}, {""main"": ""主旨"", ""sub"": []}, {""main"": ""符合條款"", ""sub"": []}, {""main"": ""事實發生日"", ""sub"": []}, {""main"": ""說明"", ""sub"": []}], ""companyAbbreviation"": ""大江""}, ""datetime"": ""115/08/11 18:49:23""}",2026-08-11 18:48:55
1150810|otc|8436|4,115/08/10,20:41:20,8436,大江,公告本公司董事會決議通過現金增資TCIBIOTECHUSALLC案,現金增資,1150810,otc,4,"{""code"": 200, ""message"": ""查詢成功"", ""result"": {""marketName"": ""上櫃公司"", ""companyId"": ""8436"", ""data"": [[4, ""115/08/10"", ""20:41:20"", ""邱薇穎"", ""財務長"", ""(02)8797-7811"", ""公告本公司董事會決議通過現金增資TCI BIOTECH USA LLC案"", ""20"", ""115/08/10"", ""1.標的物之名稱及性質（屬特別股者，並應標明特別股約定發行條件，如股息率等）:\r\nTCI BIOTECH USA LLC；現金增資\r\n2.事實發生日:115/8/10~115/8/10\r\n3.董事會通過日期: 民國115年8月10日\r\n4.其他核決日期: 不適用\r\n5.交易數量、每單位價格及交易總金額:\r\n不超過美金2,000萬元\r\n6.交易相對人及其與公司之關係（交易相對人如屬自然人，且非公司之\r\n關係人者，得免揭露其姓名）:\r\n交易相對人：TCI BIOTECH USA LLC\n與公司之關係：本公司間接持股100%之子公司\r\n7.交易相對人為關係人者，並應公告選定關係人為交易對象之原因及前次移\r\n轉之所有人、前次移轉之所有人與公司及交易相對人間相互之關係、前次\r\n移轉日期及移轉金額:\r\n不適用\r\n8.交易標的最近五年內所有權人曾為公司之關係人者，尚應公告關係人之取\r\n得及處分日期、價格及交易當時與公司之關係:\r\n不適用\r\n9.本次係處分債權之相關事項（含處分之債權附隨擔保品種類、處分債權\r\n如有屬對關係人債權者尚需公告關係人名稱及本次處分該關係人之債權\r\n帳面金額:\r\n不適用\r\n10.處分利益（或損失）（取得有價證券者不適用）（原遞延者應列表說明\r\n認列情形）:\r\n不適用\r\n11.交付或付款條件（含付款期間及金額）、契約限制條款及其他重要約定\r\n事項:\r\n依TCI BIOTECH USA LLC 現金增資條件規定辦理\r\n12.本次交易之決定方式、價格決定之參考依據及決策單位:\r\n本公司董事會\r\n13.取得或處分有價證券標的公司每股淨值:\r\n0.97元\r\n14.迄目前為止，累積持有本交易證券（含本次交易）之數量、金額、持股\r\n比例及權利受限情形（如質押情形）:\r\n金額：USD37,500,000\n持股比：100%\n權利受限情形：無\r\n15.迄目前為止，依「公開發行公司取得或處分資產處理準則」第三條所列\r\n之有價證券投資（含本次交易）占公司最近期財務報表中總資產及歸屬\r\n於母公司業主之權益之比例暨最近期財務報表中營運資金數額（註二）:\r\n占公司最近期財務報表中總資產之比例：8.51%\n占公司最近期財務報表中歸屬於母公司業主之權益之比例：15.75%\n最近期財務報表中營運資金數額：3,146,118仟元\r\n16.經紀人及經紀費用:\r\n不適用\r\n17.取得或處分之具體目的或用途:\r\n長期投資\r\n18.本次交易表示異議董事之意見:\r\n無\r\n19.本次交易為關係人交易:否\r\n20.監察人承認或審計委員會同意日期:\r\n民國115年8月10日\r\n21.本次交易會計師出具非合理性意見:不適用\r\n22.會計師事務所名稱:\r\n不適用\r\n23.會計師姓名:\r\n不適用\r\n24.會計師開業證書字號:\r\n不適用\r\n25.是否涉及營運模式變更:否\r\n26.營運模式變更說明:\r\n不適用\r\n27.過去一年及預計未來一年內與交易相對人交易情形:\r\n不適用\r\n28.資金來源:\r\n不適用\r\n29.前已就同一件事件發布重大訊息日期: 不適用\r\n30.其他敘明事項:\r\n本次現金增資TCI Biotech USA LLC不超過美金2,000萬元，係透過投資架構先以現金\n增資TCI Biotech Netherlands B.V.，再轉投資TCI BIOTECH LLC，後轉投資\nTCI Biotech USA LLC。\n(前述公司皆為本公司直接及間接持股100%之子公司)""]], ""footer"": [""以上資料均由各公司依發言當時所屬市場別之規定申報後，由本系統對外公佈，資料如有虛偽不實，均由該公司負責。""], ""header"": {""note"": [], ""subTitle"": [], ""mainTitle"": [""公司當日重大訊息之詳細內容""]}, ""titles"": [{""main"": ""序號"", ""sub"": []}, {""main"": ""發言日期"", ""sub"": []}, {""main"": ""發言時間"", ""sub"": []}, {""main"": ""發言人"", ""sub"": []}, {""main"": ""發言人職稱"", ""sub"": []}, {""main"": ""發言人電話"", ""sub"": []}, {""main"": ""主旨"", ""sub"": []}, {""main"": ""符合條款"", ""sub"": []}, {""main"": ""事實發生日"", ""sub"": []}, {""main"": ""說明"", ""sub"": []}], ""companyAbbreviation"": ""大江""}, ""datetime"": ""115/08/11 18:49:23""}",2026-08-11 18:48:55
1150811|otc|3081|1,115/08/11,13:39:26,3081,聯亞,公告本公司國內第一次有擔保轉換公司債收足價款,公司債,1150811,otc,1,"{""code"": 200, ""message"": ""查詢成功"", ""result"": {""marketName"": ""上櫃公司"", ""companyId"": ""3081"", ""data"": [[1, ""115/08/11"", ""13:39:26"", ""楊吉裕"", ""財務長"", ""(06)5058999"", ""公告本公司國內第一次有擔保轉換公司債收足價款"", ""53"", ""115/08/11"", ""1.事實發生日:115/08/11\n2.公司名稱:聯亞光電工業股份有限公司\n3.與公司關係(請輸入本公司或子公司):本公司\n4.相互持股比例:不適用\n5.發生緣由:依據「發行人募集與發行有價證券處理準則」第九條第一項第二款規定辦\n理公告，本公司發行國內第一次有擔保轉換公司債案至公告日止，債款代收銀行業已\n收足所有應募款項並匯撥至專戶存儲銀行，共計新台幣1,486,598,060元，特此公告。\n6.因應措施:無\n7.其他應敘明事項(若事件發生或決議之主體係屬公開發行以上公司，\n本則重大訊息同時符合證券交易法施行細則第7條第9款所定\n對股東權益或證券價格有重大影響之事項):無""]], ""footer"": [""以上資料均由各公司依發言當時所屬市場別之規定申報後，由本系統對外公佈，資料如有虛偽不實，均由該公司負責。""], ""header"": {""note"": [], ""subTitle"": [], ""mainTitle"": [""公司當日重大訊息之詳細內容""]}, ""titles"": [{""main"": ""序號"", ""sub"": []}, {""main"": ""發言日期"", ""sub"": []}, {""main"": ""發言時間"", ""sub"": []}, {""main"": ""發言人"", ""sub"": []}, {""main"": ""發言人職稱"", ""sub"": []}, {""main"": ""發言人電話"", ""sub"": []}, {""main"": ""主旨"", ""sub"": []}, {""main"": ""符合條款"", ""sub"": []}, {""main"": ""事實發生日"", ""sub"": []}, {""main"": ""說明"", ""sub"": []}], ""companyAbbreviation"": ""聯亞""}, ""datetime"": ""115/08/11 18:49:23""}",2026-08-11 18:48:55
1150811|otc|8277|2,115/08/11,14:34:27,8277,商丞,公告本公司董事會決議辦理現金增資發行新股案,現金增資,1150811,otc,2,"{""code"": 200, ""message"": ""查詢成功"", ""result"": {""marketName"": ""上櫃公司"", ""companyId"": ""8277"", ""data"": [[2, ""115/08/11"", ""14:34:27"", ""謝大偉"", ""副總經理"", ""(02)87971108"", ""公告本公司董事會決議辦理現金增資發行新股案"", ""11"", ""115/08/11"", ""1.董事會決議日期:115/08/11\n2.增資資金來源:現金增資發行普通股\n3.是否採總括申報發行新股(是，請併敘明預定發行期間/否):否\n4.全案發行總金額及股數(如屬盈餘或公積轉增資，發行股數則不含配發給員工部分):\n 發行普通股新股上限10,000仟股，每股面額新臺幣10元，發行總面額上限新臺\n 幣100,000仟元，發行總金額依每股實際發行價格而定。\n5.採總括申報發行新股案件，本次發行金額及股數:不適用。\n6.採總括申報發行新股案件，本次發行後，剩餘之金額及股數餘額:不適用。\n7.每股面額:新臺幣10元。\n8.發行價格:本次現金增資每股發行價格依「中華民國證券商業同業公會承銷商\n 會員輔導發行公司募集與發行有價證券自律規則」(以下簡稱「自律規則」)\n 第六條第一項規定，於向金管會申報案件及除權交易日前五個營業日，皆不得\n 低於其前一、三、五個營業日擇一計算之普通股收盤價簡單算術平均數扣除無\n 償配股除權（或減資除權）及除息後平均股價之七成。\n 考量資本市場籌資環境變化快速，向金管會申報案件日之暫定每股發行價格及\n 呈奉主管機關申報生效後之實際發行價格，擬授權董事長依前述「自律規則」\n 第六條第一項規定計算，於平均股價之70%至100%區間內，與主辦承銷商依當\n 時市場狀況及相關法令共同議定之。\n9.員工認購股數或配發金額:依公司法第二百六十七條規定，保留本次現金增資\n 發行新股總數之15%，計1,500仟股，由本公司員工認購。\n10.公開銷售股數:依證券交易法第二十八條之一規定，提撥本次現金增資發行　\n  新股總數之10%，計1,000仟股，對外辦理公開申購。\n11.原股東認購或無償配發比例(請註明暫定每仟股認購或配發股數):本次現金增資\n  發行新股總數其餘之75%，計7,500仟股，由原股東依認股基準日股東名簿所載\n  之持股比例認購之。\n12.畸零股及逾期未認購股份之處理方式:原股東認購不足一股之畸零股，自停止\n  過戶日起五日內，由股東自行向本公司股務代理機構辦理拼湊整股認購；原股\n  東拼湊不足一股之畸零股，以及原股東或員工放棄認購、認購不足或逾期未拼\n  湊之股份，擬授權董事長洽特定人按本次現金增資實際發行價格認購之。\n13.本次發行新股之權利義務:本次現金增資發行新股採無實體發行，所發行新股\n  將依相關法令規定向財團法人中華民國證券櫃檯買賣中心申請上櫃掛牌買賣，\n  其權利義務與原已發行普通股股份相同。\n14.本次增資資金用途:充實營運資金。\n15.現金減資後再行募資之合理性及必要性\n(募資當年度及前一年度有辦理現金減資者適用):不適用\n16.其他應敘明事項:\n  (1)本次現金增資發行新股之發行股數、發行價格、發行條件、發行計畫、計畫\n     項目、預定資金運用進度、預計可能產生效益及其他發行相關事宜，如因主\n     管機關核定修正、相關法令修正，或因應客觀環境變動而需調整或修正時，\n     擬授權董事長依相關法令規定全權處理之。\n  (2)本次現金增資發行新股，如每股實際發行價格因市場變動而調整，致募集資\n     金不足原預計募集金額時，其差額將以減少充實營運資金之金額因應；如實\n     際募集資金總額高於原預計募集金額，增加之募集資金將用於充實營運資金。\n  (3)嗣後如因本公司股本發生變動，致流通在外股份數量變動，進而影響原股東\n     認購比例或各類認購股份數量需配合調整時，擬授權董事長依相關法令規定\n     全權處理之。\n  (4)本次現金增資發行新股案俟奉主管機關申報生效後，有關認股基準日、股款\n     繳款期間、增資基準日及其他本次增資相關事宜，擬授權董事長視實際情況\n     依相關法令規定訂定及辦理，並授權董事長於除權交易日前五個營業日決定\n     實際發行價格及辦理增資發行相關事宜。\n  (5)為配合前揭現金增資發行新股籌資計畫之相關發行作業，擬授權董事長核決\n     並代表本公司簽署一切有關辦理現金增資發行新股之契約及文件，暨代表本\n     公司辦理相關發行事宜。""]], ""footer"": [""以上資料均由各公司依發言當時所屬市場別之規定申報後，由本系統對外公佈，資料如有虛偽不實，均由該公司負責。""], ""header"": {""note"": [], ""subTitle"": [], ""mainTitle"": [""公司當日重大訊息之詳細內容""]}, ""titles"": [{""main"": ""序號"", ""sub"": []}, {""main"": ""發言日期"", ""sub"": []}, {""main"": ""發言時間"", ""sub"": []}, {""main"": ""發言人"", ""sub"": []}, {""main"": ""發言人職稱"", ""sub"": []}, {""main"": ""發言人電話"", ""sub"": []}, {""main"": ""主旨"", ""sub"": []}, {""main"": ""符合條款"", ""sub"": []}, {""main"": ""事實發生日"", ""sub"": []}, {""main"": ""說明"", ""sub"": []}], ""companyAbbreviation"": ""商丞""}, ""datetime"": ""115/08/11 18:49:24""}",2026-08-11 18:48:55
1150811|otc|6712|1,115/08/11,14:34:55,6712,長聖,公告本公司董事會決議庫藏股註銷暨訂定減資基準日,庫藏股,1150811,otc,1,"{""code"": 200, ""message"": ""查詢成功"", ""result"": {""marketName"": ""上櫃公司"", ""companyId"": ""6712"", ""data"": [[1, ""115/08/11"", ""14:34:55"", ""許錦婷"", ""專案管理部經理"", ""04-23252888"", ""公告本公司董事會決議庫藏股註銷暨訂定減資基準日"", ""11"", ""115/08/10"", ""1.董事會決議日期:115/08/10\n2.減資緣由:依證券交易法第28條之2規定，註銷本公司第三次買回庫藏股。\n3.減資金額:新台幣179,405,436元。\n4.消除股份:1,275,000股。\n5.減資比率:1.25%\n6.減資後股本:新台幣1,004,888,610元\n7.預定股東會日期:NA\n8.預計減資新股上櫃後之上櫃普通股股數:不適用。\n9.預計減資新股上櫃後之上櫃普通股股數占已發行普通股比率\n（減資後上櫃普通股股數/減資後已發行普通股):不適用。\n10.前二項預計減資後上櫃普通股股數未達500萬股且未達25%者，請說明\n股權流通性偏低之因應措施:不適用。\n11.減資基準日:115/08/10。\n12.其他應敘明事項:無。""]], ""footer"": [""以上資料均由各公司依發言當時所屬市場別之規定申報後，由本系統對外公佈，資料如有虛偽不實，均由該公司負責。""], ""header"": {""note"": [], ""subTitle"": [], ""mainTitle"": [""公司當日重大訊息之詳細內容""]}, ""titles"": [{""main"": ""序號"", ""sub"": []}, {""main"": ""發言日期"", ""sub"": []}, {""main"": ""發言時間"", ""sub"": []}, {""main"": ""發言人"", ""sub"": []}, {""main"": ""發言人職稱"", ""sub"": []}, {""main"": ""發言人電話"", ""sub"": []}, {""main"": ""主旨"", ""sub"": []}, {""main"": ""符合條款"", ""sub"": []}, {""main"": ""事實發生日"", ""sub"": []}, {""main"": ""說明"", ""sub"": []}], ""companyAbbreviation"": ""長聖""}, ""datetime"": ""115/08/11 18:49:24""}",2026-08-11 18:48:55
1150811|otc|6913|3,115/08/11,14:35:06,6913,鴻呈,公告本公司董事會決議現金增資子公司VSOVNELECTRONICS(HANOI)COMPANYLIMITED,現金增資,1150811,otc,3,"{""code"": 200, ""message"": ""查詢成功"", ""result"": {""marketName"": ""上櫃公司"", ""companyId"": ""6913"", ""data"": [[3, ""115/08/11"", ""14:35:06"", ""林星宏"", ""總經理"", ""(02)3234-3038"", ""公告本公司董事會決議現金增資子公司VSOVN ELECTRONICS (HANOI) COMPANY LIMITED"", ""20"", ""115/08/11"", ""1.標的物之名稱及性質（屬特別股者，並應標明特別股約定發行條件，如股息率等）:\r\nVSOVN ELECTRONICS (HANOI) COMPANY LIMITED普通股\r\n2.事實發生日:115/8/11~115/8/11\r\n3.董事會通過日期: 民國115年8月11日\r\n4.其他核決日期: 不適用\r\n5.交易數量、每單位價格及交易總金額:\r\n本次增資總金額：美金5,000,000元\r\n6.交易相對人及其與公司之關係（交易相對人如屬自然人，且非公司之\r\n關係人者，得免揭露其姓名）:\r\n本公司100%持股之子公司\r\n7.交易相對人為關係人者，並應公告選定關係人為交易對象之原因及前次移\r\n轉之所有人、前次移轉之所有人與公司及交易相對人間相互之關係、前次\r\n移轉日期及移轉金額:\r\n不適用\r\n8.交易標的最近五年內所有權人曾為公司之關係人者，尚應公告關係人之取\r\n得及處分日期、價格及交易當時與公司之關係:\r\n不適用\r\n9.本次係處分債權之相關事項（含處分之債權附隨擔保品種類、處分債權\r\n如有屬對關係人債權者尚需公告關係人名稱及本次處分該關係人之債權\r\n帳面金額:\r\n不適用\r\n10.處分利益（或損失）（取得有價證券者不適用）（原遞延者應列表說明\r\n認列情形）:\r\n不適用\r\n11.交付或付款條件（含付款期間及金額）、契約限制條款及其他重要約定\r\n事項:\r\n依資金需求分次投資\r\n12.本次交易之決定方式、價格決定之參考依據及決策單位:\r\n董事會\r\n13.取得或處分有價證券標的公司每股淨值:\r\n不適用\r\n14.迄目前為止，累積持有本交易證券（含本次交易）之數量、金額、持股\r\n比例及權利受限情形（如質押情形）:\r\n累計投資總額：美金20,000,000元\n持股比例:100%\r\n15.迄目前為止，依「公開發行公司取得或處分資產處理準則」第三條所列\r\n之有價證券投資（含本次交易）占公司最近期財務報表中總資產及歸屬\r\n於母公司業主之權益之比例暨最近期財務報表中營運資金數額（註二）:\r\n(1)占公司最近期財務報表中總資產：22.85%\n(2)占公司最近期財務報表中母公司業主之權益：39.41%\n(3)最近期財務報表中營運資金：新台幣1,090,178仟元\r\n16.經紀人及經紀費用:\r\n不適用\r\n17.取得或處分之具體目的或用途:\r\n長期股權投資\r\n18.本次交易表示異議董事之意見:\r\n無\r\n19.本次交易為關係人交易:是\r\n20.監察人承認或審計委員會同意日期:\r\n民國115年8月11日\r\n21.本次交易會計師出具非合理性意見:不適用\r\n22.會計師事務所名稱:\r\n不適用\r\n23.會計師姓名:\r\n不適用\r\n24.會計師開業證書字號:\r\n不適用\r\n25.是否涉及營運模式變更:否\r\n26.營運模式變更說明:\r\n不適用\r\n27.過去一年及預計未來一年內與交易相對人交易情形:\r\n不適用\r\n28.資金來源:\r\n不適用\r\n29.前已就同一件事件發布重大訊息日期: 不適用\r\n30.其他敘明事項:\r\n匯率係以115年8月6日臺灣銀行美金收盤平均匯率32.245計算之。""]], ""footer"": [""以上資料均由各公司依發言當時所屬市場別之規定申報後，由本系統對外公佈，資料如有虛偽不實，均由該公司負責。""], ""header"": {""note"": [], ""subTitle"": [], ""mainTitle"": [""公司當日重大訊息之詳細內容""]}, ""titles"": [{""main"": ""序號"", ""sub"": []}, {""main"": ""發言日期"", ""sub"": []}, {""main"": ""發言時間"", ""sub"": []}, {""main"": ""發言人"", ""sub"": []}, {""main"": ""發言人職稱"", ""sub"": []}, {""main"": ""發言人電話"", ""sub"": []}, {""main"": ""主旨"", ""sub"": []}, {""main"": ""符合條款"", ""sub"": []}, {""main"": ""事實發生日"", ""sub"": []}, {""main"": ""說明"", ""sub"": []}], ""companyAbbreviation"": ""鴻呈""}, ""datetime"": ""115/08/11 18:49:25""}",2026-08-11 18:48:55
1150811|otc|5465|2,115/08/11,15:50:44,5465,富驊,"代子公司-LoyaltyFounder(Thailand)Co.,Ltd.公告辦理現金增資事宜",現金增資,1150811,otc,2,"{""code"": 200, ""message"": ""查詢成功"", ""result"": {""marketName"": ""上櫃公司"", ""companyId"": ""5465"", ""data"": [[2, ""115/08/11"", ""15:50:44"", ""王駿東"", ""董事長"", ""(03)3269123"", ""代子公司-Loyalty Founder (Thailand) Co., Ltd.\r\n公告辦理現金增資事宜"", ""11"", ""115/08/11"", ""1.董事會決議日期:115/08/11\n2.增資資金來源:現金增資\n3.是否採總括申報發行新股(是，請併敘明預定發行期間/否):否\n4.全案發行總金額及股數(如屬盈餘或公積轉增資，發行股數則不含配發給員工部分):\n美金800萬元的等值泰銖\n5.採總括申報發行新股案件，本次發行金額及股數:不適用。\n6.採總括申報發行新股案件，本次發行後，剩餘之金額及股數餘額:不適用。\n7.每股面額:泰銖100元\n8.發行價格:泰銖100元\n9.員工認購股數或配發金額:不適用。\n10.公開銷售股數:不適用。\n11.原股東認購或無償配發比例(請註明暫定每仟股認購或配發股數):100%\n12.畸零股及逾期未認購股份之處理方式:不適用。\n13.本次發行新股之權利義務:與原已發行股份相同。\n14.本次增資資金用途:充實營運資金。\n15.現金減資後再行募資之合理性及必要性\n(募資當年度及前一年度有辦理現金減資者適用):不適用。\n16.其他應敘明事項:無。""]], ""footer"": [""以上資料均由各公司依發言當時所屬市場別之規定申報後，由本系統對外公佈，資料如有虛偽不實，均由該公司負責。""], ""header"": {""note"": [], ""subTitle"": [], ""mainTitle"": [""公司當日重大訊息之詳細內容""]}, ""titles"": [{""main"": ""序號"", ""sub"": []}, {""main"": ""發言日期"", ""sub"": []}, {""main"": ""發言時間"", ""sub"": []}, {""main"": ""發言人"", ""sub"": []}, {""main"": ""發言人職稱"", ""sub"": []}, {""main"": ""發言人電話"", ""sub"": []}, {""main"": ""主旨"", ""sub"": []}, {""main"": ""符合條款"", ""sub"": []}, {""main"": ""事實發生日"", ""sub"": []}, {""main"": ""說明"", ""sub"": []}], ""companyAbbreviation"": ""富驊""}, ""datetime"": ""115/08/11 18:49:26""}",2026-08-11 18:48:55
1150811|otc|6174|2,115/08/11,16:12:39,6174,安碁,公告本公司董事會通過發行國內第三次無擔保轉換公司債,公司債,1150811,otc,2,"{""code"": 200, ""message"": ""查詢成功"", ""result"": {""marketName"": ""上櫃公司"", ""companyId"": ""6174"", ""data"": [[2, ""115/08/11"", ""16:12:39"", ""陳孟成"", ""協理"", ""04-25335978-181"", ""公告本公司董事會通過發行國內第三次無擔保轉換公司債"", ""11"", ""115/08/11"", ""1.董事會決議日期:115/08/11\n2.名稱﹝XX公司第X次（有、無）擔保公司債﹞:安碁科技(股)公司第三次無擔保轉換\n公司債\n3.是否採總括申報發行公司債(是/否):否\n4.發行總額:發行總面額為新臺幣參億元\n5.每張面額:新臺幣壹拾萬元\n6.發行價格:依面額之102%發行\n7.發行期間:三年\n8.發行利率:票面利率0%\n9.擔保品之總類、名稱、金額及約定事項:無\n10.募得價款之用途及運用計畫:充實營運資金及償還銀行借款\n11.承銷方式:詢價圈購方式全數對外公開承銷\n12.公司債受託人:授權董事長核准\n13.承銷或代銷機構:兆豐證券（股）公司\n14.發行保證人:不適用\n15.代理還本付息機構:本公司股務代理機構\n16.簽證機構:採無實體發行，故不適用\n17.能轉換股份者，其轉換價格及轉換辦法:相關轉換辦法將依有關法令規定辦理，俟\n呈奉主管機關核准後授權董事長依當時市場狀況與主辦承銷商共同議定之\n18.賣回條件:相關轉換辦法將依有關法令規定辦理，俟呈奉主管機關核准後另行公告\n19.買回條件:相關轉換辦法將依有關法令規定辦理，俟呈奉主管機關核准後另行公告\n20.附有轉換、交換或認股者，其換股基準日:相關轉換辦法將依有關法令規定辦理，\n俟呈奉主管機關核准後另行公告\n21.附有轉換、交換或認股者，對股權可能稀釋情形:相關轉換辦法將依有關法令規定\n辦理，俟呈奉主管機關核准後另行公告\n22.現金減資後再行募資之合理性及必要性\n(募資當年度及前一年度有辦理現金減資者適用):不適用\n23.其他應敘明事項:本次辦理轉換公司債有關之發行金額、發行條件、發行及轉換辦法\n之訂定，以及計畫所需資金總額、資金來源、計畫項目、資金運用進度、預計可能產\n生效益及其他相關事宜，如基於營運評估、因事實需要、或經主管機關審查必要修正\n，或相關法令規則修正，或因應客觀環境需修訂或修正時，擬授權本公司董事長或其\n指定人辦理。""]], ""footer"": [""以上資料均由各公司依發言當時所屬市場別之規定申報後，由本系統對外公佈，資料如有虛偽不實，均由該公司負責。""], ""header"": {""note"": [], ""subTitle"": [], ""mainTitle"": [""公司當日重大訊息之詳細內容""]}, ""titles"": [{""main"": ""序號"", ""sub"": []}, {""main"": ""發言日期"", ""sub"": []}, {""main"": ""發言時間"", ""sub"": []}, {""main"": ""發言人"", ""sub"": []}, {""main"": ""發言人職稱"", ""sub"": []}, {""main"": ""發言人電話"", ""sub"": []}, {""main"": ""主旨"", ""sub"": []}, {""main"": ""符合條款"", ""sub"": []}, {""main"": ""事實發生日"", ""sub"": []}, {""main"": ""說明"", ""sub"": []}], ""companyAbbreviation"": ""安碁""}, ""datetime"": ""115/08/11 18:49:29""}",2026-08-11 18:48:55
1150811|otc|3234|1,115/08/11,16:15:14,3234,光環,公告本公司115年現金增資認股基準日等相關事宜,現金增資,1150811,otc,1,"{""code"": 200, ""message"": ""查詢成功"", ""result"": {""marketName"": ""上櫃公司"", ""companyId"": ""3234"", ""data"": [[1, ""115/08/11"", ""16:15:14"", ""吳承儒"", ""副總經理"", ""03-5780080"", ""公告本公司115年現金增資認股基準日等相關事宜"", ""11"", ""115/08/11"", ""1.董事會決議或公司決定增資基準日期:115/08/11\n2.是否採總括申報發行新股(是，請併敘明預定發行期間/否):否\n3.主管機關申報生效日期:115/07/16\n4.董事會決議(追補)發行日期:115/05/29\n5.發行總金額及股數:\n 發行總面額：新台幣150,000仟元\n 發行普通股股數：15,000仟股\n6.採總括申報發行新股案件，本次發行金額及股數:不適用\n7.採總括申報發行新股案件，本次發行後，剩餘之金額及股數餘額:不適用\n8.每股面額:新台幣10元\n9.發行價格:實際發行價格於訂價日後另行公告之\n10.員工認股股數:依公司法第267條規定，保留發行新股總數之10%，\n  計1,500,000股予本公司員工認購。\n11.原股東認購比率:本次發行新股之80%，計12,000,000股由原股東按認股基準日\n  之股東名簿記載之持股比例認購。\n12.公開銷售方式及股數:依證券交易法第28條之1規定，提撥發行股數之10%，\n  計1,500,000股，採公開申購方式對外公開承銷。\n13.畸零股及逾期未認購股份之處理方式:\n  原股東認購不足一股之畸零股得由股東在認股基準日起五日內，逕由股東自行拼湊\n  ，其拼湊不足一股之畸零股及原股東、員工與對外公開承銷放棄認購或認購不足及\n  逾期未申報拼湊之部分，擬授權董事長洽特定人認購之。\n14.本次發行新股之權利義務:本次現金增資所發行之新股與原發行股份之權利義務相同。\n15.本次增資資金用途:償還銀行借款、充實營運資金、購置機器設備。\n16.現金增資認股基準日:115/09/01\n17.最後過戶日:115/08/27\n18.停止過戶起始日期:115/08/28\n19.停止過戶截止日期:115/09/01\n20.股款繳納期間:\n  (1)原股東及員工繳款期間：115/09/07~115/09/11\n  (2)特定人繳款期間：115/09/14~115/09/18\n21.與代收及專戶存儲價款行庫訂約日期:115/8/11\n22.委託代收存款機構:華南銀行竹科分行\n23.委託存儲款項機構:華南銀行北蘆洲分行\n24.其他應敘明事項:\n(1)本次現金增資發行新股業經金融監督管理委員會115年7月16日金管證發字\n   第1150347603號函申報生效。\n(2)本次增資發行相關事宜，如經主管機關修正或有未盡事宜，或因客觀環境而需要\n   變更時，授權董事長全權處理之。""]], ""footer"": [""以上資料均由各公司依發言當時所屬市場別之規定申報後，由本系統對外公佈，資料如有虛偽不實，均由該公司負責。""], ""header"": {""note"": [], ""subTitle"": [], ""mainTitle"": [""公司當日重大訊息之詳細內容""]}, ""titles"": [{""main"": ""序號"", ""sub"": []}, {""main"": ""發言日期"", ""sub"": []}, {""main"": ""發言時間"", ""sub"": []}, {""main"": ""發言人"", ""sub"": []}, {""main"": ""發言人職稱"", ""sub"": []}, {""main"": ""發言人電話"", ""sub"": []}, {""main"": ""主旨"", ""sub"": []}, {""main"": ""符合條款"", ""sub"": []}, {""main"": ""事實發生日"", ""sub"": []}, {""main"": ""說明"", ""sub"": []}], ""companyAbbreviation"": ""光環""}, ""datetime"": ""115/08/11 18:49:29""}",2026-08-11 18:48:55
1150811|otc|3520|2,115/08/11,16:22:04,3520,華盈,董事會決議115年第一次私募普通股定價及相關事宜,私募普通股,1150811,otc,2,"{""code"": 200, ""message"": ""查詢成功"", ""result"": {""marketName"": ""上櫃公司"", ""companyId"": ""3520"", ""data"": [[2, ""115/08/11"", ""16:22:04"", ""林名宏"", ""總經理"", ""02-29996166"", ""董事會決議115年第一次私募普通股定價\r\n及相關事宜"", ""11"", ""115/08/11"", ""1.董事會決議日期:115/08/11\n2.私募有價證券種類:普通股\n3.私募對象及其與公司間關係:\n依「證券交易法第43條之6」及「公開發行公司辦理私募有價證券應注意事項」\n規定選擇特定人以策略性投資人或內部人或關係人。\n(1)策略性投資人：目前尚未洽定策略性投資人，洽定策略性投資人之相關事宜\n擬提請股東會全權授權董事會為之。\n(2)擬參與私募之內部人或關係人名單：\n應募自然人\n1)廖世芳，持股比0%，本公司法人董事代表人\n2)林鴻鈞，持股比0%，本公司法人董事代表人\n3)廖振仲，持股比0%，本公司董事長\n4)張君銘，持股比0%，本公司董事\n5)林志強，持股比0%，本公司董事\n應募法人\n1)樺泰管理顧問有限公司，本公司法人董事\n其前十名股東名稱及其持股比例：林鴻鈞(100%)。\n2)鈞軒控股股份有限公司，本公司持股10%以上之大股東\n其前十名股東名稱及其持股比例：澄宇投資股份有限公司(38.32%)；台灣新鈺實業\n有限公司(20.05%)；雋寬資本股份有限公司(8.72%)；廖世芳(8.72%)；曾春玲\n(6.05%)；吳冠志(6.05%)；王耀德(6.05%)；黃敬堯(6.05%)。\n3)澄宇投資股份有限公司，關係人\n其前十名股東名稱及其持股比例：林鴻鈞(90.40%)；皇麟投資股份有限公司(9.60%)。\n4)台灣新鈺實業有限公司，關係人\n其前十名股東名稱及其持股比例：廖振仲(100.00%)。\n5)雋寬資本股份有限公司，關係人\n其前十名股東名稱及其持股比例：張君銘(99.97%)；林官誼(0.03%)。\n6)采莉登投資股份有限公司，關係人\n其前十名股東名稱及其持股比例：林志強(54.45%)；林恒全(20.55%)；李瑞雯\n(15.00%)；林佩穎(10.00%)。\n4.私募股數或張數:15,000,000股\n5.得私募額度:50,000,000股\n6.私募價格訂定之依據及合理性:\n1.本次私募普通股之參考價格，係依定價日前一、三或五個營業日擇一計算之普通收盤\n價簡單算數平均數扣除無償配股除權及配息，並加回減資反除權後之股價，或定價日前\n三十個營業日普通股收盤價簡單算數平均數扣除無償配股除權及配息，並加回減資反除\n權後之股價，以上列二基準計算價格較高者為參考價格。\n2實際私募價格提請股東會授權董事會視日後洽特定人情形及市場狀況，以不得低於參\n考價格之八成訂之。\n7.本次私募資金用途:\n藉以開發新產品及技術、購買設備、充實營運資金及擴大市場、增加國內或海外投資\n等需求，各次私募資用途及預計達成效益皆同於本案原先規畫之內容。\n8.不採用公開募集之理由:\n考量私募具有迅速簡便之特性，以利達成引進策略性投資人之目的，且私募股票有限制\n轉讓的規定，較可確保公司與策略投資人間之長期合作關係；另透過授權董事會視公司\n營運實際需求辦理私募，亦將有效提高本公司籌資之機動性與靈活性。\n9.獨立董事反對或保留意見:無此情形\n10.實際定價日:115/08/11\n11.參考價格:18.55\n12.實際私募價格、轉換或認購價格:14.84\n13.本次私募新股之權利義務:與本公司已發行之普通股相同\n14.附有轉換、交換或認股者，其換股基準日:不適用\n15.附有轉換、交換或認股者，對股權可能稀釋情形:不適用\n16.附有轉換或認股者，於私募公司債交付且假設全數轉換或認購普通股後對上櫃普通股\n股權比率之可能影響（上櫃普通股數A、A/已發行普通股）:不適用\n17.前項預計上櫃普通股未達500萬股且未達25%者，請說明股權流通性偏低之因應措施:\n不適用\n18.其他應敘明事項:無""]], ""footer"": [""以上資料均由各公司依發言當時所屬市場別之規定申報後，由本系統對外公佈，資料如有虛偽不實，均由該公司負責。""], ""header"": {""note"": [], ""subTitle"": [], ""mainTitle"": [""公司當日重大訊息之詳細內容""]}, ""titles"": [{""main"": ""序號"", ""sub"": []}, {""main"": ""發言日期"", ""sub"": []}, {""main"": ""發言時間"", ""sub"": []}, {""main"": ""發言人"", ""sub"": []}, {""main"": ""發言人職稱"", ""sub"": []}, {""main"": ""發言人電話"", ""sub"": []}, {""main"": ""主旨"", ""sub"": []}, {""main"": ""符合條款"", ""sub"": []}, {""main"": ""事實發生日"", ""sub"": []}, {""main"": ""說明"", ""sub"": []}], ""companyAbbreviation"": ""華盈""}, ""datetime"": ""115/08/11 18:49:31""}",2026-08-11 18:48:55
1150811|otc|3252|3,115/08/11,16:28:21,3252,海灣,公告本公司董事會決議115年第一次發行私募普通股訂定價格等相關事宜,私募普通股,1150811,otc,3,"{""code"": 200, ""message"": ""查詢成功"", ""result"": {""marketName"": ""上櫃公司"", ""companyId"": ""3252"", ""data"": [[3, ""115/08/11"", ""16:28:21"", ""劉玟君"", ""特助"", ""04-2302-6088#336"", ""公告本公司董事會決議115年第一次發行私募普通股訂定價格\r\n等相關事宜"", ""11"", ""115/08/10"", ""1.董事會決議日期:115/08/10\n2.私募有價證券種類:普通股\n3.私募對象及其與公司間關係:\n 本次私募普通股之應募對象，將以符合證券交易法第43條之6及金融監督管理委員會\n 112年9月12日金管證發字第1120383220號令規定範圍內選定特定人。目前洽定之\n 應募人名單如下：\n       應募人名稱                 與本公司之關係\n -------------------------    -------------------------\n 金石獎建設股份有限公司       本公司之法人董事長\n 海灣生化科技股份有限公司     本公司之關係人\n4.私募股數或張數:以不超過35,000,000股為限。\n5.得私募額度:本公司於115年6月17日股東常會決議通過依證券交易法第43條之6規定\n ，以私募方式發行普通股不超過35,000,000股為限，每股面額新台幣10元，並得於\n 一年內一次或分次(最多不超過3次)募集發行辦理。\n6.私募價格訂定之依據及合理性:\n 以本次董事會召開日期115年08月10日為定價日。\n 依據本公司115年6月17日股東常會決議私募參考價格之計算標準，係以下列二基準\n 計算價格較高者新台幣16.995元為參考價格。本次私募普通股價格，不得低於參考\n 價格之八成，故本次私募股票之每股認購價格訂為新台幣13.60元，為參考價格之\n 80.02%，未低於參考價之八成，預計債權充抵股款金額為新台幣343,106,398元。\n (一)定價日前一、三、五個營業日之普通股收盤價簡單算數平均數扣除無償配股\n     除權及配息，並加回減資反除權後之股價分別為新台幣15.85元、15.85元\n     及15.90元，擇前五個營業日之普通股收盤價簡單算數平均數扣除無償配股\n     除權及配息，並加回減資反除權後之股價為新台幣15.90元為基準。\n (二)定價日前三十個營業日之普通股收盤價簡單算數平均數扣除無償配股除權及\n     配息，並加回減資反除權後之股價為新台幣16.995元為基準。\n7.本次私募資金用途:本公司規劃透過本次私募以優化資本結構及降低負債比率，\n                  提升公司整體財務穩定性及長期經營能力。\n8.不採用公開募集之理由:本公司考量資本市場狀況、籌募資本之時效性、可行性、\n                      發行成本等因素，辦理私募具有迅速簡便之特性，故不採\n                      用公開募集方式。\n9.獨立董事反對或保留意見:\n 本公司獨立董事-黃正聰表示:依據公開發行公司董事議事辦法，應該要讓獨立董事\n 有充分的時間來審議，那這個案子到今天的12點鐘才提供私募定價附件資料，審議\n 時間上不夠，本人對案子沒有時間再評估，我持反對意見。\n10.實際定價日:115/08/10\n11.參考價格:每股新台幣16.995元\n12.實際私募價格、轉換或認購價格:每股新台幣13.60元\n13.本次私募新股之權利義務:\n  本次私募新股之權利義務與本公司已發行之普通股相同。惟除依據證券交易法\n  第43條之8之轉讓對象規定外，私募有價證券於交付日起三年內原則上不得自由\n  轉讓，並得於自交付日起滿三年後，授權董事會於適當時機依證券交易法等相關\n  規定，向主管機關補辦公發及申請本次私募普通股上櫃交易。\n14.附有轉換、交換或認股者，其換股基準日:不適用。\n15.附有轉換、交換或認股者，對股權可能稀釋情形:不適用。\n16.附有轉換或認股者，於私募公司債交付且假設全數轉換或認購普通股後對上櫃普通股\n股權比率之可能影響（上櫃普通股數A、A/已發行普通股）:不適用。\n17.前項預計上櫃普通股未達500萬股且未達25%者，請說明股權流通性偏低之因應措施:\n  不適用。\n18.其他應敘明事項:\n  因為獨立董事針對提供時間有意見，本私募案將擇期另行定價。""]], ""footer"": [""以上資料均由各公司依發言當時所屬市場別之規定申報後，由本系統對外公佈，資料如有虛偽不實，均由該公司負責。""], ""header"": {""note"": [], ""subTitle"": [], ""mainTitle"": [""公司當日重大訊息之詳細內容""]}, ""titles"": [{""main"": ""序號"", ""sub"": []}, {""main"": ""發言日期"", ""sub"": []}, {""main"": ""發言時間"", ""sub"": []}, {""main"": ""發言人"", ""sub"": []}, {""main"": ""發言人職稱"", ""sub"": []}, {""main"": ""發言人電話"", ""sub"": []}, {""main"": ""主旨"", ""sub"": []}, {""main"": ""符合條款"", ""sub"": []}, {""main"": ""事實發生日"", ""sub"": []}, {""main"": ""說明"", ""sub"": []}], ""companyAbbreviation"": ""海灣""}, ""datetime"": ""115/08/11 18:49:33""}",2026-08-11 18:48:55
1150811|otc|6612|1,115/08/11,16:33:24,6612,奈米醫材,本公司董事會決議第3次買回庫藏股,庫藏股,1150811,otc,1,"{""code"": 200, ""message"": ""查詢成功"", ""result"": {""marketName"": ""上櫃公司"", ""companyId"": ""6612"", ""data"": [[1, ""115/08/11"", ""16:33:24"", ""陳丹荔"", ""財會部副總"", ""03-6579530"", ""本公司董事會決議第3次買回庫藏股"", ""35"", ""115/08/11"", ""1.董事會決議日期:115/08/11\r\n2.買回股份目的:轉讓股份予員工\r\n3.買回股份種類:普通股\r\n4.買回股份總金額上限(元):1,159,485,410\r\n5.預定買回之期間:115/08/12~115/10/08\r\n6.預定買回之數量(股):200,000\r\n7.買回區間價格(元):53.00~107.00，公司股價低於區間價格下限，將繼續買回\r\n8.買回方式:自集中交易市場買回\r\n9.預定買回股份占公司已發行股份總數之比率(%):0.42\r\n10.申報時已持有本公司股份之累積股數(股):363,000\r\n11.申報前五年內買回公司股份之情形:\r\n(1)實際買回股份期間：115/05/14 ~ 115/07/03 、預定買回股數(股)：300000 、實際已買回股數(股)：\r\n189000 、執行情形(實際已買回股數占預定買回股數%)：63.00\r\n(2)實際買回股份期間：115/01/19 ~ 115/03/13 、預定買回股數(股)：300000 、實際已買回股數(股)：\r\n174000 、執行情形(實際已買回股數占預定買回股數%)：58.00\r\n12.已申報買回但未執行完畢之情形:\r\n第1次買回(115/01/19~115/03/13)\r\n為維護整體股東權益及兼顧市場機制，視股價變化及成交狀況執行買回，故未全數執行完畢；本次執行達\r\n成率為58%。\r\n第2次買回(115/05/14~115/07/03)\r\n為維護整體股東權益及兼顧市場機制，視股價變化及成交狀況執行買回，故未全數執行完畢；本次執行達\r\n成率為63%。\r\n13.董事會決議買回股份之會議紀錄:\r\n案  由：\t擬執行第3次買回庫藏股案，提請核議。\r\n說  明：\r\n1.為激勵員工及提昇員工向心力，擬買回本公司已發行股份轉讓予員工。\r\n2.本次執行將依據證券交易法第28條之2及「上市上櫃公司買回本公司股份辦法」之規定辦理。\r\n3.相關事項如下：\r\n(1)買回股份之目的：轉讓股份予員工。\r\n(2)買回股份之種&#63952;：普通股\r\n(3)買回股份之總金額上限：新台幣1,159,485千元。\r\n(4)預計買回之期間：115&#63886;8月12日起至115&#63886;10月8日止；\r\n(5)預計買回之數量：200,000股。\r\n(6)買回之區間價格：新台幣53元至107元整，股價&#63860;跌破買回之區間價格下限53元，仍可繼續買回股份。\r\n(7)買回之方式：委託證券商自集中交&#63968;市場買回。\r\n(8)申報時已持有本公司股份之數量：363,000股。\r\n(9)申報前五年內買回本公司股份之情形：請參閱附件2。\r\n(10)已申報買回但未執行完畢之情形：請參閱附件2。\r\n(11)為使本公司股份轉讓員工作業有所依循，擬訂定「第3次買回本公司股份轉讓員工辦法」請參閱附件\r\n10。\r\n(12)依據公司財務狀況，擬請董事會同意出具「不影響公司資本之維持聲明書」請參閱附件11。\r\n(13)公司洽請證券承銷商(台新證券)對買回股份價格之合理性出具評估意見，其出具之意見表示為尚無不\r\n合理之處，評估意見請參閱附件12。\r\n4.本次庫藏股買回相關事項如經主管機關核示必須變更時，授權董事長全權處理。\r\n5.本案業經審計委員會審查，提請董事會討論。\r\n決  議： 本案經主席徵詢全體出席董事同意照案通過。\r\n14.「上市上櫃公司買回本公司股份辦法」第十條規定之轉讓辦法:\r\n第一條\r\n本公司為激勵員工及提昇員工向心力，依據證券交易法第28條之2第1\r\n項第1款及金融監督管理委員會發布之「上市上櫃公司買回本公司股\r\n份辦法」等相關規定，訂定本公司買回股份轉讓員工辦法。本公司買\r\n回股份轉讓予員工，除依有關法令規定外，悉依本辦法規定辦理。\r\n\r\n﹙轉讓股份之種類、權利內容及權利受限情形﹚\r\n第二條\r\n本次轉讓予員工之股份為普通股，其權利義務除有關法令及本辦法另\r\n有規定者外， 與其他流通在外普通股相同。\r\n\r\n﹙轉讓期間﹚\r\n第三條\r\n本次買回之股份，得依本辦法之規定，自買回股份之日起五年內，一\r\n次或分次轉讓予員工。逾期未轉讓部份，視為本公司未發行股份，應\r\n依法辦理銷除股份變更登記。　\r\n\r\n﹙受讓人之資格﹚\r\n第四條\r\n凡於認股基準日前到職之本公司編制內全體員工及本公司海內外直接\r\n及間接持股50%以上之子公司員工，得依本辦法第五條所定認購數額\r\n，享有認購資格。前述員工包含全職員工、兼職員工及顧問。所稱兼\r\n職員工及顧問認定標準，兼職員工係指僱用之計時人員(即每天工時\r\n不須滿法定正常工時者)或定期契約人員，並支領薪資者。顧問係指\r\n受僱用之定期契約人員，執行交付特殊或專案任務，並受領酬勞者。\r\n受讓員工於認股基準日至認購繳款截止日期間離職(含自願離職或解\r\n雇或契約屆滿)、資遣或留職停薪者，喪失認購資格。\r\n\r\n﹙員工得認購股數﹚\r\n第五條\r\n本公司依據員工職等、服務年資及對公司之特殊貢獻等標準，並須兼\r\n顧認股基準日時公司持有之買回股份總額及單一員工認購股數之上限\r\n等因素，訂定員工得受讓股份之權數。實際具體認購資格及認購數量\r\n由董事會決議，不得授權董事長決定，惟轉讓之員工具經理人身分者\r\n，應先經薪資報酬委員會同意後再提報董事會決議；轉讓之員工非具\r\n經理人身分者，應先經審計委員會同意後再提報董事會決議。員工於\r\n認購繳款期間屆滿而未認購繳款者，視為棄權論，所棄權之數額，於\r\n第三條所定之轉讓期間內，再依本辦法執行轉讓。\r\n\r\n﹙庫藏股轉讓之程序﹚\r\n第六條\r\n本次買回股份轉讓予員工之作業程序：\r\n一、依董事會之決議，公告、申報並於執行期限內買回本公司股份。\r\n二、董事會依本辦法訂定及公布員工認股基準日、得認購股數標準、\r\n    認購繳款期間、權利內容及限制條件等作業事項。\r\n三、統計實際認購繳款股數，辦理股票轉讓過戶登記。\r\n\r\n﹙約定之每股轉讓價格﹚\r\n第七條\r\n本次買回股份轉讓予員工，以實際買回之平均價格為轉讓價格，計算\r\n後之轉讓價格採四捨五入法計算至新台幣元為止；惟轉讓前，如遇公\r\n司已發行之普通股股份增加或減少得按發行股份增減比率調整之，轉\r\n讓價格調整公式如下：\r\n調整後轉讓價格 = 實際買回股份之平均價格x公司申報買回股份時已\r\n發行之普通股總數 / 公司轉讓買回股份予員工前已發行之普通股總\r\n數或依據本公司章程規定，以低於實際買回之平均價格轉讓予員工者\r\n，應於轉讓前，提經最近一次股東會有代表已發行股份總數過半數股\r\n東之出席，出席股東表決權三分之二以上之同意，並應於該次股東會\r\n召集事由中列舉說明「上市上櫃公司買回本公司股份辦法」第10條之\r\n1規定事項，始得辦理轉讓。\r\n\r\n﹙轉讓後之權利義務﹚\r\n第八條\r\n本次買回股份轉讓予員工並辦理過戶登記後，除另有規定者外，餘權\r\n利義務與原有股份相同。\r\n\r\n﹙其他有關公司與員工權利義務事項﹚\r\n第九條\r\n庫藏股轉讓予員工，相關稅捐仍應依法繳納後始得辦理過戶作業。\r\n\r\n第十條\r\n本辦法經董事會決議通過並向主管機關申報生效並陳報主管機關備查\r\n，並得報經董事會決議修訂。\r\n\r\n第十一條\r\n本辦法如有未盡事宜，悉依相關法令規定辦理。\r\n15.「上市上櫃公司買回本公司股份辦法」第十一條規定之轉換或認股辦法:\r\n不適用\r\n16.董事會已考慮公司財務狀況，不影響公司資本維持之聲明:\r\n一、本公司經115年8月11日第6屆第7次董事會三分之二以上董事之出\r\n    席及出席董事超過二分之一之同意通過，自申報日起二個月內於\r\n    集中交易市場﹙證券商營業處所﹚買回本公司股份200,000股。\r\n二、上述買回股份總數，僅占本公司已發行股份之0.4%，且買回股份\r\n    所需金額上限僅占本公司集團115年第一季合併財務報告流動資\r\n    產之1.25%，茲聲明本公司董事會已考慮公司財務狀況，上述股\r\n    份之買回並不影響本公司資本之維持。\r\n三、本聲明書業經本公司上述同次董事會議通過，出席董事7人同意\r\n    本聲明書之內容，併此聲明。\r\n\r\n                  應用奈米醫材科技股份有限公司\r\n                  中華民國一一五年八月十一日\r\n17.會計師或證券承銷商對買回股份價格之合理性評估意見:\r\n台新綜合證券股份有限公司之合理性評估意見：\r\n\r\n奈米醫材公司所訂股份買回區間價格53元至107元，落於上述規定之\r\n買回區間價格上限及下限內，經本承銷商核算其引用之依據尚無不符\r\n，奈米醫材公司所訂股份買回區間價格應屬合理。\r\n\r\n經由擬制性資料，顯示應用奈米醫材科技股份有限公司依所訂買回區\r\n間價格執行買回股份，除造成現金流出外，餘對公司之財務結構、每\r\n股淨值、每股盈餘、股東權益報酬率、流動比率、速動比率等，並未\r\n產生重大影響或變動。\r\n18.其他證期局所規定之事項:\r\n無""]], ""footer"": [""以上資料均由各公司依發言當時所屬市場別之規定申報後，由本系統對外公佈，資料如有虛偽不實，均由該公司負責。""], ""header"": {""note"": [], ""subTitle"": [], ""mainTitle"": [""公司當日重大訊息之詳細內容""]}, ""titles"": [{""main"": ""序號"", ""sub"": []}, {""main"": ""發言日期"", ""sub"": []}, {""main"": ""發言時間"", ""sub"": []}, {""main"": ""發言人"", ""sub"": []}, {""main"": ""發言人職稱"", ""sub"": []}, {""main"": ""發言人電話"", ""sub"": []}, {""main"": ""主旨"", ""sub"": []}, {""main"": ""符合條款"", ""sub"": []}, {""main"": ""事實發生日"", ""sub"": []}, {""main"": ""說明"", ""sub"": []}], ""companyAbbreviation"": ""奈米醫材""}, ""datetime"": ""115/08/11 18:49:33""}",2026-08-11 18:48:55
1150811|otc|5230|2,115/08/11,16:34:17,5230,雷笛克光學,公告本公司國內第三次有擔保轉換公司債115年第二季換發普通股之增資基準日,公司債,1150811,otc,2,"{""code"": 200, ""message"": ""查詢成功"", ""result"": {""marketName"": ""上櫃公司"", ""companyId"": ""5230"", ""data"": [[2, ""115/08/11"", ""16:34:17"", ""蘇育平"", ""總經理室營運副總"", ""02-82276126"", ""公告本公司國內第三次有擔保轉換公司債115年第二季\r\n換發普通股之增資基準日"", ""11"", ""115/08/11"", ""1.董事會決議日期:115/08/11\n2.增資資金來源:國內有擔保轉換公司債執行轉換。\n3.是否採總括申報發行新股(是，請併敘明預定發行期間/否):否。\n4.全案發行總金額及股數(如屬盈餘或公積轉增資，發行股數則不含配發給員工部分):\n發行總金額：新台幣109,010,070元。\n發行股數：10,901,007股。\n5.採總括申報發行新股案件，本次發行金額及股數:不適用。\n6.採總括申報發行新股案件，本次發行後，剩餘之金額及股數餘額:不適用。\n7.每股面額:新台幣10元。\n8.發行價格:不適用。\n9.員工認購股數或配發金額:不適用。\n10.公開銷售股數:不適用。\n11.原股東認購或無償配發比例(請註明暫定每仟股認購或配發股數):不適用。\n12.畸零股及逾期未認購股份之處理方式:不適用。\n13.本次發行新股之權利義務:與原發行普通股相同。\n14.本次增資資金用途:不適用。\n15.現金減資後再行募資之合理性及必要性\n(募資當年度及前一年度有辦理現金減資者適用):不適用\n16.其他應敘明事項:\n訂定115年8月11日為本公司國內第三次有擔保轉換公司債115年第二季轉換普通股之\n增資基準日，並依法令規定辦理相關變更登記事宜。""]], ""footer"": [""以上資料均由各公司依發言當時所屬市場別之規定申報後，由本系統對外公佈，資料如有虛偽不實，均由該公司負責。""], ""header"": {""note"": [], ""subTitle"": [], ""mainTitle"": [""公司當日重大訊息之詳細內容""]}, ""titles"": [{""main"": ""序號"", ""sub"": []}, {""main"": ""發言日期"", ""sub"": []}, {""main"": ""發言時間"", ""sub"": []}, {""main"": ""發言人"", ""sub"": []}, {""main"": ""發言人職稱"", ""sub"": []}, {""main"": ""發言人電話"", ""sub"": []}, {""main"": ""主旨"", ""sub"": []}, {""main"": ""符合條款"", ""sub"": []}, {""main"": ""事實發生日"", ""sub"": []}, {""main"": ""說明"", ""sub"": []}], ""companyAbbreviation"": ""雷笛克光學""}, ""datetime"": ""115/08/11 18:49:34""}",2026-08-11 18:48:55
1150811|otc|4979|1,115/08/11,16:37:38,4979,華星光,本公司可轉換公司債華星光四(代號：49794)達公布注意交易資訊標準，故公告相關訊息，以利投資人區別瞭解。,公司債,1150811,otc,1,"{""code"": 200, ""message"": ""查詢成功"", ""result"": {""marketName"": ""上櫃公司"", ""companyId"": ""4979"", ""data"": [[1, ""115/08/11"", ""16:37:38"", ""王雅瑜"", ""財會處處長"", ""(03)452-5188"", ""本公司可轉換公司債華星光四(代號：49794)達公布注\r\n意交易資訊標準，故公告相關訊息，以利投資人區別瞭解。"", ""53"", ""115/08/11"", ""1.事實發生日:115/08/11\n2.發生緣由:依財團法人中華民國證券櫃檯買賣中心通知辦理。\n3.財務業務資訊:華星光四(49794)可轉債相關資訊\n到期日期：116/12/25\n實際發行總額：200,000,000元\n發行餘額：109,700,000元(截至115/07/31)\n最新轉(交)換價格：203.30\n轉換標的收盤價格(4979)：510.00(115/08/11)\n轉換債收盤價格/開盤參考價格(49794)：263.00(115/08/11)\n4.有無「財團法人中華民國證券櫃檯買賣中心對有價證券上櫃公司\n重大訊息之查證暨公開處理程序 」第4條所列重大訊息之情事（如\n「有」，請說明）:無。\n5.有無「財團法人中華民國證券櫃檯買賣中心對有價證券上櫃公司\n重大訊息之查證暨公開處理程序」第11條所列重大訊息說明記者會\n之情事:無。\n6.其他應敘明事項:無。""]], ""footer"": [""以上資料均由各公司依發言當時所屬市場別之規定申報後，由本系統對外公佈，資料如有虛偽不實，均由該公司負責。""], ""header"": {""note"": [], ""subTitle"": [], ""mainTitle"": [""公司當日重大訊息之詳細內容""]}, ""titles"": [{""main"": ""序號"", ""sub"": []}, {""main"": ""發言日期"", ""sub"": []}, {""main"": ""發言時間"", ""sub"": []}, {""main"": ""發言人"", ""sub"": []}, {""main"": ""發言人職稱"", ""sub"": []}, {""main"": ""發言人電話"", ""sub"": []}, {""main"": ""主旨"", ""sub"": []}, {""main"": ""符合條款"", ""sub"": []}, {""main"": ""事實發生日"", ""sub"": []}, {""main"": ""說明"", ""sub"": []}], ""companyAbbreviation"": ""華星光""}, ""datetime"": ""115/08/11 18:49:35""}",2026-08-11 18:48:55
1150811|otc|3095|2,115/08/11,16:53:12,3095,及成,公告本公司董事會決議發行國內第五次有擔保轉換公司債,公司債,1150811,otc,2,"{""code"": 200, ""message"": ""查詢成功"", ""result"": {""marketName"": ""上櫃公司"", ""companyId"": ""3095"", ""data"": [[2, ""115/08/11"", ""16:53:12"", ""張宏羽"", ""營運總經理"", ""(02)2222-6638#12000"", ""公告本公司董事會決議發行國內第五次有擔保\r\n轉換公司債"", ""11"", ""115/08/11"", ""1.董事會決議日期:115/08/11\n2.名稱﹝XX公司第X次（有、無）擔保公司債﹞:及成企業股份有限公司國內\n第五次有擔保轉換公司債。\n3.是否採總括申報發行公司債(是/否):否。\n4.發行總額:台幣壹億元。\n5.每張面額:新台幣拾萬元整。\n6.發行價格:底標以不低於票面金額之100%為限，每張實際發行價格依\n競價拍賣結果而定。\n7.發行期間:三年。\n8.發行利率:票面利率0%。\n9.擔保品之總類、名稱、金額及約定事項:銀行擔保。\n10.募得價款之用途及運用計畫:償還銀行借款。\n11.承銷方式:採競價拍賣方式辦理公開承銷。\n12.公司債受託人:授權董事長全權處理之。\n13.承銷或代銷機構:台新綜合證券股份有限公司。\n14.發行保證人:陽信商業銀行股份有限公司。\n15.代理還本付息機構:中國信託商業銀行股份有限公司代理部。\n16.簽證機構:本次係發行無實體有價證券，故不適用。\n17.能轉換股份者，其轉換價格及轉換辦法:\n 相關辦法將依有關法令辦理，俟報奉主管機關核准後另行公告。\n18.賣回條件:相關辦法將依有關法令辦理，俟報奉主管機關核准後另行公告。\n19.買回條件:相關辦法將依有關法令辦理，俟報奉主管機關核准後另行公告。\n20.附有轉換、交換或認股者，其換股基準日:\n相關辦法將依有關法令辦理，俟報奉主管機關核准後另行公告。\n21.附有轉換、交換或認股者，對股權可能稀釋情形:\n相關辦法將依有關法令辦理，俟報奉主管機關核准後另行公告。\n22.現金減資後再行募資之合理性及必要性\n(募資當年度及前一年度有辦理現金減資者適用):不適用\n23.其他應敘明事項:本次國內第五次有擔保轉換公司債之主要內容(如資金來源、\n發行條件、資金運用計劃、預定進度、預計可能效益等)及其他與本次發行相關\n事宜如經主管機關修正或有未盡事宜，或因客觀環境而需變更時，包括向主管機\n關申請延期或撤銷，擬授權董事長全權處理。""]], ""footer"": [""以上資料均由各公司依發言當時所屬市場別之規定申報後，由本系統對外公佈，資料如有虛偽不實，均由該公司負責。""], ""header"": {""note"": [], ""subTitle"": [], ""mainTitle"": [""公司當日重大訊息之詳細內容""]}, ""titles"": [{""main"": ""序號"", ""sub"": []}, {""main"": ""發言日期"", ""sub"": []}, {""main"": ""發言時間"", ""sub"": []}, {""main"": ""發言人"", ""sub"": []}, {""main"": ""發言人職稱"", ""sub"": []}, {""main"": ""發言人電話"", ""sub"": []}, {""main"": ""主旨"", ""sub"": []}, {""main"": ""符合條款"", ""sub"": []}, {""main"": ""事實發生日"", ""sub"": []}, {""main"": ""說明"", ""sub"": []}], ""companyAbbreviation"": ""及成""}, ""datetime"": ""115/08/11 18:49:37""}",2026-08-11 18:48:55
1150811|otc|5310|2,115/08/11,16:55:07,5310,天剛,公告本公司董事會決議不繼續辦理一一四年股東常會通過之私募普通股案,私募普通股,1150811,otc,2,"{""code"": 200, ""message"": ""查詢成功"", ""result"": {""marketName"": ""上櫃公司"", ""companyId"": ""5310"", ""data"": [[2, ""115/08/11"", ""16:55:07"", ""張申曄"", ""總經理"", ""(02)7737-0927"", ""公告本公司董事會決議不繼續辦理一一四年股東常會\r\n通過之私募普通股案"", ""16"", ""115/08/11"", ""1.董事會決議變更日期:115/08/11\n2.原計畫申報生效日期:114/05/26\n3.追補發行日期:不適用。\n4.變動原因:\n本公司114年5月26日股東會決議通過發行額度不超過25,000仟股額度內，\n辦理私募現金增資發行新股案，將於115年5月25日屆滿。依證券交易法\n第43條之6第7項規定，私募案應於股東會決議之日起內分次辦理完成；\n此次私募現資發行新股案，於剩餘期限內無繼續辦理之計畫，故決議本\n案不繼續辦理，並於115年股東常會報告。\n5.歷次變更前後募集資金計畫:不適用。\n6.預計執行進度:不適用。\n7.預計完成日期:不適用。\n8.預計可能產生效益:不適用。\n9.與原預計效益產生之差異:不適用。\n10.本次變更對股東權益之影響:不適用。\n11.原主辦承銷商評估意見摘要:不適用。\n12.其他應敘明事項:無。""]], ""footer"": [""以上資料均由各公司依發言當時所屬市場別之規定申報後，由本系統對外公佈，資料如有虛偽不實，均由該公司負責。""], ""header"": {""note"": [], ""subTitle"": [], ""mainTitle"": [""公司當日重大訊息之詳細內容""]}, ""titles"": [{""main"": ""序號"", ""sub"": []}, {""main"": ""發言日期"", ""sub"": []}, {""main"": ""發言時間"", ""sub"": []}, {""main"": ""發言人"", ""sub"": []}, {""main"": ""發言人職稱"", ""sub"": []}, {""main"": ""發言人電話"", ""sub"": []}, {""main"": ""主旨"", ""sub"": []}, {""main"": ""符合條款"", ""sub"": []}, {""main"": ""事實發生日"", ""sub"": []}, {""main"": ""說明"", ""sub"": []}], ""companyAbbreviation"": ""天剛""}, ""datetime"": ""115/08/11 18:49:38""}",2026-08-11 18:48:55
1150810|otc|6725|4,115/08/11,17:08:26,6725,矽科宏晟,公告本公司董事會決議辦理現金增資發行新股,現金增資,1150810,otc,4,"{""code"": 200, ""message"": ""查詢成功"", ""result"": {""marketName"": ""上櫃公司"", ""companyId"": ""6725"", ""data"": [[4, ""115/08/11"", ""17:08:26"", ""郭錦松"", ""董事長"", ""03-5532720"", ""公告本公司董事會決議辦理現金增資發行新股"", ""11"", ""115/08/11"", ""1.董事會決議日期:115/08/11\n2.增資資金來源:現金增資\n3.是否採總括申報發行新股(是，請併敘明預定發行期間/否):否\n4.全案發行總金額及股數(如屬盈餘或公積轉增資，發行股數則不含配發給員工部分):\n依發行股數及實際每股發行價格而定，發行總股數不超過2,500,000股\n5.採總括申報發行新股案件，本次發行金額及股數:不適用\n6.採總括申報發行新股案件，本次發行後，剩餘之金額及股數餘額:不適用\n7.每股面額:新台幣10元\n8.發行價格:實際發行價格及發行條件俟主管機關申報生效後依相關法令規定訂定之。\n9.員工認購股數或配發金額:依公司法第267條規定，保留10%~15%予本公司員工承購。\n10.公開銷售股數:依證券交易法第28條之1規定，提撥發行股數之10%對外公開承銷。\n11.原股東認購或無償配發比例(請註明暫定每仟股認購或配發股數):\n發行股數之75%~80%，由原股東按認股基準日股東名簿記載之持股比率認購。\n12.畸零股及逾期未認購股份之處理方式:認購不足一股之畸零股，由股東自停止過戶\n日起五日內自行至本公司股務代理機構辦理拼湊一整股認購。原股東及員工放棄認購\n或拼湊不足一股之畸零股部份，擬請董事會授權董事長洽特定人按發行價格認足。\n13.本次發行新股之權利義務:與原已發行之股份相同。\n14.本次增資資金用途:充實營運資金或購置不動產建置倉庫等一項或多項用途。\n15.現金減資後再行募資之合理性及必要性\n(募資當年度及前一年度有辦理現金減資者適用):不適用。\n16.其他應敘明事項:\n(1)本次現金增資之實價發行價格，若因市場情形之變動，將依「中華民國證券商業\n同業公會承銷商會員輔導發行公司募集與發行有價證券自律規則」第六條第一項規定\n予以調整。\n(2)本次現金增資案俟呈主管機關申報生效後，有關認股基準日、增資基準日及其他\n未盡事宜，擬請董事會授權董事長視實際情況依相關法令規定辦理。\n(3)本次計畫之重要內容，包括資金來源、計畫項目、預計進度及預計可能產生效益及\n其他相關發行條件，如有因市場狀況及依主管機關指示修正而需修正者，擬請董事會\n授權董事長全權處理。""]], ""footer"": [""以上資料均由各公司依發言當時所屬市場別之規定申報後，由本系統對外公佈，資料如有虛偽不實，均由該公司負責。""], ""header"": {""note"": [], ""subTitle"": [], ""mainTitle"": [""公司當日重大訊息之詳細內容""]}, ""titles"": [{""main"": ""序號"", ""sub"": []}, {""main"": ""發言日期"", ""sub"": []}, {""main"": ""發言時間"", ""sub"": []}, {""main"": ""發言人"", ""sub"": []}, {""main"": ""發言人職稱"", ""sub"": []}, {""main"": ""發言人電話"", ""sub"": []}, {""main"": ""主旨"", ""sub"": []}, {""main"": ""符合條款"", ""sub"": []}, {""main"": ""事實發生日"", ""sub"": []}, {""main"": ""說明"", ""sub"": []}], ""companyAbbreviation"": ""矽科宏晟""}, ""datetime"": ""115/08/11 18:49:39""}",2026-08-11 18:48:55
1150810|otc|6725|6,115/08/11,17:08:47,6725,矽科宏晟,公告本公司董事會決議通過發行115年度國內第一次無擔保轉換公司債案,公司債,1150810,otc,6,"{""code"": 200, ""message"": ""查詢成功"", ""result"": {""marketName"": ""上櫃公司"", ""companyId"": ""6725"", ""data"": [[6, ""115/08/11"", ""17:08:47"", ""郭錦松"", ""董事長"", ""03-5532720"", ""公告本公司董事會決議通過發行115年度國內第一次\r\n無擔保轉換公司債案"", ""11"", ""115/08/11"", ""1.董事會決議日期:115/08/11\n2.名稱﹝XX公司第X次（有、無）擔保公司債﹞:\n台灣矽科宏晟科技股份有限公司國內第一次無擔保轉換公司債案\n3.是否採總括申報發行公司債(是/否):否\n4.發行總額:發行總面額上限為新台幣6億元\n5.每張面額:新台幣10萬元\n6.發行價格:依票面金額之100%~101%發行\n7.發行期間:3年\n8.發行利率:票面利率0%\n9.擔保品之總類、名稱、金額及約定事項:不適用\n10.募得價款之用途及運用計畫:充實營運資金或購置不動產建置倉庫等一項或多項用途\n11.承銷方式:採詢價圈購方式辦理公開承銷\n12.公司債受託人:華南商業銀行(股)公司\n13.承銷或代銷機構:台新綜合證券(股)公司\n14.發行保證人:不適用\n15.代理還本付息機構:台新綜合證券(股)公司股務代理部\n16.簽證機構:採無實體發行，故不適用\n17.能轉換股份者，其轉換價格及轉換辦法:相關轉換辦法呈報金管會申報生效後，\n授權董事長視金融市場狀況與主辦承銷商共同議定後另行公告\n18.賣回條件:相關辦法將依有關法令規定辦理，並報奉相關主管機關核准後另行公告\n19.買回條件:相關辦法將依有關法令規定辦理，並報奉相關主管機關核准後另行公告\n20.附有轉換、交換或認股者，其換股基準日:相關辦法將依有關法令規定辦理，並報\n奉相關主管機關核准後另行公告\n21.附有轉換、交換或認股者，對股權可能稀釋情形:相關辦法將依有關法令規定辦理\n，並報奉相關主管機關核准後另行公告\n22.現金減資後再行募資之合理性及必要性\n(募資當年度及前一年度有辦理現金減資者適用):不適用\n23.其他應敘明事項:\n(1)本次轉換公司債於主管機關申報生效發行後，授權董事長訂定發行日，並向中華\n民國證券櫃檯買賣中心申請櫃檯買賣。\n(2)本次發行國內第一次無擔保轉換公司債籌資計畫有關之發行目的、發行金額、發\n行條件、發行及轉換辦法之訂定，以及計畫所需資金總額、資金來源、計畫項目、\n資金運用進度、預計可能產生效益及其他相關事項，如經主管機關指示，相關法令\n規則修正，或因應客觀環境需修訂或修正時，擬授權董事長全權處理。\n(3)為配合國內第一次無擔保轉換公司債籌資作業之發行作業，擬授權本公司董事長\n核可並代表本公司簽署一切有關發行國內無擔保轉換公司債之契約文件，並代表本\n公司辦理相關發行事宜，如有未盡事宜，擬授權董事長全權處理。""]], ""footer"": [""以上資料均由各公司依發言當時所屬市場別之規定申報後，由本系統對外公佈，資料如有虛偽不實，均由該公司負責。""], ""header"": {""note"": [], ""subTitle"": [], ""mainTitle"": [""公司當日重大訊息之詳細內容""]}, ""titles"": [{""main"": ""序號"", ""sub"": []}, {""main"": ""發言日期"", ""sub"": []}, {""main"": ""發言時間"", ""sub"": []}, {""main"": ""發言人"", ""sub"": []}, {""main"": ""發言人職稱"", ""sub"": []}, {""main"": ""發言人電話"", ""sub"": []}, {""main"": ""主旨"", ""sub"": []}, {""main"": ""符合條款"", ""sub"": []}, {""main"": ""事實發生日"", ""sub"": []}, {""main"": ""說明"", ""sub"": []}], ""companyAbbreviation"": ""矽科宏晟""}, ""datetime"": ""115/08/11 18:49:39""}",2026-08-11 18:48:55
1150811|otc|8097|1,115/08/11,17:24:26,8097,常珵,公告本公司董事會決議庫藏股註銷減資基準日,庫藏股,1150811,otc,1,"{""code"": 200, ""message"": ""查詢成功"", ""result"": {""marketName"": ""上櫃公司"", ""companyId"": ""8097"", ""data"": [[1, ""115/08/11"", ""17:24:26"", ""李靜宜"", ""財務處副總"", ""02-86857300"", ""公告本公司董事會決議庫藏股註銷減資基準日"", ""11"", ""115/08/11"", ""1.董事會決議日期:115/08/11\n2.減資緣由:本公司第四次及第五次買回庫藏股辦理註銷減資\n3.減資金額:35,000,000元\n4.消除股份:3,500,000股\n5.減資比率:5.48%\n6.減資後股本:603,024,680元\n7.預定股東會日期:NA\n8.預計減資新股上櫃後之上櫃普通股股數:不適用\n9.預計減資新股上櫃後之上櫃普通股股數占已發行普通股比率\n（減資後上櫃普通股股數/減資後已發行普通股):不適用\n10.前二項預計減資後上櫃普通股股數未達500萬股且未達25%者，請說明\n股權流通性偏低之因應措施:不適用\n11.減資基準日:115/08/11\n12.其他應敘明事項:無""]], ""footer"": [""以上資料均由各公司依發言當時所屬市場別之規定申報後，由本系統對外公佈，資料如有虛偽不實，均由該公司負責。""], ""header"": {""note"": [], ""subTitle"": [], ""mainTitle"": [""公司當日重大訊息之詳細內容""]}, ""titles"": [{""main"": ""序號"", ""sub"": []}, {""main"": ""發言日期"", ""sub"": []}, {""main"": ""發言時間"", ""sub"": []}, {""main"": ""發言人"", ""sub"": []}, {""main"": ""發言人職稱"", ""sub"": []}, {""main"": ""發言人電話"", ""sub"": []}, {""main"": ""主旨"", ""sub"": []}, {""main"": ""符合條款"", ""sub"": []}, {""main"": ""事實發生日"", ""sub"": []}, {""main"": ""說明"", ""sub"": []}], ""companyAbbreviation"": ""常珵""}, ""datetime"": ""115/08/11 18:49:40""}",2026-08-11 18:48:55
1150811|otc|7772|4,115/08/11,17:28:10,7772,耀穎,公告本公司董事會決議購置機器設備投資計畫案,機器設備,1150811,otc,4,"{""code"": 200, ""message"": ""查詢成功"", ""result"": {""marketName"": ""上櫃公司"", ""companyId"": ""7772"", ""data"": [[4, ""115/08/11"", ""17:28:10"", ""甘炎恩"", ""總經理特別助理"", ""(03)323-8118"", ""公告本公司董事會決議購置機器設備投資計畫案"", ""15"", ""115/08/05"", ""1.董事會或股東會決議日期:115/08/05\n2.投資計畫內容:增購研發及生產設備案\n3.預計投資金額:採購研發及生產設備總金額不超過1.1億元\n4.預計投資日期:自115年9月起陸續投資\n5.資金來源:自有營運資金及銀行融資\n6.具體目的:未來營運發展需求\n7.其他應敘明事項:無""]], ""footer"": [""以上資料均由各公司依發言當時所屬市場別之規定申報後，由本系統對外公佈，資料如有虛偽不實，均由該公司負責。""], ""header"": {""note"": [], ""subTitle"": [], ""mainTitle"": [""公司當日重大訊息之詳細內容""]}, ""titles"": [{""main"": ""序號"", ""sub"": []}, {""main"": ""發言日期"", ""sub"": []}, {""main"": ""發言時間"", ""sub"": []}, {""main"": ""發言人"", ""sub"": []}, {""main"": ""發言人職稱"", ""sub"": []}, {""main"": ""發言人電話"", ""sub"": []}, {""main"": ""主旨"", ""sub"": []}, {""main"": ""符合條款"", ""sub"": []}, {""main"": ""事實發生日"", ""sub"": []}, {""main"": ""說明"", ""sub"": []}], ""companyAbbreviation"": ""耀穎""}, ""datetime"": ""115/08/11 18:49:41""}",2026-08-11 18:48:55
1150810|otc|3666|1,115/08/11,17:32:59,3666,光耀,公告本公司114年第二次股東臨時會決議之私募普通股剩餘額度於剩餘期限中不繼續辦理。,私募普通股,1150810,otc,1,"{""code"": 200, ""message"": ""查詢成功"", ""result"": {""marketName"": ""上櫃公司"", ""companyId"": ""3666"", ""data"": [[1, ""115/08/11"", ""17:32:59"", ""何秉海"", ""總經理"", ""03-5776686"", ""公告本公司114年第二次股東臨時會決議之私募普通股剩\r\n餘額度於剩餘期限中不繼續辦理。"", ""16"", ""115/08/11"", ""1.董事會決議變更日期:115/08/11\n2.原計畫申報生效日期:114/09/09\n3.追補發行日期:不適用\n4.變動原因:\n(1)本公司民國114年09月09日第二次股東臨時會通過不超過100,000,000\n股額度內私募普通股，於股東會決議之日起一年內，分三次辦理。\n(2)本公司民國114年11月24日辦理第一次私募後，私募普通股剩餘額度\n因在剩餘發行期限內無繼續辦理私募普通股之計畫，故不繼續辦理，本\n案將提115年第二次股東臨時會報告。\n5.歷次變更前後募集資金計畫:不適用\n6.預計執行進度:不適用\n7.預計完成日期:不適用\n8.預計可能產生效益:不適用\n9.與原預計效益產生之差異:不適用\n10.本次變更對股東權益之影響:不適用\n11.原主辦承銷商評估意見摘要:不適用\n12.其他應敘明事項:不適用""]], ""footer"": [""以上資料均由各公司依發言當時所屬市場別之規定申報後，由本系統對外公佈，資料如有虛偽不實，均由該公司負責。""], ""header"": {""note"": [], ""subTitle"": [], ""mainTitle"": [""公司當日重大訊息之詳細內容""]}, ""titles"": [{""main"": ""序號"", ""sub"": []}, {""main"": ""發言日期"", ""sub"": []}, {""main"": ""發言時間"", ""sub"": []}, {""main"": ""發言人"", ""sub"": []}, {""main"": ""發言人職稱"", ""sub"": []}, {""main"": ""發言人電話"", ""sub"": []}, {""main"": ""主旨"", ""sub"": []}, {""main"": ""符合條款"", ""sub"": []}, {""main"": ""事實發生日"", ""sub"": []}, {""main"": ""說明"", ""sub"": []}], ""companyAbbreviation"": ""光耀""}, ""datetime"": ""115/08/11 18:49:42""}",2026-08-11 18:48:55
1150810|otc|3323|2,115/08/11,17:34:52,3323,加百裕,公告本公司國內第三次無擔保轉換公司債轉換普通股增資基準日,公司債,1150810,otc,2,"{""code"": 200, ""message"": ""查詢成功"", ""result"": {""marketName"": ""上櫃公司"", ""companyId"": ""3323"", ""data"": [[2, ""115/08/11"", ""17:34:52"", ""林建羽"", ""財務長"", ""(03)4899054#1200"", ""公告本公司國內第三次無擔保轉換公司債轉換普通股增資基準日"", ""11"", ""115/08/11"", ""1.董事會決議日期:115/08/11\n2.增資資金來源:國內第三次無擔保轉換公司債執行轉換\n3.是否採總括申報發行新股(是，請併敘明預定發行期間/否):否\n4.全案發行總金額及股數(如屬盈餘或公積轉增資，發行股數則不含配發給員工部分):\n發行總金額:新台幣1,901,810元\n發行股數:190,181股\n5.採總括申報發行新股案件，本次發行金額及股數:不適用\n6.採總括申報發行新股案件，本次發行後，剩餘之金額及股數餘額:不適用\n7.每股面額:新台幣10元\n8.發行價格:不適用\n9.員工認購股數或配發金額:不適用\n10.公開銷售股數:不適用\n11.原股東認購或無償配發比例(請註明暫定每仟股認購或配發股數):不適用\n12.畸零股及逾期未認購股份之處理方式:不適用\n13.本次發行新股之權利義務:與原流通在外股份相同\n14.本次增資資金用途:不適用\n15.現金減資後再行募資之合理性及必要性\n(募資當年度及前一年度有辦理現金減資者適用):不適用\n16.其他應敘明事項:\n(1)本次公司債轉換發行新股，增資基準日為民國115年08月11日,\n並依法令規定辦理變更登記事宜。\n(2)增資前實收資本額：新台幣994,032,040元，\n增資後實收資本額：新台幣995,933,850元。""]], ""footer"": [""以上資料均由各公司依發言當時所屬市場別之規定申報後，由本系統對外公佈，資料如有虛偽不實，均由該公司負責。""], ""header"": {""note"": [], ""subTitle"": [], ""mainTitle"": [""公司當日重大訊息之詳細內容""]}, ""titles"": [{""main"": ""序號"", ""sub"": []}, {""main"": ""發言日期"", ""sub"": []}, {""main"": ""發言時間"", ""sub"": []}, {""main"": ""發言人"", ""sub"": []}, {""main"": ""發言人職稱"", ""sub"": []}, {""main"": ""發言人電話"", ""sub"": []}, {""main"": ""主旨"", ""sub"": []}, {""main"": ""符合條款"", ""sub"": []}, {""main"": ""事實發生日"", ""sub"": []}, {""main"": ""說明"", ""sub"": []}], ""companyAbbreviation"": ""加百裕""}, ""datetime"": ""115/08/11 18:49:43""}",2026-08-11 18:48:55
1150811|otc|5536|1,115/08/11,17:36:19,5536,聖暉*,本公司代重要子公司聖暉系統集成集團股份有限公司公告發行無擔保可轉換公司債獲中國證監會同意,公司債,1150811,otc,1,"{""code"": 200, ""message"": ""查詢成功"", ""result"": {""marketName"": ""上櫃公司"", ""companyId"": ""5536"", ""data"": [[1, ""115/08/11"", ""17:36:19"", ""梁鈞幃"", ""董事長特助"", ""04-22581516"", ""本公司代重要子公司聖暉系統集成集團股份有限公司公告發\r\n行無擔保可轉換公司債獲中國證監會同意"", ""53"", ""115/08/11"", ""1.事實發生日:115/08/11\n2.公司名稱:聖暉系統集成集團股份有限公司\n3.與公司關係(請輸入本公司或子公司):子公司\n4.相互持股比例:本公司間接持有64.997%之子公司\n5.發生緣由:子公司聖暉系統集成集團股份有限公司發行無擔保可轉換公司債獲中國證監\n會同意。\n6.因應措施:不適用\n7.其他應敘明事項(若事件發生或決議之主體係屬公開發行以上公司，\n本則重大訊息同時符合證券交易法施行細則第7條第9款所定\n對股東權益或證券價格有重大影響之事項):無。""]], ""footer"": [""以上資料均由各公司依發言當時所屬市場別之規定申報後，由本系統對外公佈，資料如有虛偽不實，均由該公司負責。""], ""header"": {""note"": [], ""subTitle"": [], ""mainTitle"": [""公司當日重大訊息之詳細內容""]}, ""titles"": [{""main"": ""序號"", ""sub"": []}, {""main"": ""發言日期"", ""sub"": []}, {""main"": ""發言時間"", ""sub"": []}, {""main"": ""發言人"", ""sub"": []}, {""main"": ""發言人職稱"", ""sub"": []}, {""main"": ""發言人電話"", ""sub"": []}, {""main"": ""主旨"", ""sub"": []}, {""main"": ""符合條款"", ""sub"": []}, {""main"": ""事實發生日"", ""sub"": []}, {""main"": ""說明"", ""sub"": []}], ""companyAbbreviation"": ""聖暉*""}, ""datetime"": ""115/08/11 18:49:43""}",2026-08-11 18:48:55
1150811|otc|3710|5,115/08/11,17:37:13,3710,連展投控,公告本公司董事會決議現金增資持股100%之子公司連展科技股份有限公司,現金增資,1150811,otc,5,"{""code"": 200, ""message"": ""查詢成功"", ""result"": {""marketName"": ""上櫃公司"", ""companyId"": ""3710"", ""data"": [[5, ""115/08/11"", ""17:37:13"", ""陳志斌"", ""副總經理"", ""(02)2917-5598"", ""公告本公司董事會決議現金增資持股100%之子公司連展科技股份有限公司"", ""20"", ""115/08/11"", ""1.標的物之名稱及性質（屬特別股者，並應標明特別股約定發行條件，如股息率等）:\r\n連展科技股份有限公司之普通股\r\n2.事實發生日:115/8/11~115/8/11\r\n3.董事會通過日期: 民國115年8月11日\r\n4.其他核決日期: 不適用\r\n5.交易數量、每單位價格及交易總金額:\r\n交易單位數量：15,000,000股\n每單位價格：每股新台幣10元\n交易總金額：新台幣150,000,000元\r\n6.交易相對人及其與公司之關係（交易相對人如屬自然人，且非公司之\r\n關係人者，得免揭露其姓名）:\r\n交易相對人：連展科技股份有限公司\n與公司之關係：本公司100%持股之子公司\r\n7.交易相對人為關係人者，並應公告選定關係人為交易對象之原因及前次移\r\n轉之所有人、前次移轉之所有人與公司及交易相對人間相互之關係、前次\r\n移轉日期及移轉金額:\r\n現金增資故不適用。\r\n8.交易標的最近五年內所有權人曾為公司之關係人者，尚應公告關係人之取\r\n得及處分日期、價格及交易當時與公司之關係:\r\n現金增資故不適用。\r\n9.本次係處分債權之相關事項（含處分之債權附隨擔保品種類、處分債權\r\n如有屬對關係人債權者尚需公告關係人名稱及本次處分該關係人之債權\r\n帳面金額:\r\n不適用\r\n10.處分利益（或損失）（取得有價證券者不適用）（原遞延者應列表說明\r\n認列情形）:\r\n不適用\r\n11.交付或付款條件（含付款期間及金額）、契約限制條款及其他重要約定\r\n事項:\r\n依增資計畫執行\r\n12.本次交易之決定方式、價格決定之參考依據及決策單位:\r\n本公司董事會決議\r\n13.取得或處分有價證券標的公司每股淨值:\r\n0.64元\r\n14.迄目前為止，累積持有本交易證券（含本次交易）之數量、金額、持股\r\n比例及權利受限情形（如質押情形）:\r\n累積持有數量：188,810,721股\n累積持有金額：新台幣2,038,107,210元\n累積持有持股比例：100%\n權利受限情形：無\r\n15.迄目前為止，依「公開發行公司取得或處分資產處理準則」第三條所列\r\n之有價證券投資（含本次交易）占公司最近期財務報表中總資產及歸屬\r\n於母公司業主之權益之比例暨最近期財務報表中營運資金數額（註二）:\r\n占總資產比例：18.55%\n占歸屬於母公司業主之權益比例：28.76%\n營運資金數額：NTD$309,607仟元\r\n16.經紀人及經紀費用:\r\n不適用\r\n17.取得或處分之具體目的或用途:\r\n支應子公司營運需求\r\n18.本次交易表示異議董事之意見:\r\n無\r\n19.本次交易為關係人交易:是\r\n20.監察人承認或審計委員會同意日期:\r\n民國115年8月11日\r\n21.本次交易會計師出具非合理性意見:不適用\r\n22.會計師事務所名稱:\r\n不適用\r\n23.會計師姓名:\r\n不適用\r\n24.會計師開業證書字號:\r\n不適用\r\n25.是否涉及營運模式變更:否\r\n26.營運模式變更說明:\r\n不適用\r\n27.過去一年及預計未來一年內與交易相對人交易情形:\r\n不適用\r\n28.資金來源:\r\n自有資金\r\n29.前已就同一件事件發布重大訊息日期: 不適用\r\n30.其他敘明事項:\r\n不適用""]], ""footer"": [""以上資料均由各公司依發言當時所屬市場別之規定申報後，由本系統對外公佈，資料如有虛偽不實，均由該公司負責。""], ""header"": {""note"": [], ""subTitle"": [], ""mainTitle"": [""公司當日重大訊息之詳細內容""]}, ""titles"": [{""main"": ""序號"", ""sub"": []}, {""main"": ""發言日期"", ""sub"": []}, {""main"": ""發言時間"", ""sub"": []}, {""main"": ""發言人"", ""sub"": []}, {""main"": ""發言人職稱"", ""sub"": []}, {""main"": ""發言人電話"", ""sub"": []}, {""main"": ""主旨"", ""sub"": []}, {""main"": ""符合條款"", ""sub"": []}, {""main"": ""事實發生日"", ""sub"": []}, {""main"": ""說明"", ""sub"": []}], ""companyAbbreviation"": ""連展投控""}, ""datetime"": ""115/08/11 18:49:44""}",2026-08-11 18:48:55
1150811|otc|6945|1,115/08/11,17:44:33,6945,圓祥生技,公告本公司董事會決議買回庫藏股,庫藏股,1150811,otc,1,"{""code"": 200, ""message"": ""查詢成功"", ""result"": {""marketName"": ""上櫃公司"", ""companyId"": ""6945"", ""data"": [[1, ""115/08/11"", ""17:44:33"", ""何正宏"", ""總經理"", ""02-26532886"", ""公告本公司董事會決議買回庫藏股"", ""35"", ""115/08/11"", ""1.董事會決議日期:115/08/11\r\n2.買回股份目的:轉讓股份予員工\r\n3.買回股份種類:普通股\r\n4.買回股份總金額上限(元):1,143,569,155\r\n5.預定買回之期間:115/08/12~115/10/11\r\n6.預定買回之數量(股):2,000,000\r\n7.買回區間價格(元):76.00~150.00，公司股價低於區間價格下限，將繼續買回\r\n8.買回方式:自集中交易市場買回\r\n9.預定買回股份占公司已發行股份總數之比率(%):2.06\r\n10.申報時已持有本公司股份之累積股數(股):0\r\n11.申報前五年內買回公司股份之情形:\r\n無買回\r\n12.已申報買回但未執行完畢之情形:\r\n無此情形\r\n13.董事會決議買回股份之會議紀錄:\r\n本公司經第五屆第2次董事會決議通過\r\n由於何正宏董事、議事人員黃甫程處長及曾莞如處長，為本案之利害關係人(具員工身分)，本案討\r\n論前先行離席進行利益迴避。\r\n案由九:本公司擬執行買回本公司股份（庫藏股）案，提請 決議。\r\n說 明：\r\n一、本公司為激勵員工及提升員工向心力，擬依「證券交易法」第28條之2第1項第1款、金融監督管\r\n理委員會發布之「上市上櫃公司買回本公司股份辦法」及本公司「庫藏股買回辦法」與「買回股份轉\r\n讓員工辦法」之規定，執行買回本公司股份並轉讓予員工。\r\n二、本次買回本公司股份相關事宜規劃如下：\r\n買回股份之目的：轉讓股份予員工。\r\n買回股份之種類：普通股。\r\n買回股份之總金額上限：暫訂新臺幣2.6億元。\r\n預定買回之期間與數量：預定於董事會通過後次日起兩個月內止，買回普通股共計2,000千股（即\r\n2,000張），占本公司已發行股份總數約2.06%。\r\n買回之區間價格：暫定76元至150元（當公司股價低於所定區間價格下限時，將繼續買回）。\r\n買回之方式：於集中交易市場買回。\r\n三、本次買回股份總數及總金額，均符合法令規定之上限；買回執行過程亦將恪遵內線交易防制及相\r\n關作業規範。詳細買回計畫及財務影響評估請參閱附件十三。\r\n四、本案經評估不影響本公司資本維持及正常營運，提報董事會討論通過後依法辦理公告及申報事\r\n宜；如遇法令更新、或應主管機關要求而需修正時，亦授權董事長全權處理。\r\n五、謹提請 討論。\r\n決 議：除何正宏董事因與本案具利害關係離席迴避外，經主席徵詢其餘出席董事，無異議照案通\r\n過。\r\n14.「上市上櫃公司買回本公司股份辦法」第十條規定之轉讓辦法:\r\n圓祥生技股份有限公司\r\n第一條　目的\r\n本公司為激勵員工及提昇員工向心力，依據「證券交易法」第28條之2第1項第1款及「上市上櫃公司\r\n買回本公司股份辦法」等相關規定，訂定本辦法。\r\n本公司買回股份轉讓予員工，除依有關法令規定外，悉依本辦法規定辦理。\r\n第二條　轉讓股份之種類、權利內容及權利受限情形\r\n本辦法適用於轉讓予員工之股份為普通股，其權利義務除有關法令及本辦法另有規定者外，與其他流\r\n通在外普通股相同。\r\n第三條　轉讓期間\r\n適用本辦法之規定買回之股份，應自買回股份之日起五年內，一次或分次轉讓予員工。\r\n第四條　受讓人之資格\r\n凡於認股基準日前到職滿1年或對公司有特殊貢獻，經提報董事會同意之本公司全職員工及符合一定\r\n條件之國內外控制或從屬公司之全職員工，得依本辦法第五條所定認購數額，享有認購資格。\r\n所稱國內外控制或從屬公司，係依公司法第三百六十九條之二、第三百六十九條之三、第三百六十九\r\n條之九、第三百六十九條之十一之標準認定之。\r\n第五條　員工得認購股數\r\n員工認購比例及股數之決定得以其職等、職稱、服務年資、薪資、個人表現、績效表現及對公司之特\r\n殊貢獻等標準，訂定員工得受讓股份之權數，並須兼顧認股基準日時公司持有之買回股份總額及單一\r\n員工認購股數之上限等因素；受讓人資格及轉讓審核程序，應依本辦法及相關法令規定辦理；轉讓審\r\n核程序至少應包括具經理人身分，須提報薪資報酬委員會同意，非經理人應提報審計委員會同意，再\r\n提報董事會決議。實際具體認購資格及認購數量由董事會決議，不得授權董事長決定。\r\n員工於認購繳款期間屆滿而未認購繳款者，視為棄權；認購不足之餘額，得由董事長另洽員工認購\r\n之。\r\n第六條　轉讓之程序\r\n適用本辦法之買回股份轉讓予員工之作業程序：\r\n一、依董事會之決議，公告、申報並於執行期限內買回本公司股份。\r\n二、董事會依本辦法訂定及公布員工認股基準日、得認購股數標準、認購繳款期間、權利內容及限制\r\n條件等作業事項。\r\n三、統計實際認購繳款股數，辦理股票轉讓過戶登記。\r\n第七條　約定之每股轉讓價格\r\n本辦法所定買回股份轉讓予員工之轉讓價格，以本公司實際買回股份之平均價格為原則。\r\n惟如符合「上市上櫃公司買回本公司股份辦法」第十條之一規定，擬以低於實際買回股份平均價格轉\r\n讓予員工者，應提經最近一次股東會，由有代表已發行股份總數過半數股東出席，並經出席股東表決\r\n權三分之二以上同意始得為之；且應於該次股東會召集事由中列舉並說明相關事項，不得以臨時動議\r\n提出。\r\n本公司轉讓予員工之轉讓價格，如遇本公司已發行普通股股份增加或減少（包括現金增資、盈餘轉增\r\n資、資本公積轉增資、公司合併、股票分割、減資等），或因變更股票面額致已發行普通股股數增\r\n減，而須配合調整股價時，在轉讓股數條件不變之前提下，得按已發行普通股股份增減比率或股票面\r\n額變更比例調整轉讓價格。調整後之轉讓價格依下列公式計算：\r\n一、股份增減轉讓價格調整公式：\r\n調整後轉讓價格＝調整前轉讓價格 ×（調整前已發行普通股股數 ÷ 調整後已發行普通股股數）\r\n二、變更面額轉讓價格調整公式：\r\n調整後轉讓價格＝調整前轉讓價格 ×（調整後每股面額 ÷ 調整前每股面額）\r\n第八條　轉讓後之權利義務\r\n適用本辦法之買回股份轉讓予員工並辦理過戶登記後，除另有規定者外，餘權利義務與原有股份相\r\n同。\r\n第九條　其他有關公司與員工權利義務事項\r\n依本辦法轉讓之股份，其所發生之稅捐及費用依轉讓當時之法令及公司相關作業辦理。\r\n第十條　其他\r\n本公司為轉讓股份予員工所買回之股份，應自買回之日起五年內全數轉讓，逾期未轉讓部份，視為本\r\n公司未發行股份，應依法辦理銷除股份變更登記。\r\n本辦法經董事會決議通過後生效，修正時亦同；未盡事宜悉依相關法令辦理。\r\n15.「上市上櫃公司買回本公司股份辦法」第十一條規定之轉換或認股辦法:\r\n不適用\r\n16.董事會已考慮公司財務狀況，不影響公司資本維持之聲明:\r\n一、本公司經115年08月11日第五屆第2次董事會三分之二以上董事之出席及出席董事超過二分之一\r\n之同意通過，自申報日起二個月內於集中交易市場買回本公司 股份2,000仟股。\r\n二、上述買回股份總數，僅占本公司已發行股份之百分之 2.06 %，且買回股份所需金額上限僅占本\r\n公司民國115年第二季流動資產之11.58%，茲聲明本公司董事會已考慮公司財務狀況，上述股份之買\r\n回並不影響本公司資本之維持。\r\n三、本聲明書業經本公司上述同次董事會議通過，除利益迴避之1席董事外，其餘出席董事共6人同\r\n意本聲明書之內容，併此聲明。\r\n17.會計師或證券承銷商對買回股份價格之合理性評估意見:\r\n依元大證券股份有限公司之評估意見，圓祥生技股份有限公司本次買回公司股份訂定之價格區間，其決\r\n策過程具合法性，價格區間之訂定及對公司財務之影響亦尚屬合理，尚無重大異常情事。\r\n18.其他證期局所規定之事項:\r\n無""]], ""footer"": [""以上資料均由各公司依發言當時所屬市場別之規定申報後，由本系統對外公佈，資料如有虛偽不實，均由該公司負責。""], ""header"": {""note"": [], ""subTitle"": [], ""mainTitle"": [""公司當日重大訊息之詳細內容""]}, ""titles"": [{""main"": ""序號"", ""sub"": []}, {""main"": ""發言日期"", ""sub"": []}, {""main"": ""發言時間"", ""sub"": []}, {""main"": ""發言人"", ""sub"": []}, {""main"": ""發言人職稱"", ""sub"": []}, {""main"": ""發言人電話"", ""sub"": []}, {""main"": ""主旨"", ""sub"": []}, {""main"": ""符合條款"", ""sub"": []}, {""main"": ""事實發生日"", ""sub"": []}, {""main"": ""說明"", ""sub"": []}], ""companyAbbreviation"": ""圓祥生技""}, ""datetime"": ""115/08/11 18:49:46""}",2026-08-11 18:48:55
1150811|otc|8084|3,115/08/11,18:26:31,8084,巨虹,公告本公司現金增資認股基準日及相關事宜,現金增資,1150811,otc,3,"{""code"": 200, ""message"": ""查詢成功"", ""result"": {""marketName"": ""上櫃公司"", ""companyId"": ""8084"", ""data"": [[3, ""115/08/11"", ""18:26:31"", ""唐嘉君"", ""董事長"", ""82271166"", ""公告本公司現金增資認股基準日及相關事宜"", ""11"", ""115/08/11"", ""1.董事會決議或公司決定增資基準日期:115/08/11\n2.是否採總括申報發行新股(是，請併敘明預定發行期間/否):否\n3.主管機關申報生效日期:115/08/11\n4.董事會決議(追補)發行日期:115/07/03\n5.發行總金額及股數:\n發行總金額：新臺幣1,052,400,000元\n發行總股數：105,240,000股\n6.採總括申報發行新股案件，本次發行金額及股數:不適用\n7.採總括申報發行新股案件，本次發行後，剩餘之金額及股數餘額:不適用\n8.每股面額:新臺幣10元\n9.發行價格:實際發行價格於訂定後另行公告。\n10.員工認股股數:\n依公司法第267條規定，保留發行新股總額10%計10,524,000股由本公司員工認購\n11.原股東認購比率:\n80%，計84,192,000股，由原股東按照認股基準日股東名簿記載之持股比例認購\n12.公開銷售方式及股數:\n依證券交易法第28條之1規定，提撥發行新股總額10%計10,524,000股對外公開承銷。\n13.畸零股及逾期未認購股份之處理方式:\n股東認購不足一股之畸零股得由股東自行在停止過戶日起五日內，逕向本公司\n股務代理機構構辦理拼湊成整股認購，其拼湊不足一股之畸零股及原股東、\n員工放棄認購或認購不足及逾期未辦理拼湊之部份，擬授權董事長洽特定人\n按實際發行價格認足。\n14.本次發行新股之權利義務:與原已發行之股份相同\n15.本次增資資金用途:\n轉投資宏康公司增資發行新股暨向宏康公司第三方股東買回全數股權，\n並用以支應宏康公司取得Midas Health Company Limited股權。\n16.現金增資認股基準日:115/09/01\n17.最後過戶日:115/08/27\n18.停止過戶起始日期:115/08/28\n19.停止過戶截止日期:115/09/01\n20.股款繳納期間:\n原股東及員工繳款期間為115/09/04~115/09/08\n特定人繳款期間為115/09/09~115/09/11。\n21.與代收及專戶存儲價款行庫訂約日期:正式簽約後另行公告\n22.委託代收存款機構:正式簽約後另行公告\n23.委託存儲款項機構:正式簽約後另行公告\n24.其他應敘明事項:\n(1)本公司辦理115年現金增資發行新股105,240,000股乙案，業經金管會115年8月11日\n金管證發字第1150350293號函生效在案。\n(2)本次現金增資之重要內容，包括實際發行價格、發行股數、發行條件及方式、募集\n金額、計畫項目、資金運用進度、預計可能產生效益暨其他一切有關本次現金增資發\n行計畫之相關事項、日期及其他未盡事宜，如因主管機關核定修正或因法令規定及事實\n需要或客觀環境變化而有需變更時，授權董事長視實際情況全權處理。""]], ""footer"": [""以上資料均由各公司依發言當時所屬市場別之規定申報後，由本系統對外公佈，資料如有虛偽不實，均由該公司負責。""], ""header"": {""note"": [], ""subTitle"": [], ""mainTitle"": [""公司當日重大訊息之詳細內容""]}, ""titles"": [{""main"": ""序號"", ""sub"": []}, {""main"": ""發言日期"", ""sub"": []}, {""main"": ""發言時間"", ""sub"": []}, {""main"": ""發言人"", ""sub"": []}, {""main"": ""發言人職稱"", ""sub"": []}, {""main"": ""發言人電話"", ""sub"": []}, {""main"": ""主旨"", ""sub"": []}, {""main"": ""符合條款"", ""sub"": []}, {""main"": ""事實發生日"", ""sub"": []}, {""main"": ""說明"", ""sub"": []}], ""companyAbbreviation"": ""巨虹""}, ""datetime"": ""115/08/11 18:49:47""}",2026-08-11 18:48:55
1150811|otc|8091|8,115/08/11,18:27:58,8091,翔名,公告本公司113年現金增資發行新股暨國內第四次無擔保轉換公司債之資金運用計畫變更案,現金增資|公司債,1150811,otc,8,"{""code"": 200, ""message"": ""查詢成功"", ""result"": {""marketName"": ""上櫃公司"", ""companyId"": ""8091"", ""data"": [[8, ""115/08/11"", ""18:27:58"", ""吳予彤"", ""處長"", ""(03)5384900"", ""公告本公司113年現金增資發行新股暨國內第四次無擔保\r\n轉換公司債之資金運用計畫變更案"", ""16"", ""115/08/11"", ""1.董事會決議變更日期:115/08/11\n2.原計畫申報生效日期:113/06/11\n3.追補發行日期:不適用。\n4.變動原因:\n(1)本公司113年現金增資及發行國內第四次無擔保轉換公司債募集資金，原計劃募\n集資金用於自地委建嘉義一期廠房、購置設備及償還銀行借款。\n(2)本公司前於115年5月12日，因應未來營運發展需求，調增興建廠房建築樓地板\n面積，並考量近期營建成本持續上漲，爰辦理原募集資金計畫變更，將建廠計畫資本\n支出由原預估新台幣300,000仟元提高至530,000仟元。嗣經整體廠務空間更新規\n劃，擬再擴大廠房建築樓地板面積，並經專業建築師事務所重新估算建造工程成本\n後，評估前次變更之資本支出已不足支應實際建廠需求，爰擬辦理第二次募集資金計\n畫變更，將建廠計畫資本支出提高至新台幣598,460仟元。\n5.歷次變更前後募集資金計畫:\n原資金運用計畫：\n計畫項目               預定完成日期      所需資金總額(仟元)\n------------------------------------------------------------\n取得土地                113年第四季         318,646\n興建廠房                115年第三季         300,000\n購置設備                116年第一季         307,084\n償還銀行借款             113年第三季        238,580\n------------------------------------------------------------\n合計                                      1,164,310\n115年5月12日變更後資金運用計畫：\n計畫項目               預定完成日期      所需資金總額(仟元)\n------------------------------------------------------------\n取得土地                114年第二季         318,646\n興建廠房                117年第二季         530,000\n購置設備                117年第四季         307,084\n償還銀行借款             113年第三季        238,580\n------------------------------------------------------------\n合計                                      1,394,310\n本次變更後資金運用計畫：\n計畫項目               預定完成日期      所需資金總額(仟元)\n------------------------------------------------------------\n取得土地                114年第二季         318,646\n興建廠房                117年第二季         598,460\n購置設備                117年第四季         307,084\n償還銀行借款             113年第三季        238,580\n-------------------------------------------------------------\n合計                                      1,462,770\n6.預計執行進度:\n預計117年第四季完成。\n7.預計完成日期: 117年第四季。\n8.預計可能產生效益:\n本公司因應未來營運發展需求，調增興建廠房建築樓地板面積，預期可提升整體廠務空\n間運用彈性，降低未來因廠區空間不足而需再次擴建或搬遷之風險，有助於支應公司中\n長期營運發展及提升市場競爭力。\n9.與原預計效益產生之差異:\n本次計畫變更因建廠資本支出增加，致預計效益實現時程相應遞延，資金回收年限由\n原預估8年延長至9年，惟整體預期效益未有重大改變，係有助於提升公司中長期營\n運發展及市場競爭力。\n10.本次變更對股東權益之影響:\n本公司本次計畫變更主要係因應廠房建坪擴增需求，調增建廠計畫之資本支出，變更\n後募集資金用途仍符合原計畫之建廠目的，並未改變募集資金用途。本次計畫變更有\n助於支應公司中長期營運發展需求，提升整體營運彈性及市場競爭力，對股東權益應\n無重大不利之影響。\n11.原主辦承銷商評估意見摘要:\n一、本次募集資金計畫變更之必要性與合理性\n    該公司本次變更募集資金計畫係配合公司未來營運成長及產能擴充需求，適度調\n    整建廠規模及資本支出，預期可透過擴充廠房建坪，提升整體空間運用彈性，並\n    降低未來因廠區空間不足而需再次擴建或搬遷之風險，有助於支應公司中長期營\n    運發展需求，經評估該公司本次計畫變更尚具合理性及必要性。\n二、本次募集資金計畫變更後預計效益與進度達成之可行性\n    該公司業已於115年7月上旬取得建築執照，故配合實際建廠時程調整資金運用\n    進度，預計「興建廠房」及「購置機器設備」計畫之資金運用完成時點將分別展\n    延至117年第2季及117年第4季，經評估該公司本次變更後之資金運用計畫及\n    預定執行進度尚屬合理可行。\n綜上所述，經檢視該公司本次計畫變更之原因、資金運用規劃、預計執行進度、預計\n效益，並綜合考量該公司未來營運發展需求，經評估本次計畫變更尚具必要性及合理\n性，未發現重大異常之情事。\n12.其他應敘明事項:無。""]], ""footer"": [""以上資料均由各公司依發言當時所屬市場別之規定申報後，由本系統對外公佈，資料如有虛偽不實，均由該公司負責。""], ""header"": {""note"": [], ""subTitle"": [], ""mainTitle"": [""公司當日重大訊息之詳細內容""]}, ""titles"": [{""main"": ""序號"", ""sub"": []}, {""main"": ""發言日期"", ""sub"": []}, {""main"": ""發言時間"", ""sub"": []}, {""main"": ""發言人"", ""sub"": []}, {""main"": ""發言人職稱"", ""sub"": []}, {""main"": ""發言人電話"", ""sub"": []}, {""main"": ""主旨"", ""sub"": []}, {""main"": ""符合條款"", ""sub"": []}, {""main"": ""事實發生日"", ""sub"": []}, {""main"": ""說明"", ""sub"": []}], ""companyAbbreviation"": ""翔名""}, ""datetime"": ""115/08/11 18:49:48""}",2026-08-11 18:48:55
1150810|rotc|6737|1,115/08/10,18:04:19,6737,秀育,公告本公司買回庫藏股期間屆滿執行情形,庫藏股,1150810,rotc,1,"{""code"": 200, ""message"": ""查詢成功"", ""result"": {""marketName"": ""興櫃公司"", ""companyId"": ""6737"", ""data"": [[1, ""115/08/10"", ""18:04:19"", ""吳川仕"", ""總經理"", ""02-2697-2311"", ""公告本公司買回庫藏股期間屆滿執行情形"", ""41"", ""115/08/10"", ""1.原預定買回股份總金額上限(元):新台幣21,000,000元。\n2.原預定買回之期間:115/06/11~115/08/10\n3.原預定買回之數量(股):700,000股。\n4.原預定買回區間價格(元):每股新台幣22元至30元之間，且當公司股價低於所定\n區間價格下限時，將繼續執行買回股份。\n5.本次實際買回期間:115/06/11~115/08/10。\n6.本次已買回股份數量(股):157,005股。\n7.本次已買回股份總金額(元):4,609,330元。\n8.本次平均每股買回價格(元):29.36元。\n9.累積已持有自己公司股份數量(股):157,005股。\n10.累積已持有自己公司股份數量占公司已發行股份總數之比率(%):0.26%。\n11.本次未執行完畢之原因:本公司為兼顧市埸機制及維護全體股東權益，視股價\n變化及成交量狀況分批買回，故未能執行完畢。\n12.其他應敘明事項:本次已買回總金額及平均每股買回價格係包含券商手續費。""]], ""footer"": [""以上資料均由各公司依發言當時所屬市場別之規定申報後，由本系統對外公佈，資料如有虛偽不實，均由該公司負責。""], ""header"": {""note"": [], ""subTitle"": [], ""mainTitle"": [""公司當日重大訊息之詳細內容""]}, ""titles"": [{""main"": ""序號"", ""sub"": []}, {""main"": ""發言日期"", ""sub"": []}, {""main"": ""發言時間"", ""sub"": []}, {""main"": ""發言人"", ""sub"": []}, {""main"": ""發言人職稱"", ""sub"": []}, {""main"": ""發言人電話"", ""sub"": []}, {""main"": ""主旨"", ""sub"": []}, {""main"": ""符合條款"", ""sub"": []}, {""main"": ""事實發生日"", ""sub"": []}, {""main"": ""說明"", ""sub"": []}], ""companyAbbreviation"": ""秀育""}, ""datetime"": ""115/08/11 18:49:49""}",2026-08-11 18:48:55
1150811|rotc|4738|1,115/08/11,15:14:34,4738,大同精化,公告本公司115年7月份自結合併財務報告之負債比率、流動比率、速動比率、未來三個月資金狀況及銀行融資額度使用情形,自結合併,1150811,rotc,1,"{""code"": 200, ""message"": ""查詢成功"", ""result"": {""marketName"": ""興櫃公司"", ""companyId"": ""4738"", ""data"": [[1, ""115/08/11"", ""15:14:34"", ""陳旭輝"", ""財務長"", ""(03)4830321"", ""公告本公司115年7月份自結合併財務報告之負債比率、流動\r\n比率、速動比率、未來三個月資金狀況及銀行融資額度使用情形"", ""44"", ""115/08/11"", ""1.事實發生日:115/08/11\n2.發生緣由:依櫃買中心之證櫃審字第1070110481號函指示辦理\n3.財務資訊年度月份:115年度7月份\n4.自結流動比率:165.13%\n5.自結速動比率:129.69%\n6.自結負債比率:57.59%\n7.因應措施:無\n8.其他應敘明事項:\n(1)未來三個月資金狀況： 　    　單位：新台幣：仟元\n　　      項目         115/8     115/9     115/10\n  -----------------  --------  ---------  ---------\n   期初資金            79,197    83,497     80,673\n　 現金流入            27,679    32,343     34,567\n　 現金流出           (34,547)  (34,437)   (32,982)\n   金融機構借(還)款    11,168   (   730)   (   730)\n　 期末現金            83,497    80,673     81,528\n  -------------------------------------------------\n   未質押之定存             0         0          0\n(2)7月底銀行融資額度使用情形    單位：新台幣：仟元\n     項目       融資額度     已借額度     融資餘額\n  ----------   ----------   ----------   ----------\n   銀行借款      133,513      104,275       29,238""]], ""footer"": [""以上資料均由各公司依發言當時所屬市場別之規定申報後，由本系統對外公佈，資料如有虛偽不實，均由該公司負責。""], ""header"": {""note"": [], ""subTitle"": [], ""mainTitle"": [""公司當日重大訊息之詳細內容""]}, ""titles"": [{""main"": ""序號"", ""sub"": []}, {""main"": ""發言日期"", ""sub"": []}, {""main"": ""發言時間"", ""sub"": []}, {""main"": ""發言人"", ""sub"": []}, {""main"": ""發言人職稱"", ""sub"": []}, {""main"": ""發言人電話"", ""sub"": []}, {""main"": ""主旨"", ""sub"": []}, {""main"": ""符合條款"", ""sub"": []}, {""main"": ""事實發生日"", ""sub"": []}, {""main"": ""說明"", ""sub"": []}], ""companyAbbreviation"": ""大同精化""}, ""datetime"": ""115/08/11 18:49:50""}",2026-08-11 18:48:55
1150811|rotc|7899|3,115/08/11,17:33:44,7899,景美,公告本公司董事會決議調整115年現金增資發行新股價格區間及股款繳納期間,現金增資,1150811,rotc,3,"{""code"": 200, ""message"": ""查詢成功"", ""result"": {""marketName"": ""興櫃公司"", ""companyId"": ""7899"", ""data"": [[3, ""115/08/11"", ""17:33:44"", ""鄭雅文"", ""品牌總經理"", ""02-22671886"", ""公告本公司董事會決議調整115年現金增資發行新股價格區間\r\n及股款繳納期間"", ""9"", ""115/08/11"", ""1.董事會決議日期:115/08/11\n2.增資資金來源:現金增資\n3.發行股數(如屬盈餘或公積轉增資，則不含配發給員工部分):預計發行3,500,000股\n4.每股面額:新台幣10元\n5.發行總金額:按面額計新台幣35,000,000元整\n6.發行價格:原董事會通過增資價格區間為300~500元/股，暫定每股新台幣338元，調整後\n暫定為250~500元/股，實際發行價格授權董事長依相關法規及市場狀況訂定。\n7.員工認購股數或配發金額:依公司法第267條規定，保留發行新股總數10%之股份，\n計350,000股，由本公司員工認購。\n8.公開銷售股數:不適用\n9.原股東認購或無償配發比例(請註明暫定每仟股認購或配發股數):發行新股總數之90%，\n計3,150,000股，由原股東按認股基準日股東名簿記載之持股比例認購，\n每仟股約可認購129.67232股。\n10.畸零股及逾期未認購股份之處理方式:認購不足一股之畸零股，得由股東自停止過戶起\n五日內向本公司股務代理機構辦理拼湊成整股認購。其拼湊不足一股之畸零股及原股東\n及員工放棄認股或認購不足及逾期未拼湊之股份，擬授權董事長洽特定人按發行價格\n認購之。\n11.本次發行新股之權利義務:與已發行之原有股份相同。\n12.本次增資資金用途:充實營運資金、償還借款。\n13.其他應敘明事項:\n（1）本公司擬辦理115年度現金案發行3,500,000股，暫定發行價格每股338元，該案於\n115年7月15日送件業於115年7月24日生效。惟考量近期資本市場波動劇烈，本公司近期\n興櫃價格有多日低於預計增資發行價格338元/股，為使現金增資募資順利，擬修訂每股\n發行價格於250元~500元之區間內授權董事長依發行當時市場狀況訂定發行價格。\n（2）本次現金增資計畫之重要內容，包括發行條件、計畫項目、暫訂價格、預定進度及\n預計產生效益，暨其他有關本次現金增資相關事項，未來如因主管機關核定及為因應\n客觀環境需予修正或變更者，包括向主管機關申請延期或撤銷，擬授權董事長全權\n處理之。\n（3）現金增資認股基準日及停止過戶期間，請詳115年7月27日發布之重大訊息內容。\n（4）股款繳納期間俟主管機關核准調整發行價格後另行擬訂及公告。""]], ""footer"": [""以上資料均由各公司依發言當時所屬市場別之規定申報後，由本系統對外公佈，資料如有虛偽不實，均由該公司負責。""], ""header"": {""note"": [], ""subTitle"": [], ""mainTitle"": [""公司當日重大訊息之詳細內容""]}, ""titles"": [{""main"": ""序號"", ""sub"": []}, {""main"": ""發言日期"", ""sub"": []}, {""main"": ""發言時間"", ""sub"": []}, {""main"": ""發言人"", ""sub"": []}, {""main"": ""發言人職稱"", ""sub"": []}, {""main"": ""發言人電話"", ""sub"": []}, {""main"": ""主旨"", ""sub"": []}, {""main"": ""符合條款"", ""sub"": []}, {""main"": ""事實發生日"", ""sub"": []}, {""main"": ""說明"", ""sub"": []}], ""companyAbbreviation"": ""景美""}, ""datetime"": ""115/08/11 18:49:51""}",2026-08-11 18:48:55
1150811|rotc|7867|2,115/08/11,17:59:42,7867,特力屋,公告本公司董事會決議辦理初次上市掛牌前現金增資發行新股案,現金增資,1150811,rotc,2,"{""code"": 200, ""message"": ""查詢成功"", ""result"": {""marketName"": ""興櫃公司"", ""companyId"": ""7867"", ""data"": [[2, ""115/08/11"", ""17:59:42"", ""蔣毓婷"", ""總監"", ""02-8791-6668"", ""公告本公司董事會決議辦理初次上市掛牌前現金增資發行新股案"", ""9"", ""115/08/11"", ""1.董事會決議日期:115/08/11\n2.增資資金來源:現金增資發行新股。\n3.發行股數(如屬盈餘或公積轉增資，則不含配發給員工部分):\n上限為普通股12,000,000股且不低於普通股10,200,000股。\n4.每股面額:新臺幣10元。\n5.發行總金額:新臺幣102,000,000~120,000,000元整(以面額計算)。\n6.發行價格:每股發行價格暫定以新臺幣58元溢價發行，預計募集總金額\n為新臺幣591,600仟元~696,000仟元，惟實際發行價格授權董事長參酌市場狀況，\n並依相關法令與主辦證券承銷商共同議定之。\n7.員工認購股數或配發金額:1,020,000~ 1,200,000股。\n8.公開銷售股數:9,180,000~10,800,000股。\n9.原股東認購或無償配發比例(請註明暫定每仟股認購或配發股數):\n本次現金增資依公司法第267條規定，保留發行新股總數之10%計1,020,000~1,200,000股\n供員工認購,其餘90%計9,180,000~10,800,000股依證券交易法第28條之1規定\n及本公司114年12月16日股東臨時會決議通過，由原股東放棄認購,以供證券承銷商\n辦理上市前公開承銷，不受公司法第267條第3項原股東優先分認之限制。\n10.畸零股及逾期未認購股份之處理方式:員工放棄認購或認購不足部分，\n授權董事長洽特定人按發行價格認購之；對外公開承銷認購不足部分，\n依「中華民國證券商業同業公會證券商承銷或再行銷售有價證券處理辦法」\n規定辦理之。\n11.本次發行新股之權利義務:本次現金增資發行之股份均採無實體發行，\n發行之新股權利義務與原已發行之普通股相同。\n12.本次增資資金用途:充實營運資金。\n13.其他應敘明事項:\n(1)本次現金增資發行新股所訂之發行股數、發行價格、發行條件、募集資金總額、\n資金計劃之用途、預計可能產生效益及其他相關事項，如因法令規定、\n主管機關指示或因應主客觀環境變化而有修正或調整之必要，及其他未盡事宜，\n授權董事長全權處理。\n(2)本次增資案侯主管機關申報生效後，授權董事長另訂增資基準日、股款繳納期間、\n競價拍賣及公開申購期間等發行新股之相關事宜。\n(3)本公司股票上市前相關事宜，含終止興櫃轉上市掛牌等，授權董事長全權處理。""]], ""footer"": [""以上資料均由各公司依發言當時所屬市場別之規定申報後，由本系統對外公佈，資料如有虛偽不實，均由該公司負責。""], ""header"": {""note"": [], ""subTitle"": [], ""mainTitle"": [""公司當日重大訊息之詳細內容""]}, ""titles"": [{""main"": ""序號"", ""sub"": []}, {""main"": ""發言日期"", ""sub"": []}, {""main"": ""發言時間"", ""sub"": []}, {""main"": ""發言人"", ""sub"": []}, {""main"": ""發言人職稱"", ""sub"": []}, {""main"": ""發言人電話"", ""sub"": []}, {""main"": ""主旨"", ""sub"": []}, {""main"": ""符合條款"", ""sub"": []}, {""main"": ""事實發生日"", ""sub"": []}, {""main"": ""說明"", ""sub"": []}], ""companyAbbreviation"": ""特力屋""}, ""datetime"": ""115/08/11 18:49:53""}",2026-08-11 18:48:55
1150811|rotc|5246|2,115/08/11,18:04:09,5246,勵威,公告本公司董事會決議辦理現金增資發行新股,現金增資,1150811,rotc,2,"{""code"": 200, ""message"": ""查詢成功"", ""result"": {""marketName"": ""興櫃公司"", ""companyId"": ""5246"", ""data"": [[2, ""115/08/11"", ""18:04:09"", ""賴志豪"", ""總經理"", ""(03)530-2300"", ""公告本公司董事會決議辦理現金增資發行新股"", ""9"", ""115/08/11"", ""1.董事會決議日期:115/08/11\n2.增資資金來源:現金增資發行普通股\n3.發行股數(如屬盈餘或公積轉增資，則不含配發給員工部分):\n6,000,000股~10,000,000股。\n4.每股面額:新台幣10元\n5.發行總金額:按面額計新台幣60,000,000元~100,000,000元。\n6.發行價格:每股發行價格暫訂為新台幣60至110元，實際發行價格及發行條件授權董事長\n視公司實際需要及市場狀況於法令許可範圍內全權處理。\n7.員工認購股數或配發金額:依公司法第267條規定，保留10%即600,000股~1,000,000股\n由本公司員工認購。\n8.公開銷售股數:不適用\n9.原股東認購或無償配發比例(請註明暫定每仟股認購或配發股數):發行股份90%\n計5,400,000股~9,000,000股，由原股東按增資認股基準日股東名簿記載之股東\n持股比率認購。\n10.畸零股及逾期未認購股份之處理方式:認購不足一股之畸零股，得由股東在停止\n過戶日起五日內，逕向本公司股務代理機構辦理併湊成整股。原股東及員工放棄\n認購或拼湊不足一股之畸零股，擬由董事會授權董事長洽特定人按發行價格認購之。\n11.本次發行新股之權利義務:與原已發行普通股股份相同。\n12.本次增資資金用途:償還銀行借款和充實營運資金。\n13.其他應敘明事項:\n(1)本次發行新股所訂之發行股數、發行價格、發行條件、計畫項目、資金運用進度\n及預計效益暨其他有關本次現金增資之事項，如經主管機關修正及基於營運評估\n或因應客觀環境而需要修正者或其他未盡事宜，授權董事長視實際狀況全權處理。\n(2)本次現金增資案呈奉主管機關核准後，授權董事長訂定認股基準日、繳款期間、\n增資基準日等相關發行新股事宜。""]], ""footer"": [""以上資料均由各公司依發言當時所屬市場別之規定申報後，由本系統對外公佈，資料如有虛偽不實，均由該公司負責。""], ""header"": {""note"": [], ""subTitle"": [], ""mainTitle"": [""公司當日重大訊息之詳細內容""]}, ""titles"": [{""main"": ""序號"", ""sub"": []}, {""main"": ""發言日期"", ""sub"": []}, {""main"": ""發言時間"", ""sub"": []}, {""main"": ""發言人"", ""sub"": []}, {""main"": ""發言人職稱"", ""sub"": []}, {""main"": ""發言人電話"", ""sub"": []}, {""main"": ""主旨"", ""sub"": []}, {""main"": ""符合條款"", ""sub"": []}, {""main"": ""事實發生日"", ""sub"": []}, {""main"": ""說明"", ""sub"": []}], ""companyAbbreviation"": ""勵威""}, ""datetime"": ""115/08/11 18:49:53""}",2026-08-11 18:48:55
1150811|rotc|7776|2,115/08/11,18:14:09,7776,奧孟亞,公告本公司董事會決議現金增資發行新股,現金增資,1150811,rotc,2,"{""code"": 200, ""message"": ""查詢成功"", ""result"": {""marketName"": ""興櫃公司"", ""companyId"": ""7776"", ""data"": [[2, ""115/08/11"", ""18:14:09"", ""蔡依庭"", ""財會主管"", ""02-26558988#7504"", ""公告本公司董事會決議現金增資發行新股"", ""9"", ""115/08/11"", ""1.董事會決議日期:115/08/11\n2.增資資金來源:現金增資\n3.發行股數(如屬盈餘或公積轉增資，則不含配發給員工部分):普通股不高於4,000,000股\n4.每股面額:新台幣10元\n5.發行總金額:總面額新台幣40,000,000元\n6.發行價格:暫定每股不低於新台幣33元\n7.員工認購股數或配發金額:\n  依公司法第267條規定保留發行新股總數10%計400,000股，由本公司員工認購。\n8.公開銷售股數:不適用\n9.原股東認購或無償配發比例(請註明暫定每仟股認購或配發股數):\n  發行新股總數90%計3,600,000股，由原股東按認股基準日股東名簿所記載持有股數按\n  比例認購，原股東暫定每仟股得認購約73.31748589股。\n10.畸零股及逾期未認購股份之處理方式:\n  認購不足一股之畸零股，由原股東自行於停止過戶日起五日內向本公司股務代理機構\n  辦理拼湊成整股認購。原股東及員工放棄認股、認購不足或逾期未拼湊，授權董事長\n  按發行價格洽特定人認購之。\n11.本次發行新股之權利義務:與原發行之普通股股份相同。\n12.本次增資資金用途:充實營運資金\n13.其他應敘明事項:\n   (1)本次現金增資發行普通股案，俟呈報主管機關申報生效後，由董事會授權董事長\n      另訂定認股基準日、增資基準日及辦理與本次現金增資相關事宜。\n   (2)本次增資發行普通股所訂之發行股數(惟不得超過4,000,000股)、發行價格(得較\n      前二十個交易日平均交易價格折價最多10%)、發行條件、計畫項目、募集金額及\n      其他有關事項，如因應法令變更或主管機關核定、客觀環境改變或其他事實需要\n      而需調整修正時，授權董事長視公司實際需要及市場狀況於法令許可範圍內全權\n      處理。""]], ""footer"": [""以上資料均由各公司依發言當時所屬市場別之規定申報後，由本系統對外公佈，資料如有虛偽不實，均由該公司負責。""], ""header"": {""note"": [], ""subTitle"": [], ""mainTitle"": [""公司當日重大訊息之詳細內容""]}, ""titles"": [{""main"": ""序號"", ""sub"": []}, {""main"": ""發言日期"", ""sub"": []}, {""main"": ""發言時間"", ""sub"": []}, {""main"": ""發言人"", ""sub"": []}, {""main"": ""發言人職稱"", ""sub"": []}, {""main"": ""發言人電話"", ""sub"": []}, {""main"": ""主旨"", ""sub"": []}, {""main"": ""符合條款"", ""sub"": []}, {""main"": ""事實發生日"", ""sub"": []}, {""main"": ""說明"", ""sub"": []}], ""companyAbbreviation"": ""奧孟亞""}, ""datetime"": ""115/08/11 18:49:54""}",2026-08-11 18:48:55
1150811|rotc|7731|4,115/08/11,18:38:30,7731,火星生技*,公告本公司擬向金融監督管理委員會申請調整每股發行價格及延長現金增資繳款期間等相關事宜,現金增資,1150811,rotc,4,"{""code"": 200, ""message"": ""查詢成功"", ""result"": {""marketName"": ""興櫃公司"", ""companyId"": ""7731"", ""data"": [[4, ""115/08/11"", ""18:38:30"", ""楊硯超"", ""總經理"", ""(02)8245-5250"", ""公告本公司擬向金融監督管理委員會申請調整每股發行價格\r\n及延長現金增資繳款期間等相關事宜"", ""14"", ""115/08/11"", ""1.董事會決議變更日期:115/08/11\n2.原計畫申報生效之日期:115/07/27\n3.變動原因:鑒於近期資本市場變化，股價波動較大，綜合考量\n市場客觀環境之變動、認購人投資意願及資金募集之可行性，本公司\n擬調整每股發行價格、總募集金額及延長繳款期間3個月。\n4.歷次變更前後募集資金計畫:\n114年度現金增資，已依變更後計畫完成資金募集及資金運用。\n5.預計執行進度:授權董事長於調整後每股發行價格新台幣3.5~6.5元區間內\n訂定之，並向主管機關辦理相關調整事宜。\n6.預計完成日期:115年第四季。\n7.預計可能產生效益:充實營運資金，健全財務結構。\n8.與原預計效益產生之差異:將視董事長訂定調整後之每股發行價格後，另行公告。\n9.本次變更對股東權益之影響:尚無重大影響。\n10.原主辦承銷商評估意見摘要:無。\n11.其他應敘明事項:\n(1)本次發行新股20,000仟股及暫定每股發行價格新台幣5元，業經金融監督管\n理委員會115年07月27日金管證發字第1150349728號函申報生效。\n(2)115年08月11日董事會決議每股發行價格擬調整為新台幣3.5~6.5元，授權\n董事長於區間內訂定之，並向主管機關辦理相關調整及延長繳款期間事宜。待\n呈報主管機關核備，俟取得金融監督管理委員會核准後另行公告之。\n(3)其後續相關事宜業經115年08月11日董事會決議通過授權董事長依相關法\n令訂定認股基準日、增資基準日、股款繳納期限、認股率及辦理其他增資發行　\n等相關事宜。\n(4)本現金增資預計調整每股發行價格及募集金額案，不影響增資目的之執行。""]], ""footer"": [""以上資料均由各公司依發言當時所屬市場別之規定申報後，由本系統對外公佈，資料如有虛偽不實，均由該公司負責。""], ""header"": {""note"": [], ""subTitle"": [], ""mainTitle"": [""公司當日重大訊息之詳細內容""]}, ""titles"": [{""main"": ""序號"", ""sub"": []}, {""main"": ""發言日期"", ""sub"": []}, {""main"": ""發言時間"", ""sub"": []}, {""main"": ""發言人"", ""sub"": []}, {""main"": ""發言人職稱"", ""sub"": []}, {""main"": ""發言人電話"", ""sub"": []}, {""main"": ""主旨"", ""sub"": []}, {""main"": ""符合條款"", ""sub"": []}, {""main"": ""事實發生日"", ""sub"": []}, {""main"": ""說明"", ""sub"": []}], ""companyAbbreviation"": ""火星生技*""}, ""datetime"": ""115/08/11 18:49:55""}",2026-08-11 18:48:55
1150806|pub|4132|4,115/08/10,20:40:19,4132,國鼎,公告本公司董事會決議辦理現金增資發行新股,現金增資,1150806,pub,4,"{""code"": 200, ""message"": ""查詢成功"", ""result"": {""marketName"": ""公開發行公司"", ""companyId"": ""4132"", ""data"": [[4, ""115/08/10"", ""20:40:19"", ""林國聖"", ""財務長"", ""(02)2808-6006"", ""公告本公司董事會決議辦理現金增資發行新股"", ""9"", ""115/08/10"", ""1.事實發生日:115/08/10\n2.發生緣由:本公司董事會決議辦理現金增資發行新股\n3.因應措施:\n (1)董事會決議日期:115/08/10\n (2)增資資金來源:現金增資發行普通股\n (3)發行股數:普通股20,000,000股\n (4)每股面額:新臺幣10元\n (5)發行總金額:按面額計新臺幣200,000,000元\n (6)發行價格:暫定每股新臺幣10元\n (7)員工認購股數或配發金額:依公司法第267條第1項規定，保留發行普通股總額之10%\n    計2,000,000股由員工認購。\n (8)公開銷售股數:不適用。\n (9)原股東認購比例:發行新股總數之90%計18,000,000股，由原股東按認股基準日股東\n    名簿記載之持股比例認購，每仟股得認購95.77459309股。\n (10)畸零股及逾期未認購股份之處理方式:認購不足一股之畸零股，得由股東於停止過\n     戶日起五日內自行向本公司股務代理機構辦理併湊，其併湊不足一股之畸零數及\n     原股東、員工逾期放棄認購或認購不足及逾期未辦理併湊之部分，擬請董事會授\n     權董事長洽特定人按發行價格認足之。\n (11)本次發行新股之權利義務:與原已發行之普通股股份相同。\n (12)本次增資資金用途:充實營運資金。\n4.其他應敘明事項:\n (1)本次現金增資案俟呈主管機關申報生效後，有關認股基準日、股款繳納期間、增資\n    發行新股基準日等日程，擬請董事會授權董事長視實際情況依相關法令規定辦理之\n    。\n (2)本次現金增資計畫之重要內容，包括發行股數、發行價格、資金來源、計畫項目、\n    預計進度及預計可能產生效益及其他有關事宜，如經主管機關要求或為因應客觀環\n    境變動所需修正時，擬請董事會授權董事長全權處理之。""]], ""footer"": [""以上資料均由各公司依發言當時所屬市場別之規定申報後，由本系統對外公佈，資料如有虛偽不實，均由該公司負責。""], ""header"": {""note"": [], ""subTitle"": [], ""mainTitle"": [""公司當日重大訊息之詳細內容""]}, ""titles"": [{""main"": ""序號"", ""sub"": []}, {""main"": ""發言日期"", ""sub"": []}, {""main"": ""發言時間"", ""sub"": []}, {""main"": ""發言人"", ""sub"": []}, {""main"": ""發言人職稱"", ""sub"": []}, {""main"": ""發言人電話"", ""sub"": []}, {""main"": ""主旨"", ""sub"": []}, {""main"": ""符合條款"", ""sub"": []}, {""main"": ""事實發生日"", ""sub"": []}, {""main"": ""說明"", ""sub"": []}], ""companyAbbreviation"": ""國鼎""}, ""datetime"": ""115/08/11 18:49:56""}",2026-08-11 18:48:55
1150811|pub|5874|1,115/08/11,15:00:06,5874,南山人壽,本公司發行一一五年度第二期無擔保累積次順位普通公司債(補充說明114/10/9公告),公司債,1150811,pub,1,"{""code"": 200, ""message"": ""查詢成功"", ""result"": {""marketName"": ""公開發行公司"", ""companyId"": ""5874"", ""data"": [[1, ""115/08/11"", ""15:00:06"", ""范文偉"", ""總經理"", ""(02)8758-8888"", ""本公司發行一一五年度第二期無擔保累積次順位普通公司債\r\n(補充說明114/10/9公告)"", ""9"", ""115/08/11"", ""1.事實發生日:115/08/11\n2.發生緣由:本公司發行一一五年度第二期無擔保累積次順位普通公司債，\n經財團法人中華民國證券櫃檯買賣中心115年8月11日\n證櫃債字第11500049561號函通知申報生效。訂定發行條件如下：\n(1)董事會決議日期:NA\n(2)名稱﹝XX公司第X次（有、無）擔保公司債﹞：南山人壽保險股份有限公司\n一一五年度第二期無擔保累積次順位普通公司債\n(3)發行總額：發行總額為新台幣參拾壹億元整，依發行條件之不同\n分為甲券及乙券，其中甲券發行金額為新台幣貳拾捌億壹仟萬元整，\n乙券發行金額為新台幣貳億玖仟萬元整。\n(4)每張面額：新臺幣壹佰萬元\n(5)發行價格：依票面金額十足發行\n(6)發行期間：甲券發行期間為十年期、乙券發行期間為十五年期。\n(7)發行利率：甲券之票面利率為固定利率3.75%；\n乙券之票面利率為固定利率3.88%。\n(8)擔保品之總類、名稱、金額及約定事項：本公司債為無擔保累積次順位\n普通公司債\n(9)募得價款之用途及運用計畫：強化財務結構、充實資本\n(10)承銷方式：採包銷方式，並委託承銷商以洽商銷售方式對外公開承銷\n(11)公司債受託人：台北富邦商業銀行股份有限公司\n(12)承銷或代銷機構：主辦承銷商為富邦綜合證券(股)，\n協辦承銷商為永豐商業銀行(股)及凱基證券(股)。\n(13)發行保證人：不適用\n(14)代理還本付息機構：台北富邦商業銀行股份有限公司\n(15)簽證機構：不適用\n(16)能轉換股份者，其轉換辦法：不適用\n(17)賣回條件：不適用\n(18)買回條件：乙券發行滿十年後，如計算贖回後本公司資本適足率大於\n計算時法定最低保險業資本適足率，並經主管機關同意者，本公司得提前\n按本公司債面額加計採實際天數計算之應付利息全數贖回。\n(19)附有轉換、交換或認股者，其換股基準日：不適用\n(20)附有轉換、交換或認股者，對股權可能稀釋情形：不適用\n(21)其他應敘明事項:無\n3.因應措施:無\n4.其他應敘明事項:此公告並非影響公司繼續營運之重大情事。""]], ""footer"": [""以上資料均由各公司依發言當時所屬市場別之規定申報後，由本系統對外公佈，資料如有虛偽不實，均由該公司負責。""], ""header"": {""note"": [], ""subTitle"": [], ""mainTitle"": [""公司當日重大訊息之詳細內容""]}, ""titles"": [{""main"": ""序號"", ""sub"": []}, {""main"": ""發言日期"", ""sub"": []}, {""main"": ""發言時間"", ""sub"": []}, {""main"": ""發言人"", ""sub"": []}, {""main"": ""發言人職稱"", ""sub"": []}, {""main"": ""發言人電話"", ""sub"": []}, {""main"": ""主旨"", ""sub"": []}, {""main"": ""符合條款"", ""sub"": []}, {""main"": ""事實發生日"", ""sub"": []}, {""main"": ""說明"", ""sub"": []}], ""companyAbbreviation"": ""南山人壽""}, ""datetime"": ""115/08/11 18:49:57""}",2026-08-11 18:48:55
1150811|pub|5874|2,115/08/11,17:00:58,5874,南山人壽,公告本公司董事會決議擬發行十年(含)期以上累積次順位普通公司債,公司債,1150811,pub,2,"{""code"": 200, ""message"": ""查詢成功"", ""result"": {""marketName"": ""公開發行公司"", ""companyId"": ""5874"", ""data"": [[2, ""115/08/11"", ""17:00:58"", ""范文偉"", ""總經理"", ""(02)8758-8888"", ""公告本公司董事會決議擬發行十年(含)期以上累積次順位\r\n普通公司債"", ""9"", ""115/08/11"", ""1.事實發生日:115/08/11\n2.發生緣由:依據115年8月11日董事會決議，為強化財務結構、充實資本，\n          擬發行十年(含)期以上累積次順位普通公司債並於國內證券櫃檯買賣中心或\n          國外交易所掛牌交易，以充足公司之合格資本。\n本次發行債券之主要發行條件如下：\n1)發行總額：上限為新台幣貳佰伍拾億元(或等值外幣)，得依市場行情及客觀情勢\n            於董事會決議後一年內一次或分次發行。\n2)每張面額：每張面額暫定為新台幣壹佰萬元整(若發行外幣，則視市場狀況而定)。\n3)發行價格：依票面金額十足發行。\n4)發行期間：十年(含)期以上。\n5)發行利率：為增加發債之彈性，以因應債券市場之變化，發行利率授權董事長\n            視發行時市場狀況訂定。\n6)其他：與本次發行相關事宜，包括但不限於本次債券發行之承銷券商、發行日期、\n        發行地點等，授權董事長於上述主要發行條件範圍內決定，並於發行後最近\n        期之股東會報告本募集案。\n3.因應措施:\n1)獨立董事反對或保留意見：無。\n2)依「公司法」第246條規定，公司經董事會特別決議後，得募集公司債，\n  但須將募集原因及有關事項報告股東會。\n4.其他應敘明事項:無。""]], ""footer"": [""以上資料均由各公司依發言當時所屬市場別之規定申報後，由本系統對外公佈，資料如有虛偽不實，均由該公司負責。""], ""header"": {""note"": [], ""subTitle"": [], ""mainTitle"": [""公司當日重大訊息之詳細內容""]}, ""titles"": [{""main"": ""序號"", ""sub"": []}, {""main"": ""發言日期"", ""sub"": []}, {""main"": ""發言時間"", ""sub"": []}, {""main"": ""發言人"", ""sub"": []}, {""main"": ""發言人職稱"", ""sub"": []}, {""main"": ""發言人電話"", ""sub"": []}, {""main"": ""主旨"", ""sub"": []}, {""main"": ""符合條款"", ""sub"": []}, {""main"": ""事實發生日"", ""sub"": []}, {""main"": ""說明"", ""sub"": []}], ""companyAbbreviation"": ""南山人壽""}, ""datetime"": ""115/08/11 18:49:59""}",2026-08-11 18:48:55
1150810|sii|9105|1,115/08/10,18:00:11,9105,泰金寶-DR,泰金寶科技股份有限公司2026年07月自結合併營收公告,自結合併,1150810,sii,1,"{""code"": 406, ""message"": ""查無相符資料"", ""result"": null, ""datetime"": ""115/08/11 18:50:00""}",2026-08-11 18:48:55
