key,speech_date,speech_time,company_id,company_name,subject,matched_keywords,enterDate,marketKind,serialNumber,detail_json,fetched_at_tw
1150811|sii|2461|1,115/08/11,17:36:06,2461,光群雷,公告本公司董事會決議買回庫藏股,庫藏股,1150811,sii,1,"{""code"": 200, ""message"": ""查詢成功"", ""result"": {""marketName"": ""上市公司"", ""companyId"": ""2461"", ""data"": [[1, ""115/08/11"", ""17:36:06"", ""洪雅菁"", ""財務長"", ""03-5770316"", ""公告本公司董事會決議買回庫藏股"", ""35"", ""115/08/11"", ""1.董事會決議日期:115/08/11\r\n2.買回股份目的:維護公司信用及股東權益\r\n3.買回股份種類:普通股\r\n4.買回股份總金額上限(元):1,260,263,452\r\n5.預定買回之期間:115/08/12~115/10/08\r\n6.預定買回之數量(股):5,000,000\r\n7.買回區間價格(元):12.25~25.00，公司股價低於區間價格下限，將繼續買回\r\n8.買回方式:自集中交易市場買回\r\n9.預定買回股份占公司已發行股份總數之比率(%):2.61\r\n10.申報時已持有本公司股份之累積股數(股):7,864,000\r\n11.申報前五年內買回公司股份之情形:\r\n(1)實際買回股份期間：115/03/13 ~ 115/05/08 、預定買回股數(股)：5000000 、實際已買回股數\r\n(股)：5000000 、執行情形(實際已買回股數占預定買回股數%)：100.00\r\n(2)實際買回股份期間：114/04/16 ~ 114/06/10 、預定買回股數(股)：5000000 、實際已買回股數\r\n(股)：2864000 、執行情形(實際已買回股數占預定買回股數%)：57.00\r\n(3)實際買回股份期間：110/11/15 ~ 111/01/10 、預定買回股數(股)：1500000 、實際已買回股數\r\n(股)：1500000 、執行情形(實際已買回股數占預定買回股數%)：100.00\r\n12.已申報買回但未執行完畢之情形:\r\n無\r\n13.董事會決議買回股份之會議紀錄:\r\n1150811 第十四屆第1次董事會議\r\n14.「上市上櫃公司買回本公司股份辦法」第十條規定之轉讓辦法:\r\n不適用\r\n15.「上市上櫃公司買回本公司股份辦法」第十一條規定之轉換或認股辦法:\r\n不適用\r\n16.董事會已考慮公司財務狀況，不影響公司資本維持之聲明:\r\n上述買回股份總數，僅占本公司已發行股份之百分之2.61，且買回股份所需金額上限僅占本公司合併財\r\n務報告流動資產之百分之2.65，茲聲明本公司董事會已考慮公司財務狀況，上述股份之買回並不影響本\r\n公司資本之維持。\r\n17.會計師或證券承銷商對買回股份價格之合理性評估意見:\r\n依福邦證券承銷商之評估意見，本公司本次買回公司股份計劃之買回區間價格尚稱合理且符合有關規\r\n定。另對財務結構、權益報酬率、速動比率、流動比率及現金流量狀況之影響性，經評估對本公司之財\r\n務狀況及股東權益尚無重大影響。\r\n18.其他證期局所規定之事項:\r\n無""]], ""footer"": [""以上資料均由各公司依發言當時所屬市場別之規定申報後，由本系統對外公佈，資料如有虛偽不實，均由該公司負責。""], ""header"": {""note"": [], ""subTitle"": [], ""mainTitle"": [""公司當日重大訊息之詳細內容""]}, ""titles"": [{""sub"": [], ""main"": ""序號""}, {""sub"": [], ""main"": ""發言日期""}, {""sub"": [], ""main"": ""發言時間""}, {""sub"": [], ""main"": ""發言人""}, {""sub"": [], ""main"": ""發言人職稱""}, {""sub"": [], ""main"": ""發言人電話""}, {""sub"": [], ""main"": ""主旨""}, {""sub"": [], ""main"": ""符合條款""}, {""sub"": [], ""main"": ""事實發生日""}, {""sub"": [], ""main"": ""說明""}], ""companyAbbreviation"": ""光群雷""}, ""datetime"": ""115/08/12 22:58:18""}",2026-08-12 22:58:15
1150811|sii|3706|7,115/08/11,17:53:35,3706,神達,公告本公司董事會訂定除權息基準日暨海外無擔保轉換公司債之停止轉換期間,公司債,1150811,sii,7,"{""code"": 200, ""message"": ""查詢成功"", ""result"": {""marketName"": ""上市公司"", ""companyId"": ""3706"", ""data"": [[7, ""115/08/11"", ""17:53:35"", ""何繼武"", ""總經理"", ""(03)328-9000"", ""公告本公司董事會訂定除權息基準日暨\r\n海外無擔保轉換公司債之停止轉換期間"", ""14"", ""115/08/11"", ""1.董事會、股東會決議或公司決定日期:115/08/11\n2.除權、息類別（請填入「除權」、「除息」或「除權息」）:除權息\n3.普通股發放股利種類及金額:\n現金股利新台幣3,981,637,404元(每股3.0元)。\n股票股利新台幣1,327,212,470元(每股1.0元)。\n4.除權（息）交易日:115/09/09\n5.最後過戶日:115/09/10\n6.停止過戶起始日期:115/09/11\n7.停止過戶截止日期:115/09/15\n8.除權（息）基準日:115/09/15\n9.債券最後申請轉換日期:不適用\n10.債券停止轉換起始日期:115/08/21\n11.債券停止轉換截止日期:115/09/15\n12.普通股現金股利發放日期:115/10/08\n13.現金股利之一部或全部是否以外幣發放(請填入「是」或「否」):否\n14.外幣現金股利發放幣別:不適用\n15.外幣現金股利發放對象:不適用\n16.外幣現金股利匯率決定方式:不適用\n17.其他應敘明事項:\n(1)如因本公司有權參與配發之股數變動，致股東配股配息率因此發生變動時，\n 擬授權董事長全權處理調整之。\n(2)增資新股權利證書上市日期訂於115/10/08。""]], ""footer"": [""以上資料均由各公司依發言當時所屬市場別之規定申報後，由本系統對外公佈，資料如有虛偽不實，均由該公司負責。""], ""header"": {""note"": [], ""subTitle"": [], ""mainTitle"": [""公司當日重大訊息之詳細內容""]}, ""titles"": [{""sub"": [], ""main"": ""序號""}, {""sub"": [], ""main"": ""發言日期""}, {""sub"": [], ""main"": ""發言時間""}, {""sub"": [], ""main"": ""發言人""}, {""sub"": [], ""main"": ""發言人職稱""}, {""sub"": [], ""main"": ""發言人電話""}, {""sub"": [], ""main"": ""主旨""}, {""sub"": [], ""main"": ""符合條款""}, {""sub"": [], ""main"": ""事實發生日""}, {""sub"": [], ""main"": ""說明""}], ""companyAbbreviation"": ""神達""}, ""datetime"": ""115/08/12 22:58:19""}",2026-08-12 22:58:15
1150730|sii|6282|1,115/08/11,17:56:54,6282,康舒,公告本公司國內第二次無擔保轉換公司債轉換普通股之增資基準日,公司債,1150730,sii,1,"{""code"": 200, ""message"": ""查詢成功"", ""result"": {""marketName"": ""上市公司"", ""companyId"": ""6282"", ""data"": [[1, ""115/08/11"", ""17:56:54"", ""薛惠文"", ""副總經理"", ""(02)2621-7672"", ""公告本公司國內第二次無擔保轉換公司債轉換普通股之增資基準日"", ""11"", ""115/08/11"", ""1.董事會決議日期:115/08/11\n2.增資資金來源:本公司國內第二次無擔保轉換公司債\n3.是否採總括申報發行新股(是，請併敘明預定發行期間/否):否\n4.全案發行總金額及股數(如屬盈餘或公積轉增資，發行股數則不含配發給員工部分):\n發行總金額:新台幣694,110元\n發行股數:69,411股\n5.採總括申報發行新股案件，本次發行金額及股數:不適用\n6.採總括申報發行新股案件，本次發行後，剩餘之金額及股數餘額:不適用\n7.每股面額:新台幣10元\n8.發行價格:不適用\n9.員工認購股數或配發金額:不適用\n10.公開銷售股數:不適用\n11.原股東認購或無償配發比例:不適用\n12.畸零股及逾期未認購股份之處理方式:不適用\n13.本次發行新股之權利義務:與原流通在外股份相同\n14.本次增資資金用途:不適用\n15.現金減資後再行募資之合理性及必要性\n(募資當年度及前一年度有辦理現金減資者適用):不適用\n16.其他應敘明事項:訂定115年08月17日為公司債轉換普通股之增資基準日，增資後\n實收資本額為新台幣8,561,007,050元，並依法令規定辦理相關變更登記事宜。""]], ""footer"": [""以上資料均由各公司依發言當時所屬市場別之規定申報後，由本系統對外公佈，資料如有虛偽不實，均由該公司負責。""], ""header"": {""note"": [], ""subTitle"": [], ""mainTitle"": [""公司當日重大訊息之詳細內容""]}, ""titles"": [{""sub"": [], ""main"": ""序號""}, {""sub"": [], ""main"": ""發言日期""}, {""sub"": [], ""main"": ""發言時間""}, {""sub"": [], ""main"": ""發言人""}, {""sub"": [], ""main"": ""發言人職稱""}, {""sub"": [], ""main"": ""發言人電話""}, {""sub"": [], ""main"": ""主旨""}, {""sub"": [], ""main"": ""符合條款""}, {""sub"": [], ""main"": ""事實發生日""}, {""sub"": [], ""main"": ""說明""}], ""companyAbbreviation"": ""康舒""}, ""datetime"": ""115/08/12 22:58:20""}",2026-08-12 22:58:15
1150811|sii|8222|2,115/08/11,18:17:05,8222,寶一,公告本公司申請延長發行國內第一次有擔保轉換公司債募集期間三個月，業經金管會准予備查。,公司債,1150811,sii,2,"{""code"": 200, ""message"": ""查詢成功"", ""result"": {""marketName"": ""上市公司"", ""companyId"": ""8222"", ""data"": [[2, ""115/08/11"", ""18:17:05"", ""胡淑賢"", ""副總經理"", ""06-6535001"", ""公告本公司申請延長發行國內第一次有擔保轉換公司債\r\n募集期間三個月，業經金管會准予備查。"", ""51"", ""115/08/11"", ""1.事實發生日:115/08/11\n2.公司名稱:寶一科技股份有限公司\n3.與公司關係(請輸入本公司或子公司):本公司\n4.相互持股比例:不適用\n5.發生緣由:\n(1)本公司發行國內第一次有擔保轉換公司債，每張面額新臺幣100,000元，\n發行總面額新臺幣400,000,000元，業經金管會115年06月12日金管證發字\n第1150345474號 函同意申報生效在案。\n(2)本公司考量國內資本市場變動及尋求較佳的發行時點，並考量整體公司\n利益及股東權益，為利本次有擔保轉換公司債案資金募集得以順利完成，\n故擬向金融監督管理委員會申請延長發行國內第一次有擔保轉換公司債募集\n期間三個月。業經115年08月10日金管證發字第1150352494號函核准備查在\n案，募集期間延長至115年12月11日。\n6.因應措施:不適用\n7.其他應敘明事項(若事件發生或決議之主體係屬公開發行以上公司，本則重大訊息同時\n  符合證券交易法施行細則第7條第9款所定對股東權益或證券價格有重大影響之事項):無""]], ""footer"": [""以上資料均由各公司依發言當時所屬市場別之規定申報後，由本系統對外公佈，資料如有虛偽不實，均由該公司負責。""], ""header"": {""note"": [], ""subTitle"": [], ""mainTitle"": [""公司當日重大訊息之詳細內容""]}, ""titles"": [{""sub"": [], ""main"": ""序號""}, {""sub"": [], ""main"": ""發言日期""}, {""sub"": [], ""main"": ""發言時間""}, {""sub"": [], ""main"": ""發言人""}, {""sub"": [], ""main"": ""發言人職稱""}, {""sub"": [], ""main"": ""發言人電話""}, {""sub"": [], ""main"": ""主旨""}, {""sub"": [], ""main"": ""符合條款""}, {""sub"": [], ""main"": ""事實發生日""}, {""sub"": [], ""main"": ""說明""}], ""companyAbbreviation"": ""寶一""}, ""datetime"": ""115/08/12 22:58:20""}",2026-08-12 22:58:15
1150811|sii|2442|6,115/08/11,18:21:49,2442,新美齊,本公司董事會決議發行115年度第一次有擔保普通公司債,公司債,1150811,sii,6,"{""code"": 200, ""message"": ""查詢成功"", ""result"": {""marketName"": ""上市公司"", ""companyId"": ""2442"", ""data"": [[6, ""115/08/11"", ""18:21:49"", ""林傳捷"", ""董事長"", ""(02)5582-8168#3000"", ""本公司董事會決議發行115年度第一次有擔保普通公司債"", ""11"", ""115/08/11"", ""1.董事會決議日期:115/08/11\n2.名稱﹝XX公司第X次（有、無）擔保公司債﹞:新美齊股份有限公司\n115年度第一次有擔保普通公司債\n3.是否採總括申報發行公司債(是/否):否\n4.發行總額:新臺幣柒億元為上限。\n5.每張面額:新臺幣壹佰萬元整。\n6.發行價格:依票面金額十足發行。\n7.發行期間:五年期。\n8.發行利率:採固定利率發行，依訂價時市場狀況訂定，並授權董事長決定。\n9.擔保品之種類、名稱、金額及約定事項:銀行保證。\n10.募得價款之用途及運用計畫:償還銀行借款。\n11.承銷方式:授權董事長決定。\n12.公司債受託人:授權董事長決定。\n13.承銷或代銷機構:授權董事長決定。\n14.發行保證人:授權董事長決定。\n15.代理還本付息機構:授權董事長決定。\n16.簽證機構:採無實體發行，不適用。\n17.能轉換股份者，其轉換辦法:不適用。\n18.賣回條件:無。\n19.買回條件:買回日授權董事長決定。本公司得於買回日當日強制提前買回本公司債，\n本公司債之債權人不得有異議。本公司將於買回日30日前擇期公告買回，按債券面額\n加計實際持有期間之應付利息買回本公司債。\n20.附有轉換、交換或認股者，其換股基準日:不適用。\n21.附有轉換、交換或認股者，對股權可能稀釋情形:不適用。\n22.現金減資後再行募資之合理性及必要性\n(募資當年度及前一年度有辦理現金減資者適用):不適用。\n23.其他應敘明事項:無。""]], ""footer"": [""以上資料均由各公司依發言當時所屬市場別之規定申報後，由本系統對外公佈，資料如有虛偽不實，均由該公司負責。""], ""header"": {""note"": [], ""subTitle"": [], ""mainTitle"": [""公司當日重大訊息之詳細內容""]}, ""titles"": [{""sub"": [], ""main"": ""序號""}, {""sub"": [], ""main"": ""發言日期""}, {""sub"": [], ""main"": ""發言時間""}, {""sub"": [], ""main"": ""發言人""}, {""sub"": [], ""main"": ""發言人職稱""}, {""sub"": [], ""main"": ""發言人電話""}, {""sub"": [], ""main"": ""主旨""}, {""sub"": [], ""main"": ""符合條款""}, {""sub"": [], ""main"": ""事實發生日""}, {""sub"": [], ""main"": ""說明""}], ""companyAbbreviation"": ""新美齊""}, ""datetime"": ""115/08/12 22:58:21""}",2026-08-12 22:58:15
1150810|sii|3167|2,115/08/11,18:29:35,3167,大量,公告本公司國內第二次無擔保轉換公司債轉換普通股之發行新股基準日,公司債,1150810,sii,2,"{""code"": 200, ""message"": ""查詢成功"", ""result"": {""marketName"": ""上市公司"", ""companyId"": ""3167"", ""data"": [[2, ""115/08/11"", ""18:29:35"", ""林德錚"", ""策略長"", ""03-3686368#359"", ""公告本公司國內第二次無擔保轉換公司債轉換普通股之\r\n發行新股基準日"", ""11"", ""115/08/11"", ""1.董事會決議日期:115/08/11\n2.增資資金來源:國內第二次無擔保轉換公司債\n3.是否採總括申報發行新股(是，請併敘明預定發行期間/否):否\n4.全案發行總金額及股數(如屬盈餘或公積轉增資，發行股數則不含配發給員工部分):\n　發行總金額：新台幣8,012,430元\n　發行股數：801,243股\n5.採總括申報發行新股案件，本次發行金額及股數:不適用\n6.採總括申報發行新股案件，本次發行後，剩餘之金額及股數餘額:不適用\n7.每股面額:新台幣10元\n8.發行價格:不適用\n9.員工認購股數或配發金額:不適用\n10.公開銷售股數:不適用\n11.原股東認購或無償配發比例:不適用\n12.畸零股及逾期未認購股份之處理方式:不適用\n13.本次發行新股之權利義務:與原發行普通股股份相同\n14.本次增資資金用途:不適用\n15.現金減資後再行募資之合理性及必要性\n(募資當年度及前一年度有辦理現金減資者適用):不適用\n16.其他應敘明事項:\n　(1)本次公司債轉換普通股之發行新股基準日為115年8月12日，\n　　 並依法令規定辦理變更登記事宜。\n　(2)增資前實收資本額：新台幣895,134,910元\n　　 增資後實收資本額：新台幣903,147,340元""]], ""footer"": [""以上資料均由各公司依發言當時所屬市場別之規定申報後，由本系統對外公佈，資料如有虛偽不實，均由該公司負責。""], ""header"": {""note"": [], ""subTitle"": [], ""mainTitle"": [""公司當日重大訊息之詳細內容""]}, ""titles"": [{""sub"": [], ""main"": ""序號""}, {""sub"": [], ""main"": ""發言日期""}, {""sub"": [], ""main"": ""發言時間""}, {""sub"": [], ""main"": ""發言人""}, {""sub"": [], ""main"": ""發言人職稱""}, {""sub"": [], ""main"": ""發言人電話""}, {""sub"": [], ""main"": ""主旨""}, {""sub"": [], ""main"": ""符合條款""}, {""sub"": [], ""main"": ""事實發生日""}, {""sub"": [], ""main"": ""說明""}], ""companyAbbreviation"": ""大量""}, ""datetime"": ""115/08/12 22:58:22""}",2026-08-12 22:58:15
1150811|sii|3702|4,115/08/11,18:47:17,3702,大聯大,本公司董事會決議發行國內第四次無擔保轉換公司債,公司債,1150811,sii,4,"{""code"": 200, ""message"": ""查詢成功"", ""result"": {""marketName"": ""上市公司"", ""companyId"": ""3702"", ""data"": [[4, ""115/08/11"", ""18:47:17"", ""袁興文"", ""副總"", ""(02)2191-0068#85268"", ""本公司董事會決議發行國內第四次無擔保轉換公司債"", ""11"", ""115/08/11"", ""1.董事會決議日期:115/08/11\n2.名稱﹝XX公司第X次（有、無）擔保公司債﹞:\n大聯大控股股份有限公司國內第四次無擔保轉換公司債\n3.是否採總括申報發行公司債(是/否):否\n4.發行總額:\n暫定發行總面額新台幣壹佰伍拾億元整為上限\n5.每張面額:新台幣壹拾萬元整\n6.發行價格:暫定依票面金額之100%~100.5%發行\n7.發行期間:3年\n8.發行利率:票面利率0%\n9.擔保品之種類、名稱、金額及約定事項:不適用\n10.募得價款之用途及運用計畫:償還銀行借款\n11.承銷方式:採詢價圈購方式辦理公開承銷\n12.公司債受託人:授權董事長決定\n13.承銷或代銷機構:授權董事長決定\n14.發行保證人:不適用\n15.代理還本付息機構:本公司股務代理機構\n16.簽證機構:不適用\n17.能轉換股份者，其轉換辦法:\n相關辦法授權董事長視金融市場、資本市場狀況，依相關法令規定辦理，並報相關主\n管機關申報生效後另行公告\n18.賣回條件:\n相關辦法授權董事長視金融市場、資本市場狀況，依相關法令規定辦理，並報相關主\n管機關申報生效後另行公告\n19.買回條件:\n相關辦法授權董事長視金融市場、資本市場狀況，依相關法令規定辦理，並報相關主\n管機關申報生效後另行公告\n20.附有轉換、交換或認股者，其換股基準日:\n相關辦法授權董事長視金融市場、資本市場狀況，依相關法令規定辦理，並報相關主\n管機關申報生效後另行公告\n21.附有轉換、交換或認股者，對股權可能稀釋情形:\n相關辦法授權董事長視金融市場、資本市場狀況，依相關法令規定辦理，並報相關主\n管機關申報生效後另行公告\n22.現金減資後再行募資之合理性及必要性\n(募資當年度及前一年度有辦理現金減資者適用):不適用\n23.其他應敘明事項:\n本次發行國內第四次無擔保轉換公司債之重要內容，包括但不限於發行金額、發行價\n格、發行時程、發行及轉換辦法之訂定，以及計畫所需資金總額、資金來源、計畫項\n目、資金運用進度、預計可能產生效益及其他發行相關事宜，如遇有法令變更，經主\n管機關修正或因應主客觀環境因素而需訂定或修正時，擬授權董事長全權處理之。""]], ""footer"": [""以上資料均由各公司依發言當時所屬市場別之規定申報後，由本系統對外公佈，資料如有虛偽不實，均由該公司負責。""], ""header"": {""note"": [], ""subTitle"": [], ""mainTitle"": [""公司當日重大訊息之詳細內容""]}, ""titles"": [{""sub"": [], ""main"": ""序號""}, {""sub"": [], ""main"": ""發言日期""}, {""sub"": [], ""main"": ""發言時間""}, {""sub"": [], ""main"": ""發言人""}, {""sub"": [], ""main"": ""發言人職稱""}, {""sub"": [], ""main"": ""發言人電話""}, {""sub"": [], ""main"": ""主旨""}, {""sub"": [], ""main"": ""符合條款""}, {""sub"": [], ""main"": ""事實發生日""}, {""sub"": [], ""main"": ""說明""}], ""companyAbbreviation"": ""大聯大""}, ""datetime"": ""115/08/12 22:58:23""}",2026-08-12 22:58:15
1150811|sii|3702|5,115/08/11,18:49:17,3702,大聯大,公告本公司115年度現金股利配發基準日及調整配息率(因應國內第二次及第三次無擔保轉換公司債轉換),公司債,1150811,sii,5,"{""code"": 200, ""message"": ""查詢成功"", ""result"": {""marketName"": ""上市公司"", ""companyId"": ""3702"", ""data"": [[5, ""115/08/11"", ""18:49:17"", ""袁興文"", ""副總"", ""(02)2191-0068#85268"", ""公告本公司115年度現金股利配發基準日及調整配息率\r\n(因應國內第二次及第三次無擔保轉換公司債轉換)"", ""14"", ""115/08/11"", ""1.董事會、股東會決議或公司決定日期:115/08/11\n2.除權、息類別（請填入「除權」、「除息」或「除權息」）:除息\n3.普通股發放股利種類及金額:\n(1)原發放股利種類及金額:\n配發普通股現金股利新台幣6,380,670,657元，每股配發3.8元\n(2)變更後發放股利種類及金額:\n配發普通股現金股利新台幣6,380,670,657元，每股配發3.64323642元\n4.除權（息）交易日:115/08/27\n5.最後過戶日:115/08/29\n6.停止過戶起始日期:115/08/30\n7.停止過戶截止日期:115/09/03\n8.除權（息）基準日:115/09/03\n9.債券最後申請轉換日期:不適用\n10.債券停止轉換起始日期:不適用\n11.債券停止轉換截止日期:不適用\n12.普通股現金股利發放日期:115/09/30\n13.現金股利之一部或全部是否以外幣發放(請填入「是」或「否」):否\n14.外幣現金股利發放幣別:不適用\n15.外幣現金股利發放對象:不適用\n16.外幣現金股利匯率決定方式:不適用\n17.其他應敘明事項:\n因本公司國內第二次及第三次無擔保轉換公司債轉換為普通股，\n致使流通在外股數發生變動，依115/06/30股東會決議，\n授權董事長調整配息率。""]], ""footer"": [""以上資料均由各公司依發言當時所屬市場別之規定申報後，由本系統對外公佈，資料如有虛偽不實，均由該公司負責。""], ""header"": {""note"": [], ""subTitle"": [], ""mainTitle"": [""公司當日重大訊息之詳細內容""]}, ""titles"": [{""sub"": [], ""main"": ""序號""}, {""sub"": [], ""main"": ""發言日期""}, {""sub"": [], ""main"": ""發言時間""}, {""sub"": [], ""main"": ""發言人""}, {""sub"": [], ""main"": ""發言人職稱""}, {""sub"": [], ""main"": ""發言人電話""}, {""sub"": [], ""main"": ""主旨""}, {""sub"": [], ""main"": ""符合條款""}, {""sub"": [], ""main"": ""事實發生日""}, {""sub"": [], ""main"": ""說明""}], ""companyAbbreviation"": ""大聯大""}, ""datetime"": ""115/08/12 22:58:24""}",2026-08-12 22:58:15
1150810|sii|8996|3,115/08/11,18:59:19,8996,高力,本公司董事會決議發行國內第五次無擔保轉換公司債及國內第六次無擔保轉換公司債,公司債,1150810,sii,3,"{""code"": 200, ""message"": ""查詢成功"", ""result"": {""marketName"": ""上市公司"", ""companyId"": ""8996"", ""data"": [[3, ""115/08/11"", ""18:59:19"", ""吳俊英"", ""總經理"", ""03-4527005#325"", ""本公司董事會決議發行國內第五次無擔保轉換公司債\r\n及國內第六次無擔保轉換公司債"", ""11"", ""115/08/11"", ""1.董事會決議日期:115/08/11\n2.名稱﹝XX公司第X次（有、無）擔保公司債﹞:高力熱處理工業股份有限公司\n國內第五次無擔保轉換公司債及國內第六次無擔保轉換公司債\n3.是否採總括申報發行公司債(是/否):否\n4.發行總額:\n(1)國內第五次無擔保可轉換公司債總面額上限計新台幣2,500,000,000元\n(2)國內第六次無擔保可轉換公司債總面額上限計新台幣1,500,000,000元\n5.每張面額:\n(1)國內第五次無擔保可轉換公司債:新台幣100,000元\n(2)國內第六次無擔保可轉換公司債:新台幣100,000元\n6.發行價格:\n(1)國內第五次無擔保可轉換公司債依票面金額之101%~103%發行　\n(2)國內第六次無擔保可轉換公司債將以底標不高於面額之105%為限，每張實際發行　\n價格依競價拍賣結果而定\n7.發行期間:\n(1)國內第五次無擔保可轉換公司債:五年\n(2)國內第六次無擔保可轉換公司債:五年\n8.發行利率:\n(1)國內第五次無擔保可轉換公司債:票面利率0%\n(2)國內第六次無擔保可轉換公司債:票面利率0%\n9.擔保品之種類、名稱、金額及約定事項:不適用\n10.募得價款之用途及運用計畫:興建廠房、充實營運資金及償還銀行借款\n11.承銷方式:\n(1)國內第五次無擔保可轉換公司債採詢價圈購方式辦理公開承銷\n(2)國內第六次無擔保可轉換公司債採競價拍賣方式辦理公開承銷\n12.公司債受託人:由董事會授權董事長全權處理之\n13.承銷或代銷機構:由董事會授權董事長全權處理之\n14.發行保證人:無\n15.代理還本付息機構:由董事會授權董事長全權處理之\n16.簽證機構:採無實體發行，故不適用\n17.能轉換股份者，其轉換辦法:實際發行及轉換辦法俟呈奉主管機關核准後，\n擬授權董事長視金融市場狀況與主辦承銷商共同議定之\n18.賣回條件:實際發行及轉換辦法俟呈奉主管機關核准後，\n擬授權董事長視金融市場狀況與主辦承銷商共同議定之\n19.買回條件:實際發行及轉換辦法俟呈奉主管機關核准後，\n擬授權董事長視金融市場狀況與主辦承銷商共同議定之\n20.附有轉換、交換或認股者，其換股基準日:實際發行及轉換辦法俟呈奉主\n管機關核准後，擬授權董事長視金融市場狀況與主辦承銷商共同議定之\n21.附有轉換、交換或認股者，對股權可能稀釋情形:實際發行及轉換辦法俟\n呈奉主管機關核准後，擬授權董事長視金融市場狀況與主辦承銷商共同議定之\n22.現金減資後再行募資之合理性及必要性\n(募資當年度及前一年度有辦理現金減資者適用): 不適用\n23.其他應敘明事項: 無""]], ""footer"": [""以上資料均由各公司依發言當時所屬市場別之規定申報後，由本系統對外公佈，資料如有虛偽不實，均由該公司負責。""], ""header"": {""note"": [], ""subTitle"": [], ""mainTitle"": [""公司當日重大訊息之詳細內容""]}, ""titles"": [{""sub"": [], ""main"": ""序號""}, {""sub"": [], ""main"": ""發言日期""}, {""sub"": [], ""main"": ""發言時間""}, {""sub"": [], ""main"": ""發言人""}, {""sub"": [], ""main"": ""發言人職稱""}, {""sub"": [], ""main"": ""發言人電話""}, {""sub"": [], ""main"": ""主旨""}, {""sub"": [], ""main"": ""符合條款""}, {""sub"": [], ""main"": ""事實發生日""}, {""sub"": [], ""main"": ""說明""}], ""companyAbbreviation"": ""高力""}, ""datetime"": ""115/08/12 22:58:24""}",2026-08-12 22:58:15
1150811|sii|8996|9,115/08/11,19:04:27,8996,高力,公告本公司擬取得機器設備,機器設備,1150811,sii,9,"{""code"": 200, ""message"": ""查詢成功"", ""result"": {""marketName"": ""上市公司"", ""companyId"": ""8996"", ""data"": [[9, ""115/08/11"", ""19:04:27"", ""吳俊英"", ""總經理"", ""03-4527005#325"", ""公告本公司擬取得機器設備"", ""20"", ""115/08/11"", ""1.標的物之名稱及性質（如坐落台中市北區ＸＸ段ＸＸ小段土地）:\r\n真空爐設備一批\r\n2.事實發生日:115/8/11~115/8/11\r\n3.董事會通過日期: 民國115年8月11日\r\n4.其他核決日期: 不適用\r\n5.交易單位數量（如ＸＸ平方公尺，折合ＸＸ坪）、每單位價格及交易總金額:\r\n交易單位數量:一批\n交易總金額：不超過新台幣5.5億元。\r\n6.交易相對人及其與公司之關係（交易相對人如屬自然人，且非公司之關\r\n係人者，得免揭露其姓名）:\r\n同一相對人\n與公司關係：無。\r\n7.交易相對人為關係人者，並應公告選定關係人為交易對象之原因及前次移轉之\r\n所有人、前次移轉之所有人與公司及交易相對人間相互之關係、前次移轉日期\r\n及移轉金額:\r\n不適用\r\n8.交易標的最近五年內所有權人曾為公司之關係人者，尚應公告關係\r\n人之取得及處分日期、價格及交易當時與公司之關係:\r\n不適用\r\n9.預計處分利益（或損失）（取得資產者不適用）（遞延者應列表說明\r\n認列情形）:\r\n不適用\r\n10.交付或付款條件（含付款期間及金額）、契約限制條款及其他重要約定\r\n事項:\r\n依合約約定支付\r\n11.本次交易之決定方式（如招標、比價或議價）、價格決定之參考依據及\r\n決策單位:\r\n交易之決定方式:買賣雙方議價辦理。\n決策單位:董事會決議授權董事長於不超過新台幣5.5億元處理後續事宜。\r\n12.專業估價者事務所或公司名稱及其估價金額:\r\n不適用\r\n13.專業估價師姓名:\r\n不適用\r\n14.專業估價師開業證書字號:\r\n不適用\r\n15.估價報告是否為限定價格、特定價格或特殊價格:否或不適用\r\n16.是否尚未取得估價報告:否或不適用\r\n17.尚未取得估價報告之原因:\r\n不適用\r\n18.估價結果有重大差異時，其差異原因及會計師意見:\r\n不適用\r\n19.會計師事務所名稱:\r\n不適用\r\n20.會計師姓名:\r\n不適用\r\n21.會計師開業證書字號:\r\n不適用\r\n22.經紀人及經紀費用:\r\n不適用\r\n23.取得或處分之具體目的或用途:\r\n因應未來業務成長需求\r\n24.本次交易表示異議之董事之意見:\r\n無\r\n25.本次交易為關係人交易:否\r\n26.監察人承認或審計委員會同意日期:\r\n民國115 年8 月11 日\r\n27.本次交易係向關係人取得不動產或其使用權資產:否\r\n28.依「公開發行公司取得或處分資產處理準則」第十六條規定\r\n評估之價格:不適用\r\n29.依前項評估之價格較交易價格為低者，依同準則第十七條規\r\n定評估之價格:不適用\r\n30.前已就同一件事件發布重大訊息日期: 不適用\r\n31.其他敘明事項:\r\n無""]], ""footer"": [""以上資料均由各公司依發言當時所屬市場別之規定申報後，由本系統對外公佈，資料如有虛偽不實，均由該公司負責。""], ""header"": {""note"": [], ""subTitle"": [], ""mainTitle"": [""公司當日重大訊息之詳細內容""]}, ""titles"": [{""sub"": [], ""main"": ""序號""}, {""sub"": [], ""main"": ""發言日期""}, {""sub"": [], ""main"": ""發言時間""}, {""sub"": [], ""main"": ""發言人""}, {""sub"": [], ""main"": ""發言人職稱""}, {""sub"": [], ""main"": ""發言人電話""}, {""sub"": [], ""main"": ""主旨""}, {""sub"": [], ""main"": ""符合條款""}, {""sub"": [], ""main"": ""事實發生日""}, {""sub"": [], ""main"": ""說明""}], ""companyAbbreviation"": ""高力""}, ""datetime"": ""115/08/12 22:58:25""}",2026-08-12 22:58:15
1150811|sii|6272|4,115/08/11,19:22:00,6272,驊陞,"代重要子公司WIESONTECHNOLOGIES(VIETNAM)CO.,LTD.公告董事會決議通過辦理現金增資事宜",現金增資,1150811,sii,4,"{""code"": 200, ""message"": ""查詢成功"", ""result"": {""marketName"": ""上市公司"", ""companyId"": ""6272"", ""data"": [[4, ""115/08/11"", ""19:22:00"", ""陳正煌"", ""總經理"", ""02-26471896"", ""代重要子公司WIESON TECHNOLOGIES (VIETNAM) CO., LTD.公告\r\n董事會決議通過辦理現金增資事宜"", ""11"", ""115/08/11"", ""1.董事會決議日期:115/08/11\n2.增資資金來源:現金增資\n3.是否採總括申報發行新股(是，請併敘明預定發行期間/否):否\n4.全案發行總金額及股數(如屬盈餘或公積轉增資，發行股數則不含配發給員工部分):\n美金1,000,000元\n5.採總括申報發行新股案件，本次發行金額及股數:不適用\n6.採總括申報發行新股案件，本次發行後，剩餘之金額及股數餘額:不適用\n7.每股面額:不適用\n8.發行價格:不適用\n9.員工認購股數或配發金額:不適用\n10.公開銷售股數:不適用\n11.原股東認購或無償配發比例:100%\n12.畸零股及逾期未認購股份之處理方式:不適用\n13.本次發行新股之權利義務:與原發行股份相同\n14.本次增資資金用途:充實營運周轉資金\n15.現金減資後再行募資之合理性及必要性\n(募資當年度及前一年度有辦理現金減資者適用):不適用\n16.其他應敘明事項:\n(1)本案由原股東驊陞科技(股)公司全數認購新增投資之金額。\n(2)董事會決議現金增資等相關事宜授權董事長處理之。""]], ""footer"": [""以上資料均由各公司依發言當時所屬市場別之規定申報後，由本系統對外公佈，資料如有虛偽不實，均由該公司負責。""], ""header"": {""note"": [], ""subTitle"": [], ""mainTitle"": [""公司當日重大訊息之詳細內容""]}, ""titles"": [{""sub"": [], ""main"": ""序號""}, {""sub"": [], ""main"": ""發言日期""}, {""sub"": [], ""main"": ""發言時間""}, {""sub"": [], ""main"": ""發言人""}, {""sub"": [], ""main"": ""發言人職稱""}, {""sub"": [], ""main"": ""發言人電話""}, {""sub"": [], ""main"": ""主旨""}, {""sub"": [], ""main"": ""符合條款""}, {""sub"": [], ""main"": ""事實發生日""}, {""sub"": [], ""main"": ""說明""}], ""companyAbbreviation"": ""驊陞""}, ""datetime"": ""115/08/12 22:58:26""}",2026-08-12 22:58:15
1150811|sii|8996|11,115/08/11,19:30:32,8996,高力,本公司董事會通過泰國子公司公司章程修訂案提高額定資本額，授權董事長得分次辦理現金增資,現金增資,1150811,sii,11,"{""code"": 200, ""message"": ""查詢成功"", ""result"": {""marketName"": ""上市公司"", ""companyId"": ""8996"", ""data"": [[11, ""115/08/11"", ""19:30:32"", ""吳俊英"", ""總經理"", ""03-4527005#325"", ""本公司董事會通過泰國子公司公司章程修訂案提高額定資本額\r\n，授權董事長得分次辦理現金增資"", ""20"", ""115/08/11"", ""1.標的物之名稱及性質（屬特別股者，並應標明特別股約定發行條件，如股息率等）:\r\n泰國子公司Kaori Technology (Thailand) Co., Ltd.現金增資\r\n2.事實發生日:115/8/11~115/8/11\r\n3.董事會通過日期: 民國115年8月11日\r\n4.其他核決日期: 不適用\r\n5.交易數量、每單位價格及交易總金額:\r\n額定資本額由泰銖1.5億元提高至泰銖5億元，新增額度資本額內\n，授權董事長得依當地法規分次辦理現金增資\r\n6.交易相對人及其與公司之關係（交易相對人如屬自然人，且非公司之\r\n關係人者，得免揭露其姓名）:\r\nKaori Technology (Thailand) Co., Ltd.\n與公司之關係:子公司\r\n7.交易相對人為關係人者，並應公告選定關係人為交易對象之原因及前次移\r\n轉之所有人、前次移轉之所有人與公司及交易相對人間相互之關係、前次\r\n移轉日期及移轉金額:\r\n現金增資，不適用\r\n8.交易標的最近五年內所有權人曾為公司之關係人者，尚應公告關係人之取\r\n得及處分日期、價格及交易當時與公司之關係:\r\n不適用\r\n9.本次係處分債權之相關事項（含處分之債權附隨擔保品種類、處分債權\r\n如有屬對關係人債權者尚需公告關係人名稱及本次處分該關係人之債權\r\n帳面金額:\r\n不適用\r\n10.處分利益（或損失）（取得有價證券者不適用）（原遞延者應列表說明\r\n認列情形）:\r\n不適用\r\n11.交付或付款條件（含付款期間及金額）、契約限制條款及其他重要約定\r\n事項:\r\n依增資時程辦理，現金增資額度於泰銖1億元(含)範園內授權董事長全權處理之\r\n12.本次交易之決定方式、價格決定之參考依據及決策單位:\r\n董事會決議；得分次投資，並授權董事長於額度內辦理。\r\n13.取得或處分有價證券標的公司每股淨值:\r\n不適用\r\n14.迄目前為止，累積持有本交易證券（含本次交易）之數量、金額、持股\r\n比例及權利受限情形（如質押情形）:\r\n持股比例：皆為100%；權利受限情形：無\r\n15.迄目前為止，依「公開發行公司取得或處分資產處理準則」第三條所列\r\n之有價證券投資（含本次交易）占公司最近期財務報表中總資產及歸屬\r\n於母公司業主之權益之比例暨最近期財務報表中營運資金數額（註二）:\r\n占總資產3.79% ; 占母公司業主之權益5.99% ; 營運資金NT618,715千元\r\n16.經紀人及經紀費用:\r\n不適用\r\n17.取得或處分之具體目的或用途:\r\n因應泰國廠興建廠房及購買機器設備等資金需求\r\n18.本次交易表示異議董事之意見:\r\n無\r\n19.本次交易為關係人交易:是\r\n20.監察人承認或審計委員會同意日期:\r\n民國115年8月11日\r\n21.本次交易會計師出具非合理性意見:不適用\r\n22.會計師事務所名稱:\r\n不適用\r\n23.會計師姓名:\r\n不適用\r\n24.會計師開業證書字號:\r\n不適用\r\n25.是否涉及營運模式變更:否\r\n26.營運模式變更說明:\r\n不適用\r\n27.過去一年及預計未來一年內與交易相對人交易情形:\r\n無\r\n28.資金來源:\r\n營運資金\r\n29.前已就同一件事件發布重大訊息日期: 不適用\r\n30.其他敘明事項:\r\n無""]], ""footer"": [""以上資料均由各公司依發言當時所屬市場別之規定申報後，由本系統對外公佈，資料如有虛偽不實，均由該公司負責。""], ""header"": {""note"": [], ""subTitle"": [], ""mainTitle"": [""公司當日重大訊息之詳細內容""]}, ""titles"": [{""sub"": [], ""main"": ""序號""}, {""sub"": [], ""main"": ""發言日期""}, {""sub"": [], ""main"": ""發言時間""}, {""sub"": [], ""main"": ""發言人""}, {""sub"": [], ""main"": ""發言人職稱""}, {""sub"": [], ""main"": ""發言人電話""}, {""sub"": [], ""main"": ""主旨""}, {""sub"": [], ""main"": ""符合條款""}, {""sub"": [], ""main"": ""事實發生日""}, {""sub"": [], ""main"": ""說明""}], ""companyAbbreviation"": ""高力""}, ""datetime"": ""115/08/12 22:58:27""}",2026-08-12 22:58:15
1150811|sii|2330|6,115/08/11,19:58:54,2330,台積電,本公司董事會核准機器設備、不動產及資本化租賃資產資本預算案,機器設備,1150811,sii,6,"{""code"": 200, ""message"": ""查詢成功"", ""result"": {""marketName"": ""上市公司"", ""companyId"": ""2330"", ""data"": [[6, ""115/08/11"", ""19:58:54"", ""黃仁昭"", ""資深副總經理暨財務長"", ""03-563-6688"", ""本公司董事會核准機器設備、不動產及資本化租賃資產資本預算案"", ""20"", ""115/08/11"", ""1.標的物之名稱及性質（如坐落台中市北區ＸＸ段ＸＸ小段土地）:\r\n(1) 先進製程產能機器設備\n(2) 先進封裝、成熟及/或特殊製程產能機器設備\n(3) 不動產及資本化租賃資產\r\n2.事實發生日:115/8/11~115/8/11\r\n3.董事會通過日期: 民國115年8月11日\r\n4.其他核決日期: 不適用\r\n5.交易單位數量（如ＸＸ平方公尺，折合ＸＸ坪）、每單位價格及交易總金額:\r\n(1) 先進製程產能機器設備 美金16,035佰萬元\n(2) 先進封裝、成熟及/或特殊製程產能機器設備 美金4,791佰萬元\n(3) 不動產及資本化租賃資產 美金8,616佰萬元\r\n6.交易相對人及其與公司之關係（交易相對人如屬自然人，且非公司之關\r\n係人者，得免揭露其姓名）:\r\n預期交易相對人及其與公司之關係（實際交易相對人應依本公司訂單為準）：\n\n(1) 先進製程產能機器設備：\n    Applied Materials South East Asia Pte. Ltd.; ASML Hong Kong Ltd.;\n    DAIFUKU CO., LTD; KLA Corporation; Lam Research International Sarl;\n    Tokyo Electron Ltd.\n    等45公司；與公司關係：皆無。\n\n(2) 先進封裝、成熟及/或特殊製程產能機器設備：\n    Applied Materials South East Asia Pte. Ltd.; Murata Machinery Taiwan,\n    LTD.; Teradyne Asia Pte. Ltd.\n    等77公司；與公司關係：皆無。\n\n(3) 不動產及資本化租賃資產：\n    ABB Ltd.; ABM Building Services, LLC; ACCO Engineered Systems, \n    Inc.; Accurate Technology Enterprise Co.; ACME Control System \n    Corporation; Air Liquide Electronics US, LP; Allis Electric Co., Ltd.; \n    Am-Power Machine International Enterprise Co., Ltd.; Apollo Sheet \n    Metal, Inc.; Arizona/Albuquerque Valve & Fitting Corporation; Atlas \n    Technology Corp.; Austin Commercial, L.P.; B and D Industries, Inc.; \n    Banner Industries of N.E., Inc; BESTCHEN INTERNATIONAL \n    COMPANY LTD.; BMWC Constructors, Inc.; BrandSafway Solutions, \n    LLC; Brycon Corporation; Camfil Taiwan Co., Ltd.; Camfil USA, Inc.; \n    Carollo Engineers, Inc.; Challentech International Corporation; Chang \n    Chun Petrochemical Co., Ltd.; China Steel Structure Co., Ltd.; Chun \n    Yuan Steel Industry Co., Ltd.; Copper State Bolt and Nut Co.; Corbins, \n    LLC; CURRIE & BROWN, INC.; CYH TECHNOLOGY USA LLC; D.P. Electric, \n    Inc.; Da-Cin Construction Co., Ltd.; Daifuku Intralogistics \n    America; Ele-Garden Landscape Construction CO.; EnerMech Mechanical \n    Services, Inc.; Entegris Inc.; ENVIRONETICS DESIGN GROUP, INC.; \n    Evergreen Steel Corporation; EXCEL AIR COND. CO., LTD.; Exyte \n    Taiwan Co., Ltd.; Exyte Trading (Singapore) Pte. Ltd; FARO \n    Technologies, Inc; Fastenal Company; Fisk Electric Company; Foresight \n    Technologies, Inc.; FU ENERGY CORP.; Fu Tsu Construction Co., Ltd.; \n    G2 Technology Corp.; GHA Technologies, Inc.; Great BIM Engineering \n    Information Integration Co., Ltd.; Greenberry Industrial LLC; \n    GREENFILTEC LTD.; Gudeng Equipment Co., Ltd.; H.K.B. Inc dba \n    Southwest Industrial Rigging; Handling Systems, Inc.; Hansen Supply \n    Company; Harder Mechanical Contractors, Inc.; Helix Electric, Inc.; \n    Hitachi Energy Taiwan Co., Ltd.; Hitachi Energy USA Inc.; HMT System \n    USA LLC; Hoffman Instrumentation Supply, Inc.; IES Communications, \n    LLC; Independent Electric Supply, Inc.; Intertek Testing Services \n    Taiwan Ltd.; J.J. PAN AND PARTNERS, ARCHITECTS AND PLANNERS; Jack B. \n    Henderson Construction Company, Inc.; Jack's Mechanical Solutions, \n    Inc.; Jacobs Project Management Company; Jensen Hughes, Inc.; Jing \n    Yuan Technology Co., Ltd.; JT Thorpe Industrial, Inc.; Jung Chung \n    Technology Corp.; Justrite Safety Group; JY Techs Inc.; KAEKO, Inc.; \n    Kao Hsin Engineering Co., Ltd.; Kedge Construction Co., Ltd.; Kinetic \n    Systems, Inc.; KRUSS Scientific Instruments, Inc.; L&K Engineering Co.,\n    Ltd.; LayerZero Power Systems, Inc.; Lee Ming Construction Co., Ltd.; \n    LI YEI ENTERPRISE CO., LTD.; Linde Gas & Equipment Inc.; Logical \n    Systems, LLC; LSW Engineers Arizona, Incorporated; Lumax Controls, \n    Inc.; M Consultants, LLC; Mandartech Interiors Inc.; Marketech \n    International Corporation; Masthead International, Inc.; MEITEC, Inc.; \n    METTLER TOLEDO LLC; Milling Machinery, Inc.; MornstAir Inc.; \n    MRAK LLC dba Points North; MSR-FSR, LLC; MTC-MERCURY TRADING CO., \n    LTD.; MUAQUA ENGINEERING INC.; NAGASE (TAIWAN) CO., LTD.; OBR Cooling \n    Towers, Inc; Okland Construction Company, Inc.; Organo USA, Inc.; \n    Particle Measuring Systems, Inc.; Performance Contracting Inc.; \n    Pfeiffer Vacuum Inc.; Port Plastics, Inc.; Prime Controls LP; \n    Propersys Corporation; Pure Plastics LLC; Reiju Construction Co., \n    Ltd.; Revolution Industrial, LLC; Rosendin Electric, Inc.; S Plus C \n    Design Consultant Co., Ltd; Schneider Electric USA, Inc.; SGC USA, \n    INC; SHENG YI TECH & ANALYTICS CO., LTD.; Shihlin Electric & \n    Engineering Corporation; Siemens Energy Limited; Siemens Industry, \n    Inc.; Siemens Limited; Southland Industries; SSOE Inc.; Streimer \n    Sheet Metal Works, Inc.; Sundt Construction, Inc; Taiwan Gleno \n    Enterprise Co., Ltd.; TAIWAN POWER COMPANY; TASA Construction \n    Corporation; TC Boiler, Inc.; Technical Manufacturing Corporation; \n    Tianding construction industry Co., Ltd.; Trident Mechanical \n    Services, LLC; Tung Kang Steel Structure Corp.; UNITED INTEGRATED \n    SERVICES (USA) CORP.; United Integrated Services Co., Ltd.;\n    UNIVERSITY MECHANICAL AND ENGINEERING CONTRACTORS, INC.; VERO \n    VERIA CORPORATION; Versum Materials US, LLC; WAYNE ENTERPRISE, \n    LTD.; Welmade Technology Corporation; Western State Sales DBA \n    Cleanroom World; WITS America Corp.; World Wide Professional \n    Solutions, LLC; Yankey Engineering Co., Ltd.; Yuan Yi Construction \n    Co., Ltd.; Yu-Cheng Kids Enterprise Co.\n    等192家公司；與公司關係：皆無。\r\n7.交易相對人為關係人者，並應公告選定關係人為交易對象之原因及前次移轉之\r\n所有人、前次移轉之所有人與公司及交易相對人間相互之關係、前次移轉日期\r\n及移轉金額:\r\n不適用\r\n8.交易標的最近五年內所有權人曾為公司之關係人者，尚應公告關係\r\n人之取得及處分日期、價格及交易當時與公司之關係:\r\n不適用\r\n9.預計處分利益（或損失）（取得資產者不適用）（遞延者應列表說明\r\n認列情形）:\r\n不適用\r\n10.交付或付款條件（含付款期間及金額）、契約限制條款及其他重要約定\r\n事項:\r\n依訂單條件付款。\r\n11.本次交易之決定方式（如招標、比價或議價）、價格決定之參考依據及\r\n決策單位:\r\n比價及議價；廠商提供之報價單及市場行情；依本公司董事會核決辦理。\r\n12.專業估價者事務所或公司名稱及其估價金額:\r\n不適用\r\n13.專業估價師姓名:\r\n不適用\r\n14.專業估價師開業證書字號:\r\n不適用\r\n15.估價報告是否為限定價格、特定價格或特殊價格:否或不適用\r\n16.是否尚未取得估價報告:否或不適用\r\n17.尚未取得估價報告之原因:\r\n不適用\r\n18.估價結果有重大差異時，其差異原因及會計師意見:\r\n不適用\r\n19.會計師事務所名稱:\r\n不適用\r\n20.會計師姓名:\r\n不適用\r\n21.會計師開業證書字號:\r\n不適用\r\n22.經紀人及經紀費用:\r\n不適用\r\n23.取得或處分之具體目的或用途:\r\n供生產、營運用。\r\n24.本次交易表示異議之董事之意見:\r\n無。\r\n25.本次交易為關係人交易:否\r\n26.監察人承認或審計委員會同意日期:\r\n不適用\r\n27.本次交易係向關係人取得不動產或其使用權資產:否\r\n28.依「公開發行公司取得或處分資產處理準則」第十六條規定\r\n評估之價格:不適用\r\n29.依前項評估之價格較交易價格為低者，依同準則第十七條規\r\n定評估之價格:不適用\r\n30.前已就同一件事件發布重大訊息日期: 不適用\r\n31.其他敘明事項:\r\n無。""]], ""footer"": [""以上資料均由各公司依發言當時所屬市場別之規定申報後，由本系統對外公佈，資料如有虛偽不實，均由該公司負責。""], ""header"": {""note"": [], ""subTitle"": [], ""mainTitle"": [""公司當日重大訊息之詳細內容""]}, ""titles"": [{""sub"": [], ""main"": ""序號""}, {""sub"": [], ""main"": ""發言日期""}, {""sub"": [], ""main"": ""發言時間""}, {""sub"": [], ""main"": ""發言人""}, {""sub"": [], ""main"": ""發言人職稱""}, {""sub"": [], ""main"": ""發言人電話""}, {""sub"": [], ""main"": ""主旨""}, {""sub"": [], ""main"": ""符合條款""}, {""sub"": [], ""main"": ""事實發生日""}, {""sub"": [], ""main"": ""說明""}], ""companyAbbreviation"": ""台積電""}, ""datetime"": ""115/08/12 22:58:28""}",2026-08-12 22:58:15
1150811|sii|6863|2,115/08/11,20:27:18,6863,永道-KY,公告本公司董事會決議變更國內第一次無擔保轉換公司債資金運用計劃,公司債,1150811,sii,2,"{""code"": 200, ""message"": ""查詢成功"", ""result"": {""marketName"": ""上市公司"", ""companyId"": ""6863"", ""data"": [[2, ""115/08/11"", ""20:27:18"", ""張淑芬"", ""財務長"", ""02-23916863"", ""公告本公司董事會決議變更國內第一次無擔保轉換公司債\r\n資金運用計劃"", ""16"", ""115/08/11"", ""1.董事會決議變更日期:115/08/11\n2.原計畫申報生效之日期:113/09/13\n3.追補發行之日期:不適用\n4.變動原因:本公司因應市場需求及長期營運發展，調控越南廠廠房興建相關成本，\n 故擬變更資金用途，將原預計投資越南廠興建廠房及購置設備之剩餘部份款項，\n 調整為償還越南廠銀行借款。\n5.歷次變更前後募集資金計畫:\n 變更前：越南廠興建廠房及購置機器設備計畫資金需求總金額為新台幣1,582,100仟元\n ，擬以募集金額支應之，不足金額將以自有資金、銀行借款等其他方式支應。\n 變更後：截至2026年第二季，越南廠興建廠房及購置機器設備實際支出合計為新台幣\n 747,885仟元，其中1,585仟元係以自有資金支應，其餘746,300仟元係以實際募集資\n 金新台幣1,114,566仟元來支應，所募資金餘額新台幣368,266仟元將變更改為償還\n 越南廠銀行借款。\n6.預計執行進度:截至115年第二季未支用餘額為新台幣368,266仟元，使用用途將變更\n 為償還越南廠銀行借款，預計於115年第三季支用完畢。\n7.預計完成日期:115年第三季\n8.預計可能產生效益:\n (1)興建越南廠廠房及購置機器設備：預計可增加越南廠之營業收入及淨利，預計\n 投資回收年數約為3.33年。\n (2)償還銀行借款：本次籌資計畫新台幣368,266仟元將變更為償還銀行借款，依擬\n 償還銀行借款之利率4.4886%來估算，預計115年度將可節省利息支出新台幣3,973\n 仟元，未來每年度將可節省利息支出新台幣15,892仟元。\n9.與原預計效益產生之差異:原計畫用於越南廠興建廠房及購置機器設備金額為\n 1,582,100仟元，預計資金回收年數約為4.36年。本次變更減少越南廠興建廠房\n 及購置機器設備金額為747,885仟元，變更後資金回收年限約為3.33年，另因部\n 份資金將用來償還越南廠銀行借款，依擬償還銀行利率4.4886%來估算，預計每\n 年度將可節省利息支出新台幣15,892仟元。\n10.本次變更對股東權益之影響:本次計畫變更後，部份資金將改為償還銀行借款，\n 有助於減輕越南廠之財務負擔、增加資金運用與調度之彈性及財務結構之穩定度，\n 倘若遭遇產業景氣反轉或外在經營環境惡化，其資金調度將得以保持靈活且不受\n 金融機構融資額度所限制，對股東權益並無重大不利影響。\n11.原主辦承銷商評估意見摘要:該公司本次計劃變更係考量美國關稅帶來之影響及\n 公司營運策略調整，使越南廠產能規模較預計減少，致越南廠興建廠房及購置機\n 器設備實際金額較預計下降，而本次募則尚未支用之資金新台幣368,266千元(美\n 金11,064.90千元)，經考量資金有效運用之目的，將用於償還越南之外幣銀行借\n 款，以節省公司整體利息支出，改善財務結構及償債能力，並強化公司資金運用\n 之彈性，故本次計畫變更係為將資金作最有效益運用，以確保股東權益，應屬合\n 理且必要。\n12.其他應敘明事項:無""]], ""footer"": [""以上資料均由各公司依發言當時所屬市場別之規定申報後，由本系統對外公佈，資料如有虛偽不實，均由該公司負責。""], ""header"": {""note"": [], ""subTitle"": [], ""mainTitle"": [""公司當日重大訊息之詳細內容""]}, ""titles"": [{""sub"": [], ""main"": ""序號""}, {""sub"": [], ""main"": ""發言日期""}, {""sub"": [], ""main"": ""發言時間""}, {""sub"": [], ""main"": ""發言人""}, {""sub"": [], ""main"": ""發言人職稱""}, {""sub"": [], ""main"": ""發言人電話""}, {""sub"": [], ""main"": ""主旨""}, {""sub"": [], ""main"": ""符合條款""}, {""sub"": [], ""main"": ""事實發生日""}, {""sub"": [], ""main"": ""說明""}], ""companyAbbreviation"": ""永道-KY""}, ""datetime"": ""115/08/12 22:58:28""}",2026-08-12 22:58:15
1150811|sii|6695|2,115/08/11,22:01:52,6695,芯鼎,公告本公司董事會擬辦理私募現金增資發行普通股,現金增資,1150811,sii,2,"{""code"": 200, ""message"": ""查詢成功"", ""result"": {""marketName"": ""上市公司"", ""companyId"": ""6695"", ""data"": [[2, ""115/08/11"", ""22:01:52"", ""李長龍"", ""夥伴關係總監"", ""03-5641600"", ""公告本公司董事會擬辦理私募現金增資發行普通股"", ""11"", ""115/08/11"", ""1.董事會決議日期:115/08/11\n2.私募有價證券種類:普通股\n3.私募對象及其與公司間關係:\n(1)本次私募普通股之對象以符合證券交易法第43條之6及行政院金融監督管理委員\n   會112年9月12日金管證發字第1120383220號令規定條件之特定人為限，以內部\n   人或關係人或策略性投資人為限，應募人資格提請股東會授權董事會審查之。\n   本次私募普通股應募人本公司目前尚未洽定特定人，洽定特定人之相關事宜，擬\n   請股東會授權董事會全權處理之。\n(2)應募人如為公司內部人或關係人\n   (本名單僅為潛在應募對象，不代表該等內部人或關係人已同意認購本公司私募\n    普通股股權，惟不排除內部人或關係人認購之可能性。)\n    序號　\t應募人名稱\n      選擇方式與目的\n        與公司之關係\n     1         祥碩科技股份有限公司\n      係對本公司之營運相對瞭解，參與私募共同致力公司經營，有利公司未來營運\n      發展。\n        本公司大股東\n(3)應募人如屬法人者，應揭露事項：\n   A.祥碩科技股份有限公司其前十名股東名稱\n   法人應募人                       持股比例     與公司之關係\n   華碩電腦股份有限公司               32.71%\t  無\n   華誠創業投資股份有限公司            6.58%     無\n   文曄科技股份有限公司                6.02%     林哲偉董事同為法人董事代表\n   富邦人壽保險股份有限公司            4.65%     無\n   華敏投資股份有限公司                3.21%     無\n   南山人壽保險股份有限公司            2.68%     無\n   台灣人壽保險（股）公司              1.60%     無\n   林哲偉                              1.05%     芯鼎董事\n   匯豐銀行託管高盛國際公司投資專戶    0.82%     無\n   沈振來                              0.74%     無\n(4)應募人如為策略性投資人其選擇方式與目的、必要性及預計效益載明如下：\n   A.選擇方式與目的\n     以對本公司能直接或間接助益為首要考量，將擇定有助本公司開發市場、產品\n     銷售、技術合作，並能挹注本公司之獲利，對股東權益實有正面助益者。\n   B.必要性：\n     引進私募資金可提升本公司之競爭優勢、強化資本結構及提昇營運效能，擬引進對\n     本公司技術、產品或市場發展有助益之策略投資人。\n   C.預計效益：\n     引進策略性投資人或符合主管機關規定之特定人，可協助公司拓展營運規模，加速\n     本公司在產品與市場發展之契機，有效提昇股東權益，並有助於公司穩定成長。\n4.私募股數或張數:於10,000,000股普通股額度內辦理。\n5.得私募額度:預計私募普通股10,000,000股，於股東會決議之日起一年內分四次辦理。\n6.私募價格訂定之依據及合理性:\n本次私募普通股價格之訂定，以下列二基準計算價格較高者為參考價格，以不低於參考\n價格之八成訂定之。\nA.以定價日前1、3或5個營業日擇一計算普通股收盤價簡單算數平均數扣除無償配股除\n  權及配息，並加回減資反除權後之股價。\nB.定價日前30個營業日普通股收盤價簡單算數平均數扣除無償配股除權及配息，並加\n  回減資反除權後之股價。\n7.本次私募資金用途:策略聯盟發展或充實營運資金，以因應未來營運所需。\n8.不採用公開募集之理由:\n因私募方式具有籌資迅速簡便之時效性且有限制轉讓之規定，較可確保長期營運發展，\n故不採用公開募集，擬以私募方式辦理增資。\n9.獨立董事反對或保留意見:無。\n10.實際定價日:俟股東會通過後，授權董事會日後洽特定應募人及當時市場情況決定之。\n11.參考價格:俟股東會通過後，授權董事會日後洽特定應募人及當時市場情況決定之。\n12.實際私募價格、轉換或認購價格:\n於不低於股東會決議成數之範圍內，授權董事會視日後洽特定應募人情形及當時市場\n狀況決定之。\n13.本次私募新股之權利義務:\n本次私募發行普通股之權利義務與本公司已發行之普通股相同，惟依證券交易法第43條\n之8規定，本次私募之有價證券於交付後三年內，除符合法令規定之特定情形外不得自\n由轉讓，本公司擬於該私募有價證券交付滿三年後，依相關法令規定向主管機關補辦\n公開發行及申請本次私募有價證券上市交易。\n14.附有轉換、交換或認股者，其換股基準日:不適用。\n15.附有轉換、交換或認股者，對股權可能稀釋情形:不適用。\n16.附有轉換或認股者，於私募公司債交付且假設全數轉換或認購普通股後對\n上市普通股股權比率之可能影響（上市普通股數A、A/已發行普通股):不適用。\n17.前項預計上市普通股未達6000萬股且未達25%者，請說明股權流通性偏低之因應措施:\n不適用。\n18.其他應敘明事項:\n1.本次私募發行普通股之權利、義務或任何與本次私募有關未盡事宜，如因主管機關\n  核示或法令修改而需變更時，擬授權董事會全權處理之。\n2.本次私募發行普通股之權利、義務或任何與本次私募有關未盡事宜，包括實際私募\n  股數、實際私募價格、應募人之選擇、基準日、發行條件、計畫項目、資金用途及\n  進度、預計產生效益及其他相關事宜等，暨其他一切有關發行計畫之事項，擬授權\n  董事會視市場狀況調整、訂定及辦理，未來如因法令變更或主管機關要求修正或基\n  於營運評估、或因客觀環境需要變更時，亦授權董事會全權處理之。\n3.依據「公開發行公司辦理私募有價證券應注意事項」之規定，董事會決議辦理私募\n  有價證券前一年內至該私募有價證券交付日起一年內，經營權發生重大變動者，應\n  洽請證券承銷商出具辦理私募必要性與合理性之評估意見，本公司於115年7月16日\n  發布重大訊息公告於當日接獲四席董事之辭任書，自本公司股東臨時會選任新任董\n  事時生效，董事變動席次達三分之一以上，致有「公開發行公司辦理私募有價證券\n  應注意事項」第4條第3項有關董事會決議辦理私募前一年內經營權發生重大變動之\n  情事，並綜合考量本公司114年度私募案引進之特定投資人若加計本次私募案擬引\n  進之特定投資人，在雙方持有具體股權比例並配合本次董事補選的情況下，預期\n  特定投資人將取得本公司一定數量之董事席次，而有經營權發生重大變動之可能\n  性。本公司依據「公開發行公司辦理私募有價證券應注意事項」之規定，洽請兆豐\n  證券股份有限公司就114年度及本次辦理私募之必要性及合理性出具評估意見。評\n  估意見全文請參閱公開資訊觀測站私募專區相關訊息。""]], ""footer"": [""以上資料均由各公司依發言當時所屬市場別之規定申報後，由本系統對外公佈，資料如有虛偽不實，均由該公司負責。""], ""header"": {""note"": [], ""subTitle"": [], ""mainTitle"": [""公司當日重大訊息之詳細內容""]}, ""titles"": [{""sub"": [], ""main"": ""序號""}, {""sub"": [], ""main"": ""發言日期""}, {""sub"": [], ""main"": ""發言時間""}, {""sub"": [], ""main"": ""發言人""}, {""sub"": [], ""main"": ""發言人職稱""}, {""sub"": [], ""main"": ""發言人電話""}, {""sub"": [], ""main"": ""主旨""}, {""sub"": [], ""main"": ""符合條款""}, {""sub"": [], ""main"": ""事實發生日""}, {""sub"": [], ""main"": ""說明""}], ""companyAbbreviation"": ""芯鼎""}, ""datetime"": ""115/08/12 22:58:29""}",2026-08-12 22:58:15
1150811|sii|6695|4,115/08/11,22:34:19,6695,芯鼎,公告本公司不繼續辦理115年股東常會通過之私募普通股案,私募普通股,1150811,sii,4,"{""code"": 200, ""message"": ""查詢成功"", ""result"": {""marketName"": ""上市公司"", ""companyId"": ""6695"", ""data"": [[4, ""115/08/11"", ""22:34:19"", ""李長龍"", ""夥伴關係總監"", ""03-5641600"", ""公告本公司不繼續辦理115年股東常會通過之私募普通股案"", ""16"", ""115/08/11"", ""1.董事會決議變更日期:115/08/11\n2.原計畫申報生效之日期:115/05/26\n3.追補發行之日期:不適用。\n4.變動原因:\n(一)本公司於115年05月26日股東常會決議通過，依證券交易法第43條之6及相關法令\n    規定，辦理私募現金增資發行普通股，發行總數以不超過10,000,000股為限，於\n    股東會決議之日起一年內得分四次辦理。\n(二)上述私募現金增資發行普通股，其應募對象限於策略性投資人。考量擬另行規畫\n    辦理私募普通股案，為擴大資金募集彈性與應募人範圍，其應募對象將依相關法\n    令規定納入內部人或關係人，擬於原私募案剩餘期限內不繼續辦理，並另案辦理\n    新一輪私募資金募集計畫。\n5.歷次變更前後募集資金計畫:不適用。\n6.預計執行進度:不適用。\n7.預計完成日期:不適用。\n8.預計可能產生效益:不適用。\n9.與原預計效益產生之差異:不適用。\n10.本次變更對股東權益之影響:不適用。\n11.原主辦承銷商評估意見摘要:不適用。\n12.其他應敘明事項:無。""]], ""footer"": [""以上資料均由各公司依發言當時所屬市場別之規定申報後，由本系統對外公佈，資料如有虛偽不實，均由該公司負責。""], ""header"": {""note"": [], ""subTitle"": [], ""mainTitle"": [""公司當日重大訊息之詳細內容""]}, ""titles"": [{""sub"": [], ""main"": ""序號""}, {""sub"": [], ""main"": ""發言日期""}, {""sub"": [], ""main"": ""發言時間""}, {""sub"": [], ""main"": ""發言人""}, {""sub"": [], ""main"": ""發言人職稱""}, {""sub"": [], ""main"": ""發言人電話""}, {""sub"": [], ""main"": ""主旨""}, {""sub"": [], ""main"": ""符合條款""}, {""sub"": [], ""main"": ""事實發生日""}, {""sub"": [], ""main"": ""說明""}], ""companyAbbreviation"": ""芯鼎""}, ""datetime"": ""115/08/12 22:58:30""}",2026-08-12 22:58:15
1150811|sii|6695|5,115/08/11,22:34:48,6695,芯鼎,公告本公司114年股東常會決議辦理私募現金增資發行普通股案，嗣因董事成員變動達三分之一以上，故本公司委任證券承銷商兆豐證券就本次私募案出具必要性及合理性評估意見,現金增資,1150811,sii,5,"{""code"": 200, ""message"": ""查詢成功"", ""result"": {""marketName"": ""上市公司"", ""companyId"": ""6695"", ""data"": [[5, ""115/08/11"", ""22:34:48"", ""李長龍"", ""夥伴關係總監"", ""03-5641600"", ""公告本公司114年股東常會決議辦理私募現金增資發行普通股\r\n案，嗣因董事成員變動達三分之一以上，故本公司委任證券承銷\r\n商兆豐證券就本次私募案出具必要性及合理性評估意見"", ""11"", ""115/08/11"", ""1.事實發生日:115/08/11\n2.原公告申報日期:114/05/20\n3.簡述原公告申報內容:\n董事會決議日起兩日內應申報之股東會應充分說明事項(私募普通股適用)\n證券承銷商出具辦理私募必要性與合理性之評估意見:\n董事會決議辦理私募有價證券前一年內至該私募有價證券交付日起一年內，\n經營權發生重大變動者，輸入評估意見：不適用。\n4.變動緣由及主要內容:\n本公司於115/07/16接獲董事辭任書，法人董事神盾股份有限公司(法人代表人:詹文雄、\n林哲偉、彭志強、林功藝)配合董事改選，自芯鼎一一五年第一次股東臨時會選任董事\n時生效。\n本公司於114年5月20日股東會決議辦理本次私募案時判斷未有「公開發行公司辦理私募\n有價證券應注意事項」(以下簡稱私募應注意事項)第四條第三項之適用，惟於 115年7月\n16日董事辭任將達四席，致辦理私募引進策略投資人後一年內，董事成員變動達三分之\n一以上，故本公司依私募應注意事項第四條第三項規定，委任證券承銷商兆豐證券就本\n次私募案出具必要性及合理性評估意見，並載明於115年第一次股東臨時會開會通知，\n以作為股東是否同意之參考。評估意見書內容請參閱私募專區「董事會決議日起兩日內\n應申報相關資訊」公告之附檔。\n5.變動後對公司財務業務之影響:無。\n6.其他應敘明事項:無。""]], ""footer"": [""以上資料均由各公司依發言當時所屬市場別之規定申報後，由本系統對外公佈，資料如有虛偽不實，均由該公司負責。""], ""header"": {""note"": [], ""subTitle"": [], ""mainTitle"": [""公司當日重大訊息之詳細內容""]}, ""titles"": [{""sub"": [], ""main"": ""序號""}, {""sub"": [], ""main"": ""發言日期""}, {""sub"": [], ""main"": ""發言時間""}, {""sub"": [], ""main"": ""發言人""}, {""sub"": [], ""main"": ""發言人職稱""}, {""sub"": [], ""main"": ""發言人電話""}, {""sub"": [], ""main"": ""主旨""}, {""sub"": [], ""main"": ""符合條款""}, {""sub"": [], ""main"": ""事實發生日""}, {""sub"": [], ""main"": ""說明""}], ""companyAbbreviation"": ""芯鼎""}, ""datetime"": ""115/08/12 22:58:30""}",2026-08-12 22:58:15
1150810|sii|4938|2,115/08/12,13:42:00,4938,和碩,本公司董事會決議發行無擔保普通公司債,公司債,1150810,sii,2,"{""code"": 200, ""message"": ""查詢成功"", ""result"": {""marketName"": ""上市公司"", ""companyId"": ""4938"", ""data"": [[2, ""115/08/12"", ""13:42:00"", ""謝如蕙"", ""財務長"", ""02-81439001"", ""本公司董事會決議發行無擔保普通公司債"", ""11"", ""115/08/12"", ""1.董事會決議日期:115/08/12\n2.名稱﹝XX公司第X次（有、無）擔保公司債﹞:\n和碩聯合科技股份有限公司無擔保普通公司債\n3.是否採總括申報發行公司債(是/否):否\n4.發行總額:不超過新台幣貳佰億元(含)，得視發行市場狀況一次或分次發行\n5.每張面額:授權董事長核決\n6.發行價格:授權董事長核決\n7.發行期間:以不超過10年期為原則\n8.發行利率:依公司債市場狀況，採有利方式決定，並授權董事長核准\n9.擔保品之種類、名稱、金額及約定事項:不適用\n10.募得價款之用途及運用計畫:償還借款及(或)充實營運資金\n11.承銷方式:授權由董事長於實際發行時視市場情況及實際需要全權決定處理之\n12.公司債受託人:授權由董事長於實際發行時視市場情況及實際需要全權決定處理之\n13.承銷或代銷機構:授權由董事長於實際發行時視市場情況及實際需要全權決定處理之\n14.發行保證人:不適用\n15.代理還本付息機構:授權由董事長於實際發行時視市場情況及實際需要全權決定處理之\n16.簽證機構:不適用\n17.能轉換股份者，其轉換辦法:不適用\n18.賣回條件:不適用\n19.買回條件:不適用\n20.附有轉換、交換或認股者，其換股基準日:不適用\n21.附有轉換、交換或認股者，對股權可能稀釋情形:不適用\n22.現金減資後再行募資之合理性及必要性\n(募資當年度及前一年度有辦理現金減資者適用):不適用\n23.其他應敘明事項:最終實際發行條件、募集金額以及其他發行相關條件或事宜，授權\n董事長全權核決處理。""]], ""footer"": [""以上資料均由各公司依發言當時所屬市場別之規定申報後，由本系統對外公佈，資料如有虛偽不實，均由該公司負責。""], ""header"": {""note"": [], ""subTitle"": [], ""mainTitle"": [""公司當日重大訊息之詳細內容""]}, ""titles"": [{""sub"": [], ""main"": ""序號""}, {""sub"": [], ""main"": ""發言日期""}, {""sub"": [], ""main"": ""發言時間""}, {""sub"": [], ""main"": ""發言人""}, {""sub"": [], ""main"": ""發言人職稱""}, {""sub"": [], ""main"": ""發言人電話""}, {""sub"": [], ""main"": ""主旨""}, {""sub"": [], ""main"": ""符合條款""}, {""sub"": [], ""main"": ""事實發生日""}, {""sub"": [], ""main"": ""說明""}], ""companyAbbreviation"": ""和碩""}, ""datetime"": ""115/08/12 22:58:31""}",2026-08-12 22:58:15
1150809|sii|4938|1,115/08/12,13:42:49,4938,和碩,本公司董事會決議發行海外第二次無擔保可轉換公司債,公司債,1150809,sii,1,"{""code"": 200, ""message"": ""查詢成功"", ""result"": {""marketName"": ""上市公司"", ""companyId"": ""4938"", ""data"": [[1, ""115/08/12"", ""13:42:49"", ""謝如蕙"", ""財務長"", ""02-81439001"", ""本公司董事會決議發行海外第二次無擔保可轉換公司債"", ""11"", ""115/08/12"", ""1.董事會決議日期:115/08/12\n2.名稱﹝XX公司第X次（有、無）擔保公司債﹞:\n和碩聯合科技股份有限公司海外第二次無擔保可轉換公司債\n3.是否採總括申報發行公司債(是/否):否\n4.發行總額:暫定以美金5億元為上限。\n本公司債將以固定匯率換算為新台幣等值美金為債券之償還、賣回及贖回。\n5.每張面額:暫定每張債券面額為美金二十萬元，或如超過美金二十萬元，\n為美金十萬元之整數倍數。\n6.發行價格:暫定依面額之100%發行\n7.發行期間:暫定不超過5年\n8.發行利率:暫定票面利率為年利率0%\n9.擔保品之種類、名稱、金額及約定事項:不適用\n10.募得價款之用途及運用計畫:支應外幣購料之資金需求\n11.承銷方式:於中華民國境外依公司債銷售地區有關規定及國際市場慣例採公開銷售\n方式辦理\n12.公司債受託人:待定\n13.承銷或代銷機構:待定\n14.發行保證人:不適用\n15.代理還本付息機構:待定\n16.簽證機構:不適用\n17.能轉換股份者，其轉換辦法:授權由董事長及/或其指定之人於實際發行時視市場\n情況及實際需要全權決定處理之\n18.賣回條件:授權由董事長及/或其指定之人於實際發行時視市場情況及實際需要全\n權決定處理之\n19.買回條件:授權由董事長及/或其指定之人於實際發行時視市場情況及實際需要全\n權決定處理之\n20.附有轉換、交換或認股者，其換股基準日:授權由董事長及/或其指定之人於實際\n發行時視市場情況及實際需要全權決定處理之\n21.附有轉換、交換或認股者，對股權可能稀釋情形:視實際發行時轉換溢價率而定\n22.現金減資後再行募資之合理性及必要性\n(募資當年度及前一年度有辦理現金減資者適用):不適用\n23.其他應敘明事項:本公司債實際之發行總額、發行時點、發行及轉換辦法、掛牌地點、\n轉換價格、計畫項目、資金運用進度、預計可能產生效益及其他與本次發行相關事宜等\n，授權董事長及/或其指定之人，全權代表本公司依發行當時市場狀況決定之。任何與本\n次發行有關事宜，如遇有市場情況變更、法令變更、經主管機關要求修正、基於營運評\n估或因客觀因素而須變更、補充或有未盡事宜時，授權董事長及/或其指定之人全權代表\n本公司處理之。""]], ""footer"": [""以上資料均由各公司依發言當時所屬市場別之規定申報後，由本系統對外公佈，資料如有虛偽不實，均由該公司負責。""], ""header"": {""note"": [], ""subTitle"": [], ""mainTitle"": [""公司當日重大訊息之詳細內容""]}, ""titles"": [{""sub"": [], ""main"": ""序號""}, {""sub"": [], ""main"": ""發言日期""}, {""sub"": [], ""main"": ""發言時間""}, {""sub"": [], ""main"": ""發言人""}, {""sub"": [], ""main"": ""發言人職稱""}, {""sub"": [], ""main"": ""發言人電話""}, {""sub"": [], ""main"": ""主旨""}, {""sub"": [], ""main"": ""符合條款""}, {""sub"": [], ""main"": ""事實發生日""}, {""sub"": [], ""main"": ""說明""}], ""companyAbbreviation"": ""和碩""}, ""datetime"": ""115/08/12 22:58:31""}",2026-08-12 22:58:15
1150812|sii|3543|2,115/08/12,14:34:33,3543,州巧,公告本公司董事會決議私募普通股定價相關事宜,私募普通股,1150812,sii,2,"{""code"": 200, ""message"": ""查詢成功"", ""result"": {""marketName"": ""上市公司"", ""companyId"": ""3543"", ""data"": [[2, ""115/08/12"", ""14:34:33"", ""李逸淑"", ""副總經理"", ""(03)5981919"", ""公告本公司董事會決議私募普通股定價相關事宜"", ""11"", ""115/08/12"", ""1.董事會決議日期:115/08/12\n2.私募有價證券種類:普通股\n3.私募對象及其與公司間關係:\n擬依證券交易法第43條之6相關規定擇定特定人。\n應募人為策略性投資人時，將擇定有助於本公司提昇技術、開發產品、降低成本\n、拓展市場或強化客戶關係等效益之個人或法人，以藉其經驗、技術、知識、聲\n譽或通路，提升本公司之競爭力、營運績效或獲利能力。\n4.私募股數或張數:36,000仟股\n5.得私募額度:不超過50,000仟股。\n6.私募價格訂定之依據及合理性:\n(1)私募普通股之發行價格將不低於下列二基準計算價格較高者之八成：\nA.定價日前一、三或五個營業日擇一計算之普通股收盤價簡單算術平均數，\n  扣除無償配股除權及配息，並加回減資反除權後之股價。\nB.定價日前三十個營業日普通股收盤價簡單算術平均數，扣除無償配股除權及配\n息，並加回減資反除權後之股價。\n(2)依據本公司115年5月21日股東常會決議私募參考價格之計算標準，係以上述二基準\n   計算價格較高者36.15元為參考價格。本次私募普通股價格，不得低於參考價格之80%\n   ，故本次私募股票之每股認購價格訂為新台幣28.92元，為參考價之80%。本次私募價\n   格訂定方式及條件符合法令規定，應屬合理。\n7.本次私募資金用途:公司營運使用與充實營運資金。\n8.不採用公開募集之理由:\n考量資金市場狀況、籌資時效性、發行成本及股權穩定等因素後，擬以私募方式辦\n理籌資。本次私募如引進策略性投資人時，應係考量私募有價證券之轉讓限制可確\n保公司與策略性投資人間之長期合作關係，且鑒於私募資金用途係因應公司營運發\n展所需，並對公司經營之穩定性及股東權益有正面助益。\n9.獨立董事反對或保留意見:無\n10.實際定價日:115/08/12\n11.參考價格:36.15\n12.實際私募價格、轉換或認購價格:28.92\n13.本次私募新股之權利義務:\n除受證券交易法第43條之8規定之轉讓限制外，其權利義務與已發行之普通股相同。\n14.附有轉換、交換或認股者，其換股基準日:不適用\n15.附有轉換、交換或認股者，對股權可能稀釋情形:不適用\n16.附有轉換或認股者，於私募公司債交付且假設全數轉換或認購普通股後對\n上市普通股股權比率之可能影響（上市普通股數A、A/已發行普通股):不適用\n17.前項預計上市普通股未達6000萬股且未達25%者，請說明股權流通性偏低之因應措施:\n不適用\n18.其他應敘明事項:\n(1)本次私募繳款期間：115年08月14日至115年08月26日。\n(2)本次私募增資基準日：115年08月26日，前述日期如須變更或修正時，授權董事\n長全權處理之。\n(3)本次私募普通股之發行條件、計畫項目、辦理私募實際情形及其他未盡事宜等，\n若因法令修正或主管機關規定及基於營運評估或客觀環境之影響須變更或修正時，\n授權董事長全權處理之。""]], ""footer"": [""以上資料均由各公司依發言當時所屬市場別之規定申報後，由本系統對外公佈，資料如有虛偽不實，均由該公司負責。""], ""header"": {""note"": [], ""subTitle"": [], ""mainTitle"": [""公司當日重大訊息之詳細內容""]}, ""titles"": [{""sub"": [], ""main"": ""序號""}, {""sub"": [], ""main"": ""發言日期""}, {""sub"": [], ""main"": ""發言時間""}, {""sub"": [], ""main"": ""發言人""}, {""sub"": [], ""main"": ""發言人職稱""}, {""sub"": [], ""main"": ""發言人電話""}, {""sub"": [], ""main"": ""主旨""}, {""sub"": [], ""main"": ""符合條款""}, {""sub"": [], ""main"": ""事實發生日""}, {""sub"": [], ""main"": ""說明""}], ""companyAbbreviation"": ""州巧""}, ""datetime"": ""115/08/12 22:58:32""}",2026-08-12 22:58:15
1150812|sii|2022|1,115/08/12,14:53:15,2022,聚亨,公告本公司擬對子公司聚固建設股份有限公司進行現金增資,現金增資,1150812,sii,1,"{""code"": 200, ""message"": ""查詢成功"", ""result"": {""marketName"": ""上市公司"", ""companyId"": ""2022"", ""data"": [[1, ""115/08/12"", ""14:53:15"", ""王敏華"", ""經理"", ""07-6212191"", ""公告本公司擬對子公司聚固建設股份有限公司進行現金增資"", ""20"", ""115/08/12"", ""1.標的物之名稱及性質（屬特別股者，並應標明特別股約定發行條件，如股息率等）:\r\n標的物之名稱：聚固建設股份有限公司\n標的物之性質：普通股\r\n2.事實發生日:115/8/12~115/8/12\r\n3.董事會通過日期: 民國115年8月12日\r\n4.其他核決日期: 不適用\r\n5.交易數量、每單位價格及交易總金額:\r\n交易單位數量：10,000,000股\n交易每單位金額：新台幣10元\n交易總金額：新台幣100,000仟元\r\n6.交易相對人及其與公司之關係（交易相對人如屬自然人，且非公司之\r\n關係人者，得免揭露其姓名）:\r\n不適用\r\n7.交易相對人為關係人者，並應公告選定關係人為交易對象之原因及前次移\r\n轉之所有人、前次移轉之所有人與公司及交易相對人間相互之關係、前次\r\n移轉日期及移轉金額:\r\n不適用\r\n8.交易標的最近五年內所有權人曾為公司之關係人者，尚應公告關係人之取\r\n得及處分日期、價格及交易當時與公司之關係:\r\n不適用\r\n9.本次係處分債權之相關事項（含處分之債權附隨擔保品種類、處分債權\r\n如有屬對關係人債權者尚需公告關係人名稱及本次處分該關係人之債權\r\n帳面金額:\r\n不適用\r\n10.處分利益（或損失）（取得有價證券者不適用）（原遞延者應列表說明\r\n認列情形）:\r\n不適用\r\n11.交付或付款條件（含付款期間及金額）、契約限制條款及其他重要約定\r\n事項:\r\n現金注資，無契約限制條款及其他重要約定事項\r\n12.本次交易之決定方式、價格決定之參考依據及決策單位:\r\n經本公司審計委員會及董事會決議通過\r\n13.取得或處分有價證券標的公司每股淨值:\r\n8.58元\r\n14.迄目前為止，累積持有本交易證券（含本次交易）之數量、金額、持股\r\n比例及權利受限情形（如質押情形）:\r\n持有數量：30,000,000股\n持有金額：新台幣300,000仟元\n持股比例：100%\n受限制情形：無\r\n15.迄目前為止，依「公開發行公司取得或處分資產處理準則」第三條所列\r\n之有價證券投資（含本次交易）占公司最近期財務報表中總資產及歸屬\r\n於母公司業主之權益之比例暨最近期財務報表中營運資金數額（註二）:\r\n占公司最近期財務報表中總資產比例：6.74%\n占公司最近期財務報表中歸屬於母公司業主之權益之比例：8.99%\n最近期財務報表中營運資金數額：(19,848)仟元\r\n16.經紀人及經紀費用:\r\n不適用\r\n17.取得或處分之具體目的或用途:\r\n長期投資\r\n18.本次交易表示異議董事之意見:\r\n無\r\n19.本次交易為關係人交易:是\r\n20.監察人承認或審計委員會同意日期:\r\n民國115年8月12日\r\n21.本次交易會計師出具非合理性意見:不適用\r\n22.會計師事務所名稱:\r\n不適用\r\n23.會計師姓名:\r\n不適用\r\n24.會計師開業證書字號:\r\n不適用\r\n25.是否涉及營運模式變更:否\r\n26.營運模式變更說明:\r\n不適用\r\n27.過去一年及預計未來一年內與交易相對人交易情形:\r\n不適用\r\n28.資金來源:\r\n不適用\r\n29.前已就同一件事件發布重大訊息日期: 不適用\r\n30.其他敘明事項:\r\n無""]], ""footer"": [""以上資料均由各公司依發言當時所屬市場別之規定申報後，由本系統對外公佈，資料如有虛偽不實，均由該公司負責。""], ""header"": {""note"": [], ""subTitle"": [], ""mainTitle"": [""公司當日重大訊息之詳細內容""]}, ""titles"": [{""sub"": [], ""main"": ""序號""}, {""sub"": [], ""main"": ""發言日期""}, {""sub"": [], ""main"": ""發言時間""}, {""sub"": [], ""main"": ""發言人""}, {""sub"": [], ""main"": ""發言人職稱""}, {""sub"": [], ""main"": ""發言人電話""}, {""sub"": [], ""main"": ""主旨""}, {""sub"": [], ""main"": ""符合條款""}, {""sub"": [], ""main"": ""事實發生日""}, {""sub"": [], ""main"": ""說明""}], ""companyAbbreviation"": ""聚亨""}, ""datetime"": ""115/08/12 22:58:33""}",2026-08-12 22:58:15
1150812|sii|1604|4,115/08/12,14:58:17,1604,聲寶,本公司第17次買回庫藏股辦理註銷減資,庫藏股,1150812,sii,4,"{""code"": 200, ""message"": ""查詢成功"", ""result"": {""marketName"": ""上市公司"", ""companyId"": ""1604"", ""data"": [[4, ""115/08/12"", ""14:58:17"", ""簡淑慧"", ""財會處(協理)"", ""03-3975151#1711"", ""本公司第17次買回庫藏股辦理註銷減資"", ""11"", ""115/08/12"", ""1.董事會決議日期:115/08/12\n2.減資緣由:本公司依「證券交易法」規定辦理註銷股份\n3.減資金額:新台幣100,000,000元\n4.消除股份:普通股10,000,000股\n5.減資比率: 2.60 %\n6.減資後股本:新台幣3,742,000,000元\n7.預定股東會日期:不適用\n8.預計減資新股上市後之上市普通股股數:374,200,000股\n9.預計減資新股上市後之上市普通股股數占已發行普通股比率\n（減資後上市普通股股數/減資後已發行普通股股數）:不適用\n10.前二項預計減資後上巿普通股股數未達6000萬股且未達25%者，\n請說明股權流通性偏低之因應措施:不適用\n11.減資基準日:115/11/01\n12.其他應敘明事項:無""]], ""footer"": [""以上資料均由各公司依發言當時所屬市場別之規定申報後，由本系統對外公佈，資料如有虛偽不實，均由該公司負責。""], ""header"": {""note"": [], ""subTitle"": [], ""mainTitle"": [""公司當日重大訊息之詳細內容""]}, ""titles"": [{""sub"": [], ""main"": ""序號""}, {""sub"": [], ""main"": ""發言日期""}, {""sub"": [], ""main"": ""發言時間""}, {""sub"": [], ""main"": ""發言人""}, {""sub"": [], ""main"": ""發言人職稱""}, {""sub"": [], ""main"": ""發言人電話""}, {""sub"": [], ""main"": ""主旨""}, {""sub"": [], ""main"": ""符合條款""}, {""sub"": [], ""main"": ""事實發生日""}, {""sub"": [], ""main"": ""說明""}], ""companyAbbreviation"": ""聲寶""}, ""datetime"": ""115/08/12 22:58:34""}",2026-08-12 22:58:15
1150812|sii|2313|1,115/08/12,15:01:33,2313,華通,"代子公司COMPEQTechnology(Thailand)CO.,LTD.公告購買機器設備",機器設備,1150812,sii,1,"{""code"": 200, ""message"": ""查詢成功"", ""result"": {""marketName"": ""上市公司"", ""companyId"": ""2313"", ""data"": [[1, ""115/08/12"", ""15:01:33"", ""呂  範"", ""財務處長"", ""(03)3231111"", ""代子公司COMPEQ Technology (Thailand) CO., LTD.公告購買機器設備"", ""20"", ""115/08/12"", ""1.標的物之名稱及性質（如坐落台中市北區ＸＸ段ＸＸ小段土地）:\r\n機器設備一批\r\n2.事實發生日:115/7/29~115/8/12\r\n3.董事會通過日期: 不適用\r\n4.其他核決日期:\r\n核決層級:董事長\r\n民國115年08月12日\r\n5.交易單位數量（如ＸＸ平方公尺，折合ＸＸ坪）、每單位價格及交易總金額:\r\n交易單位數量：一批；交易總金額：約新台368,752仟元\r\n6.交易相對人及其與公司之關係（交易相對人如屬自然人，且非公司之關\r\n係人者，得免揭露其姓名）:\r\nPelican Cove Investment Ltd.；與公司關係：關係企業\r\n7.交易相對人為關係人者，並應公告選定關係人為交易對象之原因及前次移轉之\r\n所有人、前次移轉之所有人與公司及交易相對人間相互之關係、前次移轉日期\r\n及移轉金額:\r\n不適用\r\n8.交易標的最近五年內所有權人曾為公司之關係人者，尚應公告關係\r\n人之取得及處分日期、價格及交易當時與公司之關係:\r\n不適用\r\n9.預計處分利益（或損失）（取得資產者不適用）（遞延者應列表說明\r\n認列情形）:\r\n不適用\r\n10.交付或付款條件（含付款期間及金額）、契約限制條款及其他重要約定\r\n事項:\r\n依訂單條件付款。契約限制條款:無。其他重要約定事項:無\r\n11.本次交易之決定方式（如招標、比價或議價）、價格決定之參考依據及\r\n決策單位:\r\n交易決定方式:議價\n價格決定之參考依據:按市場行情\n決策單位:公司採購管理規定呈核決定\r\n12.專業估價者事務所或公司名稱及其估價金額:\r\n不適用\r\n13.專業估價師姓名:\r\n不適用\r\n14.專業估價師開業證書字號:\r\n不適用\r\n15.估價報告是否為限定價格、特定價格或特殊價格:否或不適用\r\n16.是否尚未取得估價報告:否或不適用\r\n17.尚未取得估價報告之原因:\r\n不適用\r\n18.估價結果有重大差異時，其差異原因及會計師意見:\r\n不適用\r\n19.會計師事務所名稱:\r\n不適用\r\n20.會計師姓名:\r\n不適用\r\n21.會計師開業證書字號:\r\n不適用\r\n22.經紀人及經紀費用:\r\n無\r\n23.取得或處分之具體目的或用途:\r\n供生產用\r\n24.本次交易表示異議之董事之意見:\r\n不適用\r\n25.本次交易為關係人交易:是\r\n26.監察人承認或審計委員會同意日期:\r\n不適用 代子公司公告\r\n27.本次交易係向關係人取得不動產或其使用權資產:否\r\n28.依「公開發行公司取得或處分資產處理準則」第十六條規定\r\n評估之價格:不適用\r\n29.依前項評估之價格較交易價格為低者，依同準則第十七條規\r\n定評估之價格:不適用\r\n30.前已就同一件事件發布重大訊息日期: 不適用\r\n31.其他敘明事項:\r\n無""]], ""footer"": [""以上資料均由各公司依發言當時所屬市場別之規定申報後，由本系統對外公佈，資料如有虛偽不實，均由該公司負責。""], ""header"": {""note"": [], ""subTitle"": [], ""mainTitle"": [""公司當日重大訊息之詳細內容""]}, ""titles"": [{""sub"": [], ""main"": ""序號""}, {""sub"": [], ""main"": ""發言日期""}, {""sub"": [], ""main"": ""發言時間""}, {""sub"": [], ""main"": ""發言人""}, {""sub"": [], ""main"": ""發言人職稱""}, {""sub"": [], ""main"": ""發言人電話""}, {""sub"": [], ""main"": ""主旨""}, {""sub"": [], ""main"": ""符合條款""}, {""sub"": [], ""main"": ""事實發生日""}, {""sub"": [], ""main"": ""說明""}], ""companyAbbreviation"": ""華通""}, ""datetime"": ""115/08/12 22:58:35""}",2026-08-12 22:58:15
1150812|sii|2885|1,115/08/12,15:15:41,2885,元大金,元大金控公告補充說明本公司於114年08月22日公告董事會決議發行之無擔保普通公司債發行條件,公司債,1150812,sii,1,"{""code"": 200, ""message"": ""查詢成功"", ""result"": {""marketName"": ""上市公司"", ""companyId"": ""2885"", ""data"": [[1, ""115/08/12"", ""15:15:41"", ""黃維誠"", ""總經理"", ""02-27811999"", ""元大金控公告補充說明本公司於114年08月22日公告董事會\r\n決議發行之無擔保普通公司債發行條件"", ""11"", ""115/08/12"", ""1.董事會決議日期:NA\n2.名稱﹝XX公司第X次（有、無）擔保公司債﹞:元大金融控股股份有限公司\n115年度第一次無擔保普通公司債\n3.是否採總括申報發行公司債(是/否):是\n4.發行總額:發行總額新臺幣柒拾捌億元整。\n5.每張面額:新台幣壹佰萬元整。\n6.發行價格:依票面金額十足發行。\n7.發行期間:五年期。\n8.發行利率:固定年利率2.25%。\n9.擔保品之種類、名稱、金額及約定事項:不適用。\n10.募得價款之用途及運用計畫:償還115年度到期之111-2期公司債及\n償還因營運所需借入之銀行借款或發行之商業本票。\n11.承銷方式:委託證券承銷商對外公開承銷。\n12.公司債受託人:台新國際商業銀行股份有限公司。\n13.承銷或代銷機構:元大證券股份有限公司為主辦承銷商。\n14.發行保證人:不適用。\n15.代理還本付息機構:台新國際商業銀行股份有限公司建北分公司。\n16.簽證機構:不適用。\n17.能轉換股份者，其轉換辦法:不適用。\n18.賣回條件:不適用。\n19.買回條件:不適用。\n20.附有轉換、交換或認股者，其換股基準日:不適用。\n21.附有轉換、交換或認股者，對股權可能稀釋情形:不適用。\n22.現金減資後再行募資之合理性及必要性\n(募資當年度及前一年度有辦理現金減資者適用):不適用。\n23.其他應敘明事項:不適用。""]], ""footer"": [""以上資料均由各公司依發言當時所屬市場別之規定申報後，由本系統對外公佈，資料如有虛偽不實，均由該公司負責。""], ""header"": {""note"": [], ""subTitle"": [], ""mainTitle"": [""公司當日重大訊息之詳細內容""]}, ""titles"": [{""sub"": [], ""main"": ""序號""}, {""sub"": [], ""main"": ""發言日期""}, {""sub"": [], ""main"": ""發言時間""}, {""sub"": [], ""main"": ""發言人""}, {""sub"": [], ""main"": ""發言人職稱""}, {""sub"": [], ""main"": ""發言人電話""}, {""sub"": [], ""main"": ""主旨""}, {""sub"": [], ""main"": ""符合條款""}, {""sub"": [], ""main"": ""事實發生日""}, {""sub"": [], ""main"": ""說明""}], ""companyAbbreviation"": ""元大金""}, ""datetime"": ""115/08/12 22:58:35""}",2026-08-12 22:58:15
1150812|sii|4755|3,115/08/12,15:21:12,4755,三福化,本公司董事會通過善化廠建置半導體先進封裝化學品擴廠工程資本支出案,資本支出,1150812,sii,3,"{""code"": 200, ""message"": ""查詢成功"", ""result"": {""marketName"": ""上市公司"", ""companyId"": ""4755"", ""data"": [[3, ""115/08/12"", ""15:21:12"", ""羅主誠"", ""財務協理"", ""02-2542-6789"", ""本公司董事會通過善化廠建置半導體先進封裝化學品擴廠工程資本支出案"", ""20"", ""115/08/12"", ""1.標的物之名稱及性質（如坐落台中市北區ＸＸ段ＸＸ小段土地）:\r\n善化廠\r\n2.事實發生日:115/8/12~115/8/12\r\n3.董事會通過日期: 民國115年8月12日\r\n4.其他核決日期: 不適用\r\n5.交易單位數量（如ＸＸ平方公尺，折合ＸＸ坪）、每單位價格及交易總金額:\r\n善化廠擴廠廠房及設備-不超過新台幣壹億伍仟萬元整\r\n6.交易相對人及其與公司之關係（交易相對人如屬自然人，且非公司之關\r\n係人者，得免揭露其姓名）:\r\n不適用\r\n7.交易相對人為關係人者，並應公告選定關係人為交易對象之原因及前次移轉之\r\n所有人、前次移轉之所有人與公司及交易相對人間相互之關係、前次移轉日期\r\n及移轉金額:\r\n不適用\r\n8.交易標的最近五年內所有權人曾為公司之關係人者，尚應公告關係\r\n人之取得及處分日期、價格及交易當時與公司之關係:\r\n不適用\r\n9.預計處分利益（或損失）（取得資產者不適用）（遞延者應列表說明\r\n認列情形）:\r\n不適用\r\n10.交付或付款條件（含付款期間及金額）、契約限制條款及其他重要約定\r\n事項:\r\n依訂單條件付款。\r\n11.本次交易之決定方式（如招標、比價或議價）、價格決定之參考依據及\r\n決策單位:\r\n比價及議價：廠商提供之報價單及市場行情，\n授權董事長全權處理合約簽訂等相關事宜。\r\n12.專業估價者事務所或公司名稱及其估價金額:\r\n不適用\r\n13.專業估價師姓名:\r\n不適用\r\n14.專業估價師開業證書字號:\r\n不適用\r\n15.估價報告是否為限定價格、特定價格或特殊價格:否或不適用\r\n16.是否尚未取得估價報告:否或不適用\r\n17.尚未取得估價報告之原因:\r\n不適用\r\n18.估價結果有重大差異時，其差異原因及會計師意見:\r\n不適用\r\n19.會計師事務所名稱:\r\n不適用\r\n20.會計師姓名:\r\n不適用\r\n21.會計師開業證書字號:\r\n不適用\r\n22.經紀人及經紀費用:\r\n不適用\r\n23.取得或處分之具體目的或用途:\r\n為因應半導體先進封裝擴廠之化學品增量需求\r\n24.本次交易表示異議之董事之意見:\r\n無\r\n25.本次交易為關係人交易:否\r\n26.監察人承認或審計委員會同意日期:\r\n民國115年8月12日\r\n27.本次交易係向關係人取得不動產或其使用權資產:否\r\n28.依「公開發行公司取得或處分資產處理準則」第十六條規定\r\n評估之價格:不適用\r\n29.依前項評估之價格較交易價格為低者，依同準則第十七條規\r\n定評估之價格:不適用\r\n30.前已就同一件事件發布重大訊息日期: 不適用\r\n31.其他敘明事項:\r\n無""]], ""footer"": [""以上資料均由各公司依發言當時所屬市場別之規定申報後，由本系統對外公佈，資料如有虛偽不實，均由該公司負責。""], ""header"": {""note"": [], ""subTitle"": [], ""mainTitle"": [""公司當日重大訊息之詳細內容""]}, ""titles"": [{""sub"": [], ""main"": ""序號""}, {""sub"": [], ""main"": ""發言日期""}, {""sub"": [], ""main"": ""發言時間""}, {""sub"": [], ""main"": ""發言人""}, {""sub"": [], ""main"": ""發言人職稱""}, {""sub"": [], ""main"": ""發言人電話""}, {""sub"": [], ""main"": ""主旨""}, {""sub"": [], ""main"": ""符合條款""}, {""sub"": [], ""main"": ""事實發生日""}, {""sub"": [], ""main"": ""說明""}], ""companyAbbreviation"": ""三福化""}, ""datetime"": ""115/08/12 22:58:36""}",2026-08-12 22:58:15
1150812|sii|2885|2,115/08/12,15:30:56,2885,元大金,元大金控公告115年7月份自結合併損益,自結合併,1150812,sii,2,"{""code"": 200, ""message"": ""查詢成功"", ""result"": {""marketName"": ""上市公司"", ""companyId"": ""2885"", ""data"": [[2, ""115/08/12"", ""15:30:56"", ""黃維誠"", ""總經理"", ""02-27811999"", ""元大金控公告115年7月份自結合併損益"", ""51"", ""115/08/12"", ""1.事實發生日:115/08/12\n2.公司名稱:元大金融控股股份有限公司\n3.與公司關係(請輸入本公司或子公司):本公司\n4.相互持股比例:不適用\n5.發生緣由:公告本公司及重要子公司自行結算115年7月份獲利情形\n\n                    7月份                 累積至7月份\n　　　　　　 ------------------ -------------------------------\n　             合併    母公司      合併    母公司\n　             稅前    業主稅後    稅前    業主稅後    稅後每股\n　　　　　　  (億元)   (億元)     (億元)   (億元)      盈餘(元)\n　           -------- ---------- --------- ---------  ----------\n元大金控      75.24     63.59     543.17   429.31       3.22\n元大證券      50.55     48.00     360.24   293.28       4.12\n元大銀行      18.43     15.35     109.94    92.27       1.00\n元大期貨       5.33      4.38      24.95    19.82       5.39\n元大人壽       0.62      0.03      28.14    24.44       0.84\n元大投信       7.69      6.12      44.51    35.79      15.77\n註：累計7月未適用外匯價格變動準備金之EPS(元)\n元大金控：3.24\n元大人壽：0.93\n\n\n以上資料係本公司自行結算結果，尚未經會計師查核簽證。\n\n6.因應措施:無\n7.其他應敘明事項(若事件發生或決議之主體係屬公開發行以上公司，本則重大訊息同時\n  符合證券交易法施行細則第7條第9款所定對股東權益或證券價格有重大影響之事項):無""]], ""footer"": [""以上資料均由各公司依發言當時所屬市場別之規定申報後，由本系統對外公佈，資料如有虛偽不實，均由該公司負責。""], ""header"": {""note"": [], ""subTitle"": [], ""mainTitle"": [""公司當日重大訊息之詳細內容""]}, ""titles"": [{""sub"": [], ""main"": ""序號""}, {""sub"": [], ""main"": ""發言日期""}, {""sub"": [], ""main"": ""發言時間""}, {""sub"": [], ""main"": ""發言人""}, {""sub"": [], ""main"": ""發言人職稱""}, {""sub"": [], ""main"": ""發言人電話""}, {""sub"": [], ""main"": ""主旨""}, {""sub"": [], ""main"": ""符合條款""}, {""sub"": [], ""main"": ""事實發生日""}, {""sub"": [], ""main"": ""說明""}], ""companyAbbreviation"": ""元大金""}, ""datetime"": ""115/08/12 22:58:37""}",2026-08-12 22:58:15
1150812|sii|2442|1,115/08/12,15:32:50,2442,新美齊,公告新美齊股份有限公司國內第三次無擔保(例：第一次有擔保)轉(交)換公司債(簡稱：新美齊三，代碼：24423)停止受理轉交換等相關事項。,公司債,1150812,sii,1,"{""code"": 200, ""message"": ""查詢成功"", ""result"": {""marketName"": ""上市公司"", ""companyId"": ""2442"", ""data"": [[1, ""115/08/12"", ""15:32:50"", ""林傳捷"", ""董事長"", ""(02)5582-8168#3000"", ""公告新美齊股份有限公司國內第三次無擔保(例：第一次有擔保)轉(交)換公司債(簡稱：新美齊三，代碼：24423)停止受理轉交換等相關事項。"", ""51"", ""115/08/12"", ""內容：本公司國內第三次無擔保轉換公司債發行及轉換辦法。<br>(一)停止受理轉交換之事由：辦理配股配息作業事宜。<br>(其他事項敘明：)<br>(二)停止受理轉交換登記起訖日期：115年08月20日至115年09月14日止。<br>(三)債券持有人如擬申請轉換，最遲應於停止受理轉換登記之始日（115年08月20日）之前一營業日前（115年08月18日），向往來證券商辦理轉換手續。<br>無""]], ""footer"": [""以上資料均由各公司依發言當時所屬市場別之規定申報後，由本系統對外公佈，資料如有虛偽不實，均由該公司負責。""], ""header"": {""note"": [], ""subTitle"": [], ""mainTitle"": [""公司當日重大訊息之詳細內容""]}, ""titles"": [{""sub"": [], ""main"": ""序號""}, {""sub"": [], ""main"": ""發言日期""}, {""sub"": [], ""main"": ""發言時間""}, {""sub"": [], ""main"": ""發言人""}, {""sub"": [], ""main"": ""發言人職稱""}, {""sub"": [], ""main"": ""發言人電話""}, {""sub"": [], ""main"": ""主旨""}, {""sub"": [], ""main"": ""符合條款""}, {""sub"": [], ""main"": ""事實發生日""}, {""sub"": [], ""main"": ""說明""}], ""companyAbbreviation"": ""新美齊""}, ""datetime"": ""115/08/12 22:58:37""}",2026-08-12 22:58:15
1150812|sii|2442|2,115/08/12,15:39:29,2442,新美齊,公告新美齊股份有限公司國內第四次無擔保(例：第一次有擔保)轉(交)換公司債(簡稱：新美齊四，代碼：24424)停止受理轉交換等相關事項。,公司債,1150812,sii,2,"{""code"": 200, ""message"": ""查詢成功"", ""result"": {""marketName"": ""上市公司"", ""companyId"": ""2442"", ""data"": [[2, ""115/08/12"", ""15:39:29"", ""林傳捷"", ""董事長"", ""(02)5582-8168#3000"", ""公告新美齊股份有限公司國內第四次無擔保(例：第一次有擔保)轉(交)換公司債(簡稱：新美齊四，代碼：24424)停止受理轉交換等相關事項。"", ""51"", ""115/08/12"", ""內容：本公司國內第四次無擔保轉換公司債發行及轉換辦法。<br>(一)停止受理轉交換之事由：辦理配股配息作業事宜。<br>(其他事項敘明：)<br>(二)停止受理轉交換登記起訖日期：115年08月20日至115年09月14日止。<br>(三)債券持有人如擬申請轉換，最遲應於停止受理轉換登記之始日（115年08月20日）之前一營業日前（115年08月18日），向往來證券商辦理轉換手續。<br>無""]], ""footer"": [""以上資料均由各公司依發言當時所屬市場別之規定申報後，由本系統對外公佈，資料如有虛偽不實，均由該公司負責。""], ""header"": {""note"": [], ""subTitle"": [], ""mainTitle"": [""公司當日重大訊息之詳細內容""]}, ""titles"": [{""sub"": [], ""main"": ""序號""}, {""sub"": [], ""main"": ""發言日期""}, {""sub"": [], ""main"": ""發言時間""}, {""sub"": [], ""main"": ""發言人""}, {""sub"": [], ""main"": ""發言人職稱""}, {""sub"": [], ""main"": ""發言人電話""}, {""sub"": [], ""main"": ""主旨""}, {""sub"": [], ""main"": ""符合條款""}, {""sub"": [], ""main"": ""事實發生日""}, {""sub"": [], ""main"": ""說明""}], ""companyAbbreviation"": ""新美齊""}, ""datetime"": ""115/08/12 22:58:38""}",2026-08-12 22:58:15
1150812|sii|2439|1,115/08/12,15:40:14,2439,美律,公告本公司發行國內第四次無擔保轉換公司債轉換價格之調整,公司債,1150812,sii,1,"{""code"": 200, ""message"": ""查詢成功"", ""result"": {""marketName"": ""上市公司"", ""companyId"": ""2439"", ""data"": [[1, ""115/08/12"", ""15:40:14"", ""黃朝豊"", ""總裁"", ""04-23590811"", ""公告本公司發行國內第四次無擔保轉換公司債轉換\r\n價格之調整"", ""51"", ""115/08/12"", ""1.事實發生日:115/08/12\n2.公司名稱:美律實業股份有限公司\n3.與公司關係(請輸入本公司或子公司):本公司\n4.相互持股比例:不適用\n5.發生緣由:本公司發行國內第四次無擔保轉換公司債轉換價格之調整。\n6.因應措施:無。\n7.其他應敘明事項(若事件發生或決議之主體係屬公開發行以上公司，本則重大訊息同時\n  符合證券交易法施行細則第7條第9款所定對股東權益或證券價格有重大影響之事項):\n(1)依據本公司國內第四次無擔保轉換公司債發行及轉換辦法第十一條\n   規定辦理。\n(2)為配合本公司除息基準日，自115年09月03日起本公司發行國內第四\n   次無擔保轉換公司債轉換之價格依上述辦法計算後調整為122.4元。\n(3)嗣後如因本公司國內無擔保轉換公司債轉換成普通股、買回公司股份\n   及發行限制員工權利新股或其他因素，致使本公司流通在外股數發生變動\n   而影響股東配息比率及轉換價格，將再行公告。""]], ""footer"": [""以上資料均由各公司依發言當時所屬市場別之規定申報後，由本系統對外公佈，資料如有虛偽不實，均由該公司負責。""], ""header"": {""note"": [], ""subTitle"": [], ""mainTitle"": [""公司當日重大訊息之詳細內容""]}, ""titles"": [{""sub"": [], ""main"": ""序號""}, {""sub"": [], ""main"": ""發言日期""}, {""sub"": [], ""main"": ""發言時間""}, {""sub"": [], ""main"": ""發言人""}, {""sub"": [], ""main"": ""發言人職稱""}, {""sub"": [], ""main"": ""發言人電話""}, {""sub"": [], ""main"": ""主旨""}, {""sub"": [], ""main"": ""符合條款""}, {""sub"": [], ""main"": ""事實發生日""}, {""sub"": [], ""main"": ""說明""}], ""companyAbbreviation"": ""美律""}, ""datetime"": ""115/08/12 22:58:38""}",2026-08-12 22:58:15
1150812|sii|2439|2,115/08/12,15:41:18,2439,美律,公告本公司發行國內第五次無擔保轉換公司債轉換價格之調整,公司債,1150812,sii,2,"{""code"": 200, ""message"": ""查詢成功"", ""result"": {""marketName"": ""上市公司"", ""companyId"": ""2439"", ""data"": [[2, ""115/08/12"", ""15:41:18"", ""黃朝豊"", ""總裁"", ""04-23590811"", ""公告本公司發行國內第五次無擔保轉換公司債轉換\r\n價格之調整"", ""51"", ""115/08/12"", ""1.事實發生日:115/08/12\n2.公司名稱:美律實業股份有限公司\n3.與公司關係(請輸入本公司或子公司):本公司\n4.相互持股比例:不適用\n5.發生緣由:本公司發行國內第五次無擔保轉換公司債轉換價格之調整。\n6.因應措施:無。\n7.其他應敘明事項(若事件發生或決議之主體係屬公開發行以上公司，本則重大訊息同時\n  符合證券交易法施行細則第7條第9款所定對股東權益或證券價格有重大影響之事項):\n(1)依據本公司國內第五次無擔保轉換公司債發行及轉換辦法第十一條\n   規定辦理。\n(2)為配合本公司除息基準日，自115年09月03日起本公司發行國內第五\n   次無擔保轉換公司債轉換之價格依上述辦法計算後調整為118.9元。\n(3)嗣後如因本公司國內無擔保轉換公司債轉換成普通股、買回公司股份\n   及發行限制員工權利新股或其他因素，致使本公司流通在外股數發生變動\n   而影響股東配息比率及轉換價格，將再行公告。""]], ""footer"": [""以上資料均由各公司依發言當時所屬市場別之規定申報後，由本系統對外公佈，資料如有虛偽不實，均由該公司負責。""], ""header"": {""note"": [], ""subTitle"": [], ""mainTitle"": [""公司當日重大訊息之詳細內容""]}, ""titles"": [{""sub"": [], ""main"": ""序號""}, {""sub"": [], ""main"": ""發言日期""}, {""sub"": [], ""main"": ""發言時間""}, {""sub"": [], ""main"": ""發言人""}, {""sub"": [], ""main"": ""發言人職稱""}, {""sub"": [], ""main"": ""發言人電話""}, {""sub"": [], ""main"": ""主旨""}, {""sub"": [], ""main"": ""符合條款""}, {""sub"": [], ""main"": ""事實發生日""}, {""sub"": [], ""main"": ""說明""}], ""companyAbbreviation"": ""美律""}, ""datetime"": ""115/08/12 22:58:39""}",2026-08-12 22:58:15
1150812|sii|6698|4,115/08/12,15:52:48,6698,旭暉應材,公告本公司董事會決議辦理現金增資發行新股(補公告代收、存儲機構),現金增資,1150812,sii,4,"{""code"": 200, ""message"": ""查詢成功"", ""result"": {""marketName"": ""上市公司"", ""companyId"": ""6698"", ""data"": [[4, ""115/08/12"", ""15:52:48"", ""黃信貿"", ""財務長"", ""06-6016388"", ""公告本公司董事會決議辦理現金增資發行新股\r\n(補公告代收、存儲機構)"", ""11"", ""115/08/12"", ""1.董事會決議或公司決定增資基準日期:115/07/31\n2.是否採總括申報發行新股(是，請併敘明預定發行期間/否):否\n3.主管機關申報生效日期:115/07/29\n4.董事會決議(追補)發行日期:115/06/17\n5.發行總金額及股數:發行普通股5,000仟股，發行總面額新台幣50,000仟元。\n6.採總括申報發行新股案件，本次發行金額及股數:不適用\n7.採總括申報發行新股案件，本次發行後，剩餘之金額及股數餘額:不適用\n8.每股面額:新台幣10元\n9.發行價格:新台幣25.5元\n10.員工認股股數:\n依公司法第267條規定保留發行股數之15%予員工認購。\n11.原股東認購比率:\n依發行股數之75%由原股東按認股基準日之股東名簿所載持股比例認購。\n12.公開銷售方式及股數:\n依證券交易法第28條之1規定，提撥發行股數之10%對外公開承銷。\n13.畸零股及逾期未認購股份之處理方式:\n原股東認購其認購不足一股之畸零股，由股東自停止過戶日前五日起至停止過戶\n日前一日止自行向本公司股務代理機構辦理拼湊成整股認購，其拼湊不足一股\n之畸零股及原股東、員工認購不足及逾期未申報拼湊之部分，授權董事長洽特定人\n按發行價格認購之。\n14.本次發行新股之權利義務:與原已發行股份相同\n15.本次增資資金用途:償還金融機構借款\n16.現金增資認股基準日:115/08/23\n17.最後過戶日:115/08/18\n18.停止過戶起始日期:115/08/19\n19.停止過戶截止日期:115/08/23\n20.股款繳納期間:\n(1)原股東及員工認股繳納期間:115/08/28~115/09/29\n(2)特定人認股繳款期間:115/09/30~115/10/06\n21.與代收及專戶存儲價款行庫訂約日期:115/08/12\n22.委託代收存款機構:台新國際商業銀行台南分行\n23.委託存儲款項機構:中國信託商業銀行西台南分行\n24.其他應敘明事項:無""]], ""footer"": [""以上資料均由各公司依發言當時所屬市場別之規定申報後，由本系統對外公佈，資料如有虛偽不實，均由該公司負責。""], ""header"": {""note"": [], ""subTitle"": [], ""mainTitle"": [""公司當日重大訊息之詳細內容""]}, ""titles"": [{""sub"": [], ""main"": ""序號""}, {""sub"": [], ""main"": ""發言日期""}, {""sub"": [], ""main"": ""發言時間""}, {""sub"": [], ""main"": ""發言人""}, {""sub"": [], ""main"": ""發言人職稱""}, {""sub"": [], ""main"": ""發言人電話""}, {""sub"": [], ""main"": ""主旨""}, {""sub"": [], ""main"": ""符合條款""}, {""sub"": [], ""main"": ""事實發生日""}, {""sub"": [], ""main"": ""說明""}], ""companyAbbreviation"": ""旭暉應材""}, ""datetime"": ""115/08/12 22:58:40""}",2026-08-12 22:58:15
1150812|sii|2367|2,115/08/12,15:55:33,2367,燿華,本公司董事會決議發行國內第三次無擔保轉換公司債,公司債,1150812,sii,2,"{""code"": 200, ""message"": ""查詢成功"", ""result"": {""marketName"": ""上市公司"", ""companyId"": ""2367"", ""data"": [[2, ""115/08/12"", ""15:55:33"", ""吳錦芳"", ""副總"", ""(02)22685071"", ""本公司董事會決議發行國內第三次無擔保轉換公司債"", ""11"", ""115/08/12"", ""1.董事會決議日期:115/08/12\n2.名稱﹝XX公司第X次（有、無）擔保公司債﹞:\n燿華電子股份有限公司國內第三次無擔保轉換公司債\n3.是否採總括申報發行公司債(是/否):否\n4.發行總額:發行總面額上限為新台幣1,500,000仟元\n5.每張面額:新台幣100,000元\n6.發行價格:以票面金額之100.5%發行\n7.發行期間:5年\n8.發行利率:票面利率為0%\n9.擔保品之種類、名稱、金額及約定事項:不適用\n10.募得價款之用途及運用計畫:償還銀行借款\n11.承銷方式:採詢價圈購方式辦理公開承銷\n12.公司債受託人:授權董事長全權處理\n13.承銷或代銷機構:臺銀綜合證券股份有限公司\n14.發行保證人:不適用\n15.代理還本付息機構:本公司股務室\n16.簽證機構:採無實體發行，故不適用\n17.能轉換股份者，其轉換辦法:將依相關法令規定辦理，\n並呈報相關主管機關核准後另行公告。\n18.賣回條件:將依相關法令規定辦理，並呈報相關主管機關核准後另行公告。\n19.買回條件:將依相關法令規定辦理，並呈報相關主管機關核准後另行公告。\n20.附有轉換、交換或認股者，其換股基準日:將依相關法令規定辦理，\n並呈報相關主管機關核准後另行公告。\n21.附有轉換、交換或認股者，對股權可能稀釋情形:將依相關法令規定辦理，\n並呈報相關主管機關核准後另行公告。\n22.現金減資後再行募資之合理性及必要性\n(募資當年度及前一年度有辦理現金減資者適用):不適用\n23.其他應敘明事項:本次發行國內第三次無擔保轉換公司債之重要內容，\n包括發行金額、發行價格、發行期間、發行條件、發行及轉換辦法之訂定、\n本次計畫所需資金總額、資金來源、計畫項目、資金運用進度、\n預計可能產生效益及其他發行相關事宜，如遇有法令變更，經主管機關修正或\n因應客觀環境需修正或調整時，擬授權本公司董事長全權處理之。""]], ""footer"": [""以上資料均由各公司依發言當時所屬市場別之規定申報後，由本系統對外公佈，資料如有虛偽不實，均由該公司負責。""], ""header"": {""note"": [], ""subTitle"": [], ""mainTitle"": [""公司當日重大訊息之詳細內容""]}, ""titles"": [{""sub"": [], ""main"": ""序號""}, {""sub"": [], ""main"": ""發言日期""}, {""sub"": [], ""main"": ""發言時間""}, {""sub"": [], ""main"": ""發言人""}, {""sub"": [], ""main"": ""發言人職稱""}, {""sub"": [], ""main"": ""發言人電話""}, {""sub"": [], ""main"": ""主旨""}, {""sub"": [], ""main"": ""符合條款""}, {""sub"": [], ""main"": ""事實發生日""}, {""sub"": [], ""main"": ""說明""}], ""companyAbbreviation"": ""燿華""}, ""datetime"": ""115/08/12 22:58:40""}",2026-08-12 22:58:15
1150812|sii|2105|4,115/08/12,16:02:57,2105,正新,本公司董事會通過由本公司現金增資PT.MaxxisInternationalIndonesia案,現金增資,1150812,sii,4,"{""code"": 200, ""message"": ""查詢成功"", ""result"": {""marketName"": ""上市公司"", ""companyId"": ""2105"", ""data"": [[4, ""115/08/12"", ""16:02:57"", ""羅永勵"", ""財務部副總經理"", ""04-8525151-60"", ""本公司董事會通過由本公司現金增資PT. Maxxis International Indonesia案"", ""20"", ""115/08/12"", ""1.標的物之名稱及性質（屬特別股者，並應標明特別股約定發行條件，如股息率等）:\r\n現金增資PT. Maxxis International Indonesia\r\n2.事實發生日:115/8/12~115/8/12\r\n3.董事會通過日期: 民國115年8月12日\r\n4.其他核決日期: 不適用\r\n5.交易數量、每單位價格及交易總金額:\r\n本次增資USD20,000,000元，本公司擬出資USD 19,999,250元\n折合約新台幣646,175,768元。(NTD:USD=1:32.31)\r\n6.交易相對人及其與公司之關係（交易相對人如屬自然人，且非公司之\r\n關係人者，得免揭露其姓名）:\r\n本公司之子公司\r\n7.交易相對人為關係人者，並應公告選定關係人為交易對象之原因及前次移\r\n轉之所有人、前次移轉之所有人與公司及交易相對人間相互之關係、前次\r\n移轉日期及移轉金額:\r\n不適用。\r\n8.交易標的最近五年內所有權人曾為公司之關係人者，尚應公告關係人之取\r\n得及處分日期、價格及交易當時與公司之關係:\r\n不適用。\r\n9.本次係處分債權之相關事項（含處分之債權附隨擔保品種類、處分債權\r\n如有屬對關係人債權者尚需公告關係人名稱及本次處分該關係人之債權\r\n帳面金額:\r\n不適用。\r\n10.處分利益（或損失）（取得有價證券者不適用）（原遞延者應列表說明\r\n認列情形）:\r\n不適用。\r\n11.交付或付款條件（含付款期間及金額）、契約限制條款及其他重要約定\r\n事項:\r\n本公司自有資金增資PT. Maxxis International Indonesia，\n總金額USD 19,999,250元，折合約新台幣646,175,768元。(NTD:USD=1:32.31)\r\n12.本次交易之決定方式、價格決定之參考依據及決策單位:\r\n審計委員會及董事會\r\n13.取得或處分有價證券標的公司每股淨值:\r\n不適用\r\n14.迄目前為止，累積持有本交易證券（含本次交易）之數量、金額、持股\r\n比例及權利受限情形（如質押情形）:\r\n累計投資USD 239,991,000元(含本次投資)，折合約新台幣7,754,109,210元，\n持股99.99625%\r\n15.迄目前為止，依「公開發行公司取得或處分資產處理準則」第三條所列\r\n之有價證券投資（含本次交易）占公司最近期財務報表中總資產及歸屬\r\n於母公司業主之權益之比例暨最近期財務報表中營運資金數額（註二）:\r\n有價證券投資占本公司總資產:80.87%\n有價證券投資占本公司業主權益:120.73%\n營資金數額:-1,729,260,176元\r\n16.經紀人及經紀費用:\r\n不適用。\r\n17.取得或處分之具體目的或用途:\r\n作為充實營運資金需求之需要。\r\n18.本次交易表示異議董事之意見:\r\n無。\r\n19.本次交易為關係人交易:是\r\n20.監察人承認或審計委員會同意日期:\r\n民國115年08月12日\r\n21.本次交易會計師出具非合理性意見:不適用\r\n22.會計師事務所名稱:\r\n不適用。\r\n23.會計師姓名:\r\n不適用。\r\n24.會計師開業證書字號:\r\n不適用。\r\n25.是否涉及營運模式變更:否\r\n26.營運模式變更說明:\r\n不適用。\r\n27.過去一年及預計未來一年內與交易相對人交易情形:\r\n自有資金增資印尼PT. Maxxis International Indonesia，\n總金額USD 39,998,500元，折合約新台幣1,292,351,535元。(NTD:USD=1:32.31)\r\n28.資金來源:\r\n自有資金\r\n29.前已就同一件事件發布重大訊息日期: 不適用\r\n30.其他敘明事項:\r\n無。""]], ""footer"": [""以上資料均由各公司依發言當時所屬市場別之規定申報後，由本系統對外公佈，資料如有虛偽不實，均由該公司負責。""], ""header"": {""note"": [], ""subTitle"": [], ""mainTitle"": [""公司當日重大訊息之詳細內容""]}, ""titles"": [{""sub"": [], ""main"": ""序號""}, {""sub"": [], ""main"": ""發言日期""}, {""sub"": [], ""main"": ""發言時間""}, {""sub"": [], ""main"": ""發言人""}, {""sub"": [], ""main"": ""發言人職稱""}, {""sub"": [], ""main"": ""發言人電話""}, {""sub"": [], ""main"": ""主旨""}, {""sub"": [], ""main"": ""符合條款""}, {""sub"": [], ""main"": ""事實發生日""}, {""sub"": [], ""main"": ""說明""}], ""companyAbbreviation"": ""正新""}, ""datetime"": ""115/08/12 22:58:41""}",2026-08-12 22:58:15
1150811|sii|9958|2,115/08/12,16:09:45,9958,世紀鋼,公告本公司辦理發行國內第九次無擔保轉換公司債，向金管會申請延長募集期間三個月,公司債,1150811,sii,2,"{""code"": 200, ""message"": ""查詢成功"", ""result"": {""marketName"": ""上市公司"", ""companyId"": ""9958"", ""data"": [[2, ""115/08/12"", ""16:09:45"", ""瞿生元"", ""財務主管"", ""03-4730201"", ""公告本公司辦理發行國內第九次無擔保轉換公司債，\r\n向金管會申請延長募集期間三個月"", ""51"", ""115/08/12"", ""1.事實發生日:115/08/12\n2.公司名稱:世紀鋼鐵結構股份有限公司\n3.與公司關係(請輸入本公司或子公司):本公司\n4.相互持股比例:不適用\n5.發生緣由:\n　(1)本公司發行國內第九次無擔保轉換公司債，每張面額新台幣100,000元，\n　　 發行總面額新臺幣1,500,000,000元乙案，業經金融監督管理委員會\n　　 115年6月15日金管證發字第11503456751號函申報生效在案。\n　(2)本公司考量國內資本市場變動及尋求較佳的發行時點，並考量整體公司\n　　 利益及股東權益，為利本次無擔保轉換公司債案資金募集得以順利完成，\n　　 故擬向金融監督管理委員會申請延長發行國內第九次無擔保轉換公司債\n　　 募集期間三個月。\n6.因應措施:無。\n7.其他應敘明事項(若事件發生或決議之主體係屬公開發行以上公司，本則重大訊息同時\n  符合證券交易法施行細則第7條第9款所定對股東權益或證券價格有重大影響之事項):無。""]], ""footer"": [""以上資料均由各公司依發言當時所屬市場別之規定申報後，由本系統對外公佈，資料如有虛偽不實，均由該公司負責。""], ""header"": {""note"": [], ""subTitle"": [], ""mainTitle"": [""公司當日重大訊息之詳細內容""]}, ""titles"": [{""sub"": [], ""main"": ""序號""}, {""sub"": [], ""main"": ""發言日期""}, {""sub"": [], ""main"": ""發言時間""}, {""sub"": [], ""main"": ""發言人""}, {""sub"": [], ""main"": ""發言人職稱""}, {""sub"": [], ""main"": ""發言人電話""}, {""sub"": [], ""main"": ""主旨""}, {""sub"": [], ""main"": ""符合條款""}, {""sub"": [], ""main"": ""事實發生日""}, {""sub"": [], ""main"": ""說明""}], ""companyAbbreviation"": ""世紀鋼""}, ""datetime"": ""115/08/12 22:58:42""}",2026-08-12 22:58:15
1150806|sii|3033|1,115/08/12,16:13:03,3033,威健,代重要子公司威健實業國際有限公司公告辦理現金增資,現金增資,1150806,sii,1,"{""code"": 200, ""message"": ""查詢成功"", ""result"": {""marketName"": ""上市公司"", ""companyId"": ""3033"", ""data"": [[1, ""115/08/12"", ""16:13:03"", ""周甘淋"", ""財務長"", ""26590202"", ""代重要子公司威健實業國際有限公司公告辦理現金增資"", ""11"", ""115/08/12"", ""1.董事會決議日期:115/08/12\n2.增資資金來源:全由母公司威健實業股份有限公司投資認購\n3.是否採總括申報發行新股(是，請併敘明預定發行期間/否):否\n4.全案發行總金額及股數(如屬盈餘或公積轉增資，發行股數則不含配發給員工部分):\n港幣39,200萬元及39,200萬股\n5.採總括申報發行新股案件，本次發行金額及股數:不適用\n6.採總括申報發行新股案件，本次發行後，剩餘之金額及股數餘額:不適用\n7.每股面額:港幣1元\n8.發行價格:港幣1元(按面額發行)\n9.員工認購股數或配發金額:不適用\n10.公開銷售股數:不適用\n11.原股東認購或無償配發比例:不適用\n12.畸零股及逾期未認購股份之處理方式:不適用\n13.本次發行新股之權利義務:與原已發行普通股股份相同\n14.本次增資資金用途:為充實營運資金及改善財務結構\n15.現金減資後再行募資之合理性及必要性\n(募資當年度及前一年度有辦理現金減資者適用):不適用\n16.其他應敘明事項:本公司參與子公司現金增資之投資作業，依本公司取得或處份\n資產處理程序、經濟部投資審議司及子公司香港註冊地之相關法令規定辦理。""]], ""footer"": [""以上資料均由各公司依發言當時所屬市場別之規定申報後，由本系統對外公佈，資料如有虛偽不實，均由該公司負責。""], ""header"": {""note"": [], ""subTitle"": [], ""mainTitle"": [""公司當日重大訊息之詳細內容""]}, ""titles"": [{""sub"": [], ""main"": ""序號""}, {""sub"": [], ""main"": ""發言日期""}, {""sub"": [], ""main"": ""發言時間""}, {""sub"": [], ""main"": ""發言人""}, {""sub"": [], ""main"": ""發言人職稱""}, {""sub"": [], ""main"": ""發言人電話""}, {""sub"": [], ""main"": ""主旨""}, {""sub"": [], ""main"": ""符合條款""}, {""sub"": [], ""main"": ""事實發生日""}, {""sub"": [], ""main"": ""說明""}], ""companyAbbreviation"": ""威健""}, ""datetime"": ""115/08/12 22:58:42""}",2026-08-12 22:58:15
1150812|sii|3033|2,115/08/12,16:13:35,3033,威健,公告本公司董事會決議參與認購重要子公司威健實業國際有限公司現金增資案,現金增資,1150812,sii,2,"{""code"": 200, ""message"": ""查詢成功"", ""result"": {""marketName"": ""上市公司"", ""companyId"": ""3033"", ""data"": [[2, ""115/08/12"", ""16:13:35"", ""周甘淋"", ""財務長"", ""26590202"", ""公告本公司董事會決議參與認購重要子公司威健實業國際有限公司現金增資案"", ""20"", ""115/08/12"", ""1.標的物之名稱及性質（屬特別股者，並應標明特別股約定發行條件，如股息率等）:\r\n本公司之重要子公司的普通股\r\n2.事實發生日:115/8/12~115/8/12\r\n3.董事會通過日期: 民國115年8月12日\r\n4.其他核決日期: 不適用\r\n5.交易數量、每單位價格及交易總金額:\r\n交易單位數量:392,000,000股\n每單位價格:港幣1元(面額發行)\n交易總金額:港幣392,000,000元(約當美金伍仟萬元)\r\n6.交易相對人及其與公司之關係（交易相對人如屬自然人，且非公司之\r\n關係人者，得免揭露其姓名）:\r\n交易相對人:威健實業國際有限公司\n(Weikeng International Co., Ltd.)\n與公司之關係:本公司100%持股之子公司\r\n7.交易相對人為關係人者，並應公告選定關係人為交易對象之原因及前次移\r\n轉之所有人、前次移轉之所有人與公司及交易相對人間相互之關係、前次\r\n移轉日期及移轉金額:\r\n不適用\r\n8.交易標的最近五年內所有權人曾為公司之關係人者，尚應公告關係人之取\r\n得及處分日期、價格及交易當時與公司之關係:\r\n不適用\r\n9.本次係處分債權之相關事項（含處分之債權附隨擔保品種類、處分債權\r\n如有屬對關係人債權者尚需公告關係人名稱及本次處分該關係人之債權\r\n帳面金額:\r\n不適用\r\n10.處分利益（或損失）（取得有價證券者不適用）（原遞延者應列表說明\r\n認列情形）:\r\n不適用\r\n11.交付或付款條件（含付款期間及金額）、契約限制條款及其他重要約定\r\n事項:\r\n付款依排定之增資時程執行,無契約限制條款及其他重要約定事項\r\n12.本次交易之決定方式、價格決定之參考依據及決策單位:\r\n本公司董事會決議\r\n13.取得或處分有價證券標的公司每股淨值:\r\n不適用\r\n14.迄目前為止，累積持有本交易證券（含本次交易）之數量、金額、持股\r\n比例及權利受限情形（如質押情形）:\r\n累積持有交易單位數量：944,450,000股\n累積交易總金額：港幣944,450,000元\n除股比例：100%\n權利受限情形:無\r\n15.迄目前為止，依「公開發行公司取得或處分資產處理準則」第三條所列\r\n之有價證券投資（含本次交易）占公司最近期財務報表中總資產及歸屬\r\n於母公司業主之權益之比例暨最近期財務報表中營運資金數額（註二）:\r\n占本公司最近期個體財務報表中總資產之比例為14.48%\n占本公司最近期合併財務報表中歸屬於母公司業主之權益之比例為30.90%\n本公司最近期個體財務報表中營運資金數額:新台幣5,745,574仟元\r\n16.經紀人及經紀費用:\r\n不適用\r\n17.取得或處分之具體目的或用途:\r\n為因應子公司償還銀行借款，及為配合未來營運發展需求、\n強化資本結構及提升長期融資能力\r\n18.本次交易表示異議董事之意見:\r\n無\r\n19.本次交易為關係人交易:是\r\n20.監察人承認或審計委員會同意日期:\r\n民國115年8月12 日\r\n21.本次交易會計師出具非合理性意見:不適用\r\n22.會計師事務所名稱:\r\n不適用\r\n23.會計師姓名:\r\n不適用\r\n24.會計師開業證書字號:\r\n不適用\r\n25.是否涉及營運模式變更:否\r\n26.營運模式變更說明:\r\n\r\n27.過去一年及預計未來一年內與交易相對人交易情形:\r\n不適用\r\n28.資金來源:\r\n不適用\r\n29.前已就同一件事件發布重大訊息日期: 不適用\r\n30.其他敘明事項:\r\n無""]], ""footer"": [""以上資料均由各公司依發言當時所屬市場別之規定申報後，由本系統對外公佈，資料如有虛偽不實，均由該公司負責。""], ""header"": {""note"": [], ""subTitle"": [], ""mainTitle"": [""公司當日重大訊息之詳細內容""]}, ""titles"": [{""sub"": [], ""main"": ""序號""}, {""sub"": [], ""main"": ""發言日期""}, {""sub"": [], ""main"": ""發言時間""}, {""sub"": [], ""main"": ""發言人""}, {""sub"": [], ""main"": ""發言人職稱""}, {""sub"": [], ""main"": ""發言人電話""}, {""sub"": [], ""main"": ""主旨""}, {""sub"": [], ""main"": ""符合條款""}, {""sub"": [], ""main"": ""事實發生日""}, {""sub"": [], ""main"": ""說明""}], ""companyAbbreviation"": ""威健""}, ""datetime"": ""115/08/12 22:58:43""}",2026-08-12 22:58:15
1150812|sii|1504|2,115/08/12,16:19:37,1504,東元,公告本公司庫藏股轉讓員工認股基準日,庫藏股,1150812,sii,2,"{""code"": 200, ""message"": ""查詢成功"", ""result"": {""marketName"": ""上市公司"", ""companyId"": ""1504"", ""data"": [[2, ""115/08/12"", ""16:19:37"", ""簡世雄"", ""處長"", ""2655-3333"", ""公告本公司庫藏股轉讓員工認股基準日"", ""51"", ""115/08/12"", ""1.事實發生日:115/08/12\n2.公司名稱:東元電機股份有限公司\n3.與公司關係(請輸入本公司或子公司):本公司\n4.相互持股比例:NA\n5.發生緣由: 本公司庫藏股轉讓予員工\n6.因應措施:\n (1)本公司第17次(115年第1次)庫藏股，依本公司「買回股份轉讓員工辦法」\n　　之規定辦理，本次預計轉讓總股數為 882,300股\n (2)員工認股基準日訂為 115年9月1日\n7.其他應敘明事項(若事件發生或決議之主體係屬公開發行以上公司，本則重大訊息同時\n  符合證券交易法施行細則第7條第9款所定對股東權益或證券價格有重大影響之事項):\n 無""]], ""footer"": [""以上資料均由各公司依發言當時所屬市場別之規定申報後，由本系統對外公佈，資料如有虛偽不實，均由該公司負責。""], ""header"": {""note"": [], ""subTitle"": [], ""mainTitle"": [""公司當日重大訊息之詳細內容""]}, ""titles"": [{""sub"": [], ""main"": ""序號""}, {""sub"": [], ""main"": ""發言日期""}, {""sub"": [], ""main"": ""發言時間""}, {""sub"": [], ""main"": ""發言人""}, {""sub"": [], ""main"": ""發言人職稱""}, {""sub"": [], ""main"": ""發言人電話""}, {""sub"": [], ""main"": ""主旨""}, {""sub"": [], ""main"": ""符合條款""}, {""sub"": [], ""main"": ""事實發生日""}, {""sub"": [], ""main"": ""說明""}], ""companyAbbreviation"": ""東元""}, ""datetime"": ""115/08/12 22:58:44""}",2026-08-12 22:58:15
1150812|sii|2885|3,115/08/12,16:20:38,2885,元大金,元大金控代子公司元大證券公告取得元大金控115年度第一次無擔保普通公司債,公司債,1150812,sii,3,"{""code"": 200, ""message"": ""查詢成功"", ""result"": {""marketName"": ""上市公司"", ""companyId"": ""2885"", ""data"": [[3, ""115/08/12"", ""16:20:38"", ""黃維誠"", ""總經理"", ""02-27811999"", ""元大金控代子公司元大證券公告取得元大金控115年度第一次無擔保普通公司債"", ""20"", ""115/08/12"", ""1.標的物之名稱及性質（屬特別股者，並應標明特別股約定發行條件，如股息率等）:\r\n元大金融控股股份有限公司115年度第一次無擔保普通公司債\r\n2.事實發生日:115/8/12~115/8/12\r\n3.董事會通過日期: 民國115年6月25日\r\n4.其他核決日期: 不適用\r\n5.交易單位數量、每單位價格及交易總金額:\r\n交易數量：5,900張\t\t\t\t\t\t\t\r\n單位價格：依票面金額均為新臺幣1,000仟元\t\t\t\t\r\n交易總金額：新臺幣59億元整\r\n6.交易相對人及其與公司之關係（交易相對人如屬自然人，且非公司之\r\n關係人者，得免揭露其姓名）:\r\n交易相對人：元大金融控股股份有限公司\r\n與公司關係：利害關係人\r\n7.交易相對人為關係人者，並應公告選定關係人為交易對象之原因及前次移\r\n轉之所有人、前次移轉之所有人與公司及交易相對人間相互之關係、前次\r\n移轉日期及移轉金額:\r\n選定關係人為交易對象之原因：為本公司長期往來客戶\r\n前次轉移資訊：不適用\r\n8.交易標的最近五年內所有權人曾為公司之關係人者，尚應公告關係人之取\r\n得及處分日期、價格及交易當時與公司之關係:\r\n不適用\r\n9.本次係處分債權之相關事項（含處分之債權附隨擔保品種類、處分債權\r\n如有屬對關係人債權者尚需公告關係人名稱及本次處分該關係人之債權\r\n帳面金額:\r\n不適用\r\n10.處分利益（或損失）（取得有價證券者不適用）（遞延者應列表說明\r\n認列情形）:\r\n不適用\r\n11.交付或付款條件（含付款期間及金額）、契約限制條款及其他重要約定\r\n事項:\r\n交付或付款條件：一次付清/現金交割\r\n契約限制條款及其他重要約定事項：無\r\n12.本次交易之決定方式、價格決定之參考依據及決策單位:\r\n本次交易之決定方式：議價               \r\n價格決定之參考依據：依議價結果             \r\n決策單位：依元大證券核決權限核決\r\n13.取得或處分有價證券標的公司每股淨值:\r\n不適用\r\n14.迄目前為止，累積持有本交易證券（含本次交易）之數量、金額、持股\r\n比例及權利受限情形（如質押情形）:\r\n數量：5,900張\r\n金額：新臺幣59億元整\r\n持股比例：不適用\r\n權利受限情形：無\r\n15.迄目前為止，依「公開發行公司取得或處分資產處理準則」第三條所列\r\n之有價證券投資（含本次交易）占公司最近期財務報表中總資產及歸屬\r\n於母公司業主之權益之比例暨最近期財務報表中營運資金數額:\r\n1.佔總資產比例：25.86%             \r\n2.佔股東權益比例：153.64%                   \r\n3.營運資金：新臺幣110,442,192,032元\r\n16.經紀人及經紀費用:\r\n不適用\r\n17.取得或處分之具體目的或用途:\r\n執行一般業務\r\n18.本次交易表示異議董事之意見:\r\n不適用\r\n19.本次交易為關係人交易:是\r\n20.監察人承認或審計委員會同意日期:\r\n民國115年6月16日\r\n21.本次交易會計師出具非合理性意見:不適用\r\n22.會計師事務所名稱:\r\n不適用\r\n23.會計師姓名:\r\n不適用\r\n24.會計師開業證書字號:\r\n不適用\r\n25.是否涉及營運模式變更:否\r\n26.營運模式變更說明:\r\n不適用\r\n27.過去一年及預計未來一年內與交易相對人交易情形:\r\n不適用\r\n28.資金來源:\r\n營運資金\r\n29.前已就同一件事件發布重大訊息日期: 不適用\r\n30.其他敘明事項:\r\n無""]], ""footer"": [""以上資料均由各公司依發言當時所屬市場別之規定申報後，由本系統對外公佈，資料如有虛偽不實，均由該公司負責。""], ""header"": {""note"": [], ""subTitle"": [], ""mainTitle"": [""公司當日重大訊息之詳細內容""]}, ""titles"": [{""sub"": [], ""main"": ""序號""}, {""sub"": [], ""main"": ""發言日期""}, {""sub"": [], ""main"": ""發言時間""}, {""sub"": [], ""main"": ""發言人""}, {""sub"": [], ""main"": ""發言人職稱""}, {""sub"": [], ""main"": ""發言人電話""}, {""sub"": [], ""main"": ""主旨""}, {""sub"": [], ""main"": ""符合條款""}, {""sub"": [], ""main"": ""事實發生日""}, {""sub"": [], ""main"": ""說明""}], ""companyAbbreviation"": ""元大金""}, ""datetime"": ""115/08/12 22:58:44""}",2026-08-12 22:58:15
1150812|sii|1727|4,115/08/12,16:28:58,1727,中華化,公告本公司董事會決議通過發行國內第二次無擔保轉換公司債,公司債,1150812,sii,4,"{""code"": 200, ""message"": ""查詢成功"", ""result"": {""marketName"": ""上市公司"", ""companyId"": ""1727"", ""data"": [[4, ""115/08/12"", ""16:28:58"", ""干凱恩"", ""總經理"", ""03-4761266-12350"", ""公告本公司董事會決議通過發行國內第二次無擔保轉換公司債"", ""11"", ""115/08/12"", ""1.董事會決議日期:115/08/12\n2.名稱﹝XX公司第X次（有、無）擔保公司債﹞:\n臺灣中華化學工業股份有限公司國內第二次無擔保轉換公司債\n3.是否採總括申報發行公司債(是/否):否\n4.發行總額:發行總面額上限為新台幣10億元整，預計發行募集總金額上限為\n新台幣10億元\n5.每張面額:新臺幣壹拾萬元整\n6.發行價格:底標以不低於101%為限，實際發行金額依競價拍賣結果而定\n7.發行期間:5年\n8.發行利率:票面利率為0%\n9.擔保品之種類、名稱、金額及約定事項:不適用\n10.募得價款之用途及運用計畫:償還銀行借款、購置機器設備及充實營運資金\n11.承銷方式:採競價拍賣方式對外公開承銷\n12.公司債受託人:授權董事長決定\n13.承銷或代銷機構:統一綜合證券股份有限公司\n14.發行保證人:不適用\n15.代理還本付息機構:本公司股務代理機構\n16.簽證機構:不適用\n17.能轉換股份者，其轉換辦法:\n相關辦法將依有關法令規定辦理，並報請主管機關核准後，將另行公告\n18.賣回條件:相關辦法將依有關法令規定辦理，並報請主管機關核准後，將另行公告\n19.買回條件:相關辦法將依有關法令規定辦理，並報請主管機關核准後，將另行公告\n20.附有轉換、交換或認股者，其換股基準日:\n相關辦法將依有關法令規定辦理，並報請主管機關核准後，將另行公告\n21.附有轉換、交換或認股者，對股權可能稀釋情形:\n相關辦法將依有關法令規定辦理，並報請主管機關核准後，將另行公告\n22.現金減資後再行募資之合理性及必要性\n(募資當年度及前一年度有辦理現金減資者適用):不適用\n23.其他應敘明事項:本次國內第二次無擔保轉換公司債之重要內容，包含但不限於發行　\n時點、募集金額、發行及轉換條件與發行價格訂定，以及本計畫所需資金總額、資金\n來源、計畫項目、預計資金運用進度、預計可能產生效益及其他相關事宜，如遇有法令\n變更、經主管機關要求或因應主客觀環境之變化而需修正時，擬授權本公司董事長於上\n述預計發行總金額上限內視實際情況全權辦理""]], ""footer"": [""以上資料均由各公司依發言當時所屬市場別之規定申報後，由本系統對外公佈，資料如有虛偽不實，均由該公司負責。""], ""header"": {""note"": [], ""subTitle"": [], ""mainTitle"": [""公司當日重大訊息之詳細內容""]}, ""titles"": [{""sub"": [], ""main"": ""序號""}, {""sub"": [], ""main"": ""發言日期""}, {""sub"": [], ""main"": ""發言時間""}, {""sub"": [], ""main"": ""發言人""}, {""sub"": [], ""main"": ""發言人職稱""}, {""sub"": [], ""main"": ""發言人電話""}, {""sub"": [], ""main"": ""主旨""}, {""sub"": [], ""main"": ""符合條款""}, {""sub"": [], ""main"": ""事實發生日""}, {""sub"": [], ""main"": ""說明""}], ""companyAbbreviation"": ""中華化""}, ""datetime"": ""115/08/12 22:58:45""}",2026-08-12 22:58:15
1150812|sii|1727|5,115/08/12,16:29:17,1727,中華化,公告本公司董事會決議辦理現金增資發行普通股,現金增資,1150812,sii,5,"{""code"": 200, ""message"": ""查詢成功"", ""result"": {""marketName"": ""上市公司"", ""companyId"": ""1727"", ""data"": [[5, ""115/08/12"", ""16:29:17"", ""干凱恩"", ""總經理"", ""03-4761266-12350"", ""公告本公司董事會決議辦理現金增資發行普通股"", ""11"", ""115/08/12"", ""1.董事會決議日期:115/08/12\n2.增資資金來源:現金增資發行普通股\n3.是否採總括申報發行新股(是，請併敘明預定發行期間/否):否\n4.全案發行總金額及股數(如屬盈餘或公積轉增資，發行股數則不含配發給員工部分):\n(1)發行總面額：上限新台幣200,000,000元\n(2)發行股數：發行新股上限20,000,000股\n5.採總括申報發行新股案件，本次發行金額及股數:不適用\n6.採總括申報發行新股案件，本次發行後，剩餘之金額及股數餘額:不適用\n7.每股面額:新台幣10元\n8.發行價格:實際發行價格俟奉主管機關核准後，授權董事長參酌市場行情\n及相關法令規定與證券承銷商議定後確定\n9.員工認購股數或配發金額:依公司法第267條規定保留發行新股總數10%之\n股份由本公司員工承購\n10.公開銷售股數:依證券交易法第28-1條規定提撥發行股數之10%對外公開承銷\n11.原股東認購或無償配發比例:發行新股總數之80%由原股東按認股基準日\n股東名簿記載之持股比例認購\n12.畸零股及逾期未認購股份之處理方式:原股東認購不足一股之畸零股，自停止\n過戶日起5日內由股東自行向本公司股務代理機構辦理拼湊整股認購，其拼湊不\n足一股之畸零股及原股東、員工與對外公開承銷放棄認購或認購不足及逾期未申\n報拼湊之部分，擬授權董事長洽特定人按發行價格認購。\n13.本次發行新股之權利義務:本次增資發行新股採無實體發行，發行後其權利\n義務與原已發行普通股股份相同\n14.本次增資資金用途:償還銀行借款、購置機器設備及充實營運資金\n15.現金減資後再行募資之合理性及必要性\n(募資當年度及前一年度有辦理現金減資者適用):不適用\n16.其他應敘明事項:\n(1)本次現金增資案呈主管機關核准後，授權董事長訂定現金增資認股基準日\n及辦理其他增資發行相關事宜\n(2)如因主管機關審查或市場情勢變動需調整發行條件、價格、期程或其他相\n關事項，授權董事長全權處理""]], ""footer"": [""以上資料均由各公司依發言當時所屬市場別之規定申報後，由本系統對外公佈，資料如有虛偽不實，均由該公司負責。""], ""header"": {""note"": [], ""subTitle"": [], ""mainTitle"": [""公司當日重大訊息之詳細內容""]}, ""titles"": [{""sub"": [], ""main"": ""序號""}, {""sub"": [], ""main"": ""發言日期""}, {""sub"": [], ""main"": ""發言時間""}, {""sub"": [], ""main"": ""發言人""}, {""sub"": [], ""main"": ""發言人職稱""}, {""sub"": [], ""main"": ""發言人電話""}, {""sub"": [], ""main"": ""主旨""}, {""sub"": [], ""main"": ""符合條款""}, {""sub"": [], ""main"": ""事實發生日""}, {""sub"": [], ""main"": ""說明""}], ""companyAbbreviation"": ""中華化""}, ""datetime"": ""115/08/12 22:58:46""}",2026-08-12 22:58:15
1150812|sii|3605|3,115/08/12,16:37:32,3605,宏致,公告本公司國內第三次無擔保轉換公司債(簡稱:宏致三，代碼:36053)於櫃檯買賣市場交易達公布注意交易資訊標準，故公布相關訊息，以利投資人區別瞭解。,公司債,1150812,sii,3,"{""code"": 200, ""message"": ""查詢成功"", ""result"": {""marketName"": ""上市公司"", ""companyId"": ""3605"", ""data"": [[3, ""115/08/12"", ""16:37:32"", ""扶大桂"", ""行政處資深處長"", ""(03)4632808"", ""公告本公司國內第三次無擔保轉換公司債(簡稱:宏致三，\r\n代碼:36053)於櫃檯買賣市場交易達公布注意交易資訊標準，\r\n故公布相關訊息，以利投資人區別瞭解。"", ""51"", ""115/08/12"", ""1.事實發生日:115/08/12\n2.發生緣由:依據證券櫃檯買賣中心通知辦理重大訊息。\n3.公司債相關資訊:\n  (1)到期日期: 116/08/06\n  (2)實際發行總額: 1,000,000,000元\n  (3)本月發行餘額: 89,800,000元(截至115/8/12未轉換金額)\n  (4)最新轉(交)換價格:49.7元\n  (5)轉換標的收市價格(3605):120元(115/8/12收盤價)\n  (6)轉債收市價格(36053):245元(115/8/12收盤價)\n4.其他應敘明事項:無""]], ""footer"": [""以上資料均由各公司依發言當時所屬市場別之規定申報後，由本系統對外公佈，資料如有虛偽不實，均由該公司負責。""], ""header"": {""note"": [], ""subTitle"": [], ""mainTitle"": [""公司當日重大訊息之詳細內容""]}, ""titles"": [{""sub"": [], ""main"": ""序號""}, {""sub"": [], ""main"": ""發言日期""}, {""sub"": [], ""main"": ""發言時間""}, {""sub"": [], ""main"": ""發言人""}, {""sub"": [], ""main"": ""發言人職稱""}, {""sub"": [], ""main"": ""發言人電話""}, {""sub"": [], ""main"": ""主旨""}, {""sub"": [], ""main"": ""符合條款""}, {""sub"": [], ""main"": ""事實發生日""}, {""sub"": [], ""main"": ""說明""}], ""companyAbbreviation"": ""宏致""}, ""datetime"": ""115/08/12 22:58:47""}",2026-08-12 22:58:15
1150812|sii|2025|4,115/08/12,16:39:40,2025,千興,公告本公司董事會決議辦理現金增資發行普通股案,現金增資,1150812,sii,4,"{""code"": 200, ""message"": ""查詢成功"", ""result"": {""marketName"": ""上市公司"", ""companyId"": ""2025"", ""data"": [[4, ""115/08/12"", ""16:39:40"", ""魏福全"", ""董事長"", ""(06)5703271"", ""公告本公司董事會決議辦理現金增資發行普通股案"", ""11"", ""115/08/12"", ""1.董事會決議日期:115/08/12\n2.增資資金來源:現金增資發行普通股\n3.是否採總括申報發行新股(是，請併敘明預定發行期間/否):否\n4.全案發行總金額及股數(如屬盈餘或公積轉增資，發行股數則不含配發給員工部分):\n總金額:預計募集資金新台幣400,000千元\n股數:發行普通股40,000千股\n5.採總括申報發行新股案件，本次發行金額及股數:不適用\n6.採總括申報發行新股案件，本次發行後，剩餘之金額及股數餘額:不適用\n7.每股面額:新台幣10元\n8.發行價格:暫定發行價格為每股新臺幣10.00元，為爭取時效，擬於主管機關奉准\n發行後，提請董事會授權董事長於每股新臺幣7～15元間，洽主辦承銷商依「自律\n規則」第六條第一項規定，並視當時市場狀況共同議定之。\n9.員工認購股數或配發金額:依公司法第267條規定保留發行新股總額15%由員工認購。\n10.公開銷售股數:依證券交易法第28之1條規定，提撥發行新股總額10%辦理公開申購。\n11.原股東認購或無償配發比例:餘75%由原股東按認股基準日之股東名簿所載持股比\n例認購，員工及股東認購比例，擬授權董事長全權處理。\n12.畸零股及逾期未認購股份之處理方式:原股東認購不足一股之畸零股，自停止過戶\n日起五日內由股東自行併湊，原股東及員工放棄認購之股份或併湊不足一股之畸零\n股，擬授權董事長洽特定人認購之。\n13.本次發行新股之權利義務:與原已發行股份相同。\n14.本次增資資金用途:償還銀行借款。\n15.現金減資後再行募資之合理性及必要性\n(募資當年度及前一年度有辦理現金減資者適用):不適用\n16.其他應敘明事項:\n(1)實際發行價格及募集金額俟奉主管機關核准後，由董事會授權董事長依相關法令\n規定，洽主辦承銷商依當時市場狀況共同議定之。募集金額高(或低)於暫定發行價格\n致募集資金增加(或減少)，其超過(或不足)部分將相對增加償還銀行借款或充實營運\n資金(或減少償還銀行借款)。\n(2)本次辦理現金增資計劃所訂之計劃項目、募集金額、預定資金運用進度及預計可能\n產生之效益暨其他相關事宜，如經主管機關修正，或為因應客觀環境而須變更時，擬\n由董事會授權董事長辦理。\n(3)本案經呈報主管機關申報生效，有關股票承銷作業，如停止過戶日、認股增資基準\n日、認購價格及其他未盡事宜，董事會授權董事長視實際情況依相關法令辦理，並代\n表本公司簽署一切有關發行之相關契約、文件，並代表本公司辦理相關發行事宜。""]], ""footer"": [""以上資料均由各公司依發言當時所屬市場別之規定申報後，由本系統對外公佈，資料如有虛偽不實，均由該公司負責。""], ""header"": {""note"": [], ""subTitle"": [], ""mainTitle"": [""公司當日重大訊息之詳細內容""]}, ""titles"": [{""sub"": [], ""main"": ""序號""}, {""sub"": [], ""main"": ""發言日期""}, {""sub"": [], ""main"": ""發言時間""}, {""sub"": [], ""main"": ""發言人""}, {""sub"": [], ""main"": ""發言人職稱""}, {""sub"": [], ""main"": ""發言人電話""}, {""sub"": [], ""main"": ""主旨""}, {""sub"": [], ""main"": ""符合條款""}, {""sub"": [], ""main"": ""事實發生日""}, {""sub"": [], ""main"": ""說明""}], ""companyAbbreviation"": ""千興""}, ""datetime"": ""115/08/12 22:58:47""}",2026-08-12 22:58:15
1150811|sii|6589|7,115/08/12,16:40:39,6589,台康生技,本公司董事會決議辦理註銷庫藏股並訂定減資基準日,庫藏股,1150811,sii,7,"{""code"": 200, ""message"": ""查詢成功"", ""result"": {""marketName"": ""上市公司"", ""companyId"": ""6589"", ""data"": [[7, ""115/08/12"", ""16:40:39"", ""劉理成"", ""董事長兼總經理"", ""(02)7708-0123"", ""本公司董事會決議辦理註銷庫藏股並訂定減資基準日"", ""11"", ""115/08/12"", ""1.董事會決議日期: 115/08/12\n2.減資緣由:\n  依據證券交易法第二十八條之二規定，辦理註銷本公司115年買回之庫藏股。\n3.減資金額:50,000,000元\n4.消除股份:5,000,000股\n5.減資比率:1.63%\n6.減資後股本:302,068,169股\n7.預定股東會日期: 不適用。\n8.預計減資新股上市後之上市普通股股數:247,068,169股\n9.預計減資新股上市後之上市普通股股數占已發行普通股比率\n（減資後上市普通股股數/減資後已發行普通股股數）:81.79%\n10.前二項預計減資後上巿普通股股數未達6000萬股且未達25%者，\n請說明股權流通性偏低之因應措施: 不適用。\n11.減資基準日: 115/08/13\n12.其他應敘明事項: 無。""]], ""footer"": [""以上資料均由各公司依發言當時所屬市場別之規定申報後，由本系統對外公佈，資料如有虛偽不實，均由該公司負責。""], ""header"": {""note"": [], ""subTitle"": [], ""mainTitle"": [""公司當日重大訊息之詳細內容""]}, ""titles"": [{""sub"": [], ""main"": ""序號""}, {""sub"": [], ""main"": ""發言日期""}, {""sub"": [], ""main"": ""發言時間""}, {""sub"": [], ""main"": ""發言人""}, {""sub"": [], ""main"": ""發言人職稱""}, {""sub"": [], ""main"": ""發言人電話""}, {""sub"": [], ""main"": ""主旨""}, {""sub"": [], ""main"": ""符合條款""}, {""sub"": [], ""main"": ""事實發生日""}, {""sub"": [], ""main"": ""說明""}], ""companyAbbreviation"": ""台康生技""}, ""datetime"": ""115/08/12 22:58:48""}",2026-08-12 22:58:15
1150812|sii|6438|4,115/08/12,16:50:23,6438,迅得,本公司董事會決議發行國內第三次無擔保轉換公司債,公司債,1150812,sii,4,"{""code"": 200, ""message"": ""查詢成功"", ""result"": {""marketName"": ""上市公司"", ""companyId"": ""6438"", ""data"": [[4, ""115/08/12"", ""16:50:23"", ""黃發保"", ""營運長"", ""03-4356870#508"", ""本公司董事會決議發行國內第三次無擔保轉換公司債"", ""11"", ""115/08/12"", ""1.董事會決議日期:115/08/12\n2.名稱﹝XX公司第X次（有、無）擔保公司債﹞:\n迅得機械股份有限公司國內第三次無擔保轉換公司債\n3.是否採總括申報發行公司債(是/否):否\n4.發行總額:發行總面額新台幣500,000,000元為上限\n5.每張面額:新台幣100,000元\n6.發行價格:依票面金額之100%~101%發行\n7.發行期間:三年\n8.發行利率:票面利率0%\n9.擔保品之種類、名稱、金額及約定事項:不適用\n10.募得價款之用途及運用計畫:償還銀行借款及充實營運資金\n11.承銷方式:詢價圈購方式對外公開承銷\n12.公司債受託人:授權董事長決定\n13.承銷或代銷機構:授權董事長決定\n14.發行保證人:不適用\n15.代理還本付息機構:授權董事長決定\n16.簽證機構:採無實體發行，故不適用\n17.能轉換股份者，其轉換辦法:\n相關辦法將依法令規定辦理，並報奉主管機關核准後另行公告。\n18.賣回條件:相關辦法將依法令規定辦理，並報奉主管機關核准後另行公告。\n19.買回條件:相關辦法將依法令規定辦理，並報奉主管機關核准後另行公告。\n20.附有轉換、交換或認股者，其換股基準日:\n相關辦法將依法令規定辦理，並報奉主管機關核准後另行公告。\n21.附有轉換、交換或認股者，對股權可能稀釋情形:\n相關辦法將依法令規定辦理，並報奉主管機關核准後另行公告。\n22.現金減資後再行募資之合理性及必要性\n(募資當年度及前一年度有辦理現金減資者適用):不適用\n23.其他應敘明事項:\n(1)本公司債俟呈主管機關申報生效後，擬授權董事長依相關法令規定以及發行　\n及轉換辦法，訂定發行日期、轉換價格及相關事宜等。\n(2)本次發行國內第三次無擔保轉換公司債之重要內容，包含資金來源、\n發行時程、發行額度、發行價格、發行及轉換辦法、計畫項目、\n資金運用進度及預計可能產生效益及其他相關事宜，如遇有法令變更、\n經主管機關修正或因應主客觀環境需修訂或修正時，授權董事長全權處理之。\n(3)為配合本次發行國內第三次無擔保轉換公司債籌資計畫之發行作業，\n擬授權董事長代表本公司簽署一切有關發行之相關契約、文件，\n並代表本公司辦理相關發行事宜。\n(4)本次發行如有未盡事宜，擬授權董事長全權處理之。""]], ""footer"": [""以上資料均由各公司依發言當時所屬市場別之規定申報後，由本系統對外公佈，資料如有虛偽不實，均由該公司負責。""], ""header"": {""note"": [], ""subTitle"": [], ""mainTitle"": [""公司當日重大訊息之詳細內容""]}, ""titles"": [{""sub"": [], ""main"": ""序號""}, {""sub"": [], ""main"": ""發言日期""}, {""sub"": [], ""main"": ""發言時間""}, {""sub"": [], ""main"": ""發言人""}, {""sub"": [], ""main"": ""發言人職稱""}, {""sub"": [], ""main"": ""發言人電話""}, {""sub"": [], ""main"": ""主旨""}, {""sub"": [], ""main"": ""符合條款""}, {""sub"": [], ""main"": ""事實發生日""}, {""sub"": [], ""main"": ""說明""}], ""companyAbbreviation"": ""迅得""}, ""datetime"": ""115/08/12 22:58:49""}",2026-08-12 22:58:15
1150810|sii|3533|3,115/08/12,16:57:49,3533,嘉澤,公告本公司董事會決議辦理現金增資發行新股,現金增資,1150810,sii,3,"{""code"": 200, ""message"": ""查詢成功"", ""result"": {""marketName"": ""上市公司"", ""companyId"": ""3533"", ""data"": [[3, ""115/08/12"", ""16:57:49"", ""蔡明叡"", ""業務資深副總經理"", ""02 24331110"", ""公告本公司董事會決議辦理現金增資發行新股"", ""11"", ""115/08/12"", ""1.董事會決議日期:115/08/12\n2.增資資金來源:發行新股\n3.是否採總括申報發行新股(是，請併敘明預定發行期間/否):否\n4.全案發行總金額及股數(如屬盈餘或公積轉增資，發行股數則不含配發給員工部分):\n發行總金額依每股實際發行價格而定；發行股數上限1,300,000股。\n5.採總括申報發行新股案件，本次發行金額及股數:不適用\n6.採總括申報發行新股案件，本次發行後，剩餘之金額及股數餘額:不適用\n7.每股面額:10元\n8.發行價格:每股面額新台幣十元，每股發行價格依「中華民國證券商業同業公會承\n銷商會員輔導發行公司募集與發行有價證券自律規則」(下稱「承銷商自律規則」)\n第六條規定（金管會申報案件及除權交易日前五個營業日，皆不得低於其前一、\n三、五個營業日擇一計算之普通股收盤價簡單算術平均數扣除無償配股除權（或減\n資除權） 及除息後平均股價之七成。），暫定發行價格於每股新台幣1,200元至\n2,000元之價格區間內。\n實際發行價格授權董事長參酌市場狀況並依承銷商自律規則第六條及相關法令規\n定，與主辦承銷商共同議定之，實際募集總額依發行股數及每股實際發行價格而\n定。\n9.員工認購股數或配發金額:依公司法第267條之規定，保留10%~15%\n予本公司員工承購。\n10.公開銷售股數:依證券交易法第28條之1規定，提撥本次發行股數之10%，\n採公開申購方式公開銷售。\n11.原股東認購或無償配發比例:依發行新股之75%~80%，由原股東按認股基準日\n股東名簿記載之持股比率認購。\n12.畸零股及逾期未認購股份之處理方式:原股東認購不足一股之畸零股得由股東\n自停止過戶日起五日內，逕向本公司股務代理機構辦理拼湊，其拼湊不足一股之\n畸零股及原股東及員工放棄認購或認購不足及逾期未申報拼湊之部分，擬授權董\n事長洽特定人按發行價格認購之。對外公開承銷認購不足部分，擬依「中華民國\n證券商業同業公會證券商承銷或再行銷售有價證券處理辦法」規定辦理之。\n13.本次發行新股之權利義務:本次現金增資發行新股其權利義務與原有股份\n相同。\n14.本次增資資金用途:充實營運資金。\n15.現金減資後再行募資之合理性及必要性\n(募資當年度及前一年度有辦理現金減資者適用):不適用\n16.其他應敘明事項:\n(1).本次現金增資發行新股均採無實體發行，並將於臺灣證券交易所辦理掛牌交\n易，發行之新股其權利義務與原股份相同。\n(2).本次現金增資計畫所訂之發行金額、發行股數、募集金額、資金運用狀況暨\n其他相關事宜如因主管機關核定修正，或因法令規定及因客觀環境之營運評估變\n更時，授權董事長依法辦理。\n(3).本案經呈報主管機關申報生效後，有關認股基準日、增資基準日及其他未盡\n事項，授權董事長視實際情況依相關法令辦理。\n(4).本次現金增資之實際發行價格，若因市場情形之變動，將依「承銷商會員輔\n導發行公司募集與發行有價證券自律規則」第六條第一項規定予以調整，若致募\n集資不足時，將減少充實營運資金金額；惟若致募集資金增加時，增加資金將持\n續用於充實營運資金。\n(5).為掌握訂定發行條件及實際發行作業之時效，現金增資發行新股所訂發行股\n數、發行價格、發行條件、募集金額、資金計畫用途及其進度、預計可能產生效\n益、股款繳納期間訂定、本案件展延及撤銷等其他有關事項，如因法令規定或主\n管機關核定及基於營運評估或因客觀環境須予以修正調整時，擬請董事會授權董\n事長全權處理。\n(6).為配合前揭現金增資發行新股籌資計畫之相關發行作業，擬授權董事長核可\n並代表本公司簽署一切有關辦理現金增資發行新股之契約及文件，並代表本公司\n辦理相關發行事宜。""]], ""footer"": [""以上資料均由各公司依發言當時所屬市場別之規定申報後，由本系統對外公佈，資料如有虛偽不實，均由該公司負責。""], ""header"": {""note"": [], ""subTitle"": [], ""mainTitle"": [""公司當日重大訊息之詳細內容""]}, ""titles"": [{""sub"": [], ""main"": ""序號""}, {""sub"": [], ""main"": ""發言日期""}, {""sub"": [], ""main"": ""發言時間""}, {""sub"": [], ""main"": ""發言人""}, {""sub"": [], ""main"": ""發言人職稱""}, {""sub"": [], ""main"": ""發言人電話""}, {""sub"": [], ""main"": ""主旨""}, {""sub"": [], ""main"": ""符合條款""}, {""sub"": [], ""main"": ""事實發生日""}, {""sub"": [], ""main"": ""說明""}], ""companyAbbreviation"": ""嘉澤""}, ""datetime"": ""115/08/12 22:58:49""}",2026-08-12 22:58:15
1150810|sii|3533|2,115/08/12,16:58:37,3533,嘉澤,公告本公司董事會決議發行國內第三次無擔保轉換公司債,公司債,1150810,sii,2,"{""code"": 200, ""message"": ""查詢成功"", ""result"": {""marketName"": ""上市公司"", ""companyId"": ""3533"", ""data"": [[2, ""115/08/12"", ""16:58:37"", ""蔡明叡"", ""業務資深副總經理"", ""02 24331110"", ""公告本公司董事會決議發行國內第三次無擔保轉換公司債"", ""11"", ""115/08/12"", ""1.董事會決議日期:115/08/12\n2.名稱﹝XX公司第X次（有、無）擔保公司債﹞:\n 嘉澤端子工業股份有限公司國內第三次無擔保轉換公司債\n3.是否採總括申報發行公司債(是/否):否\n4.發行總額:發行總面額上限為新台幣30億元整\n5.每張面額:新台幣10萬元\n6.發行價格:採競價拍賣方式辦理公開承銷，底標以不低於面額之102%為限，\n實際總發行金額依競價拍賣結果而定，本案若實際募集金額高於預計金額，\n增加資金將用於充實營運資金，若致募集資金不足時，其差額將以銀行借款\n或其他方式支應。\n7.發行期間:3年\n8.發行利率:票面利率0%\n9.擔保品之種類、名稱、金額及約定事項:不適用。\n10.募得價款之用途及運用計畫:充實營運資金\n11.承銷方式:採競價拍賣方式辦理公開銷售。\n12.公司債受託人:未定\n13.承銷或代銷機構:華南永昌綜合證券股份有限公司\n14.發行保證人:不適用\n15.代理還本付息機構:本公司股務代理機構\n16.簽證機構:不適用(無實體發行)\n17.能轉換股份者，其轉換辦法:相關辦法將依有關法令規定辦理，並報奉相關\n主管機關核准後另行公告。\n18.賣回條件:相關辦法將依有關法令規定辦理，並報奉相關主管機關核准後另行公告。\n19.買回條件:相關辦法將依有關法令規定辦理，並報奉相關主管機關核准後另行公告。\n20.附有轉換、交換或認股者，其換股基準日:相關辦法將依有關法令規定辦理，\n並報奉相關主管機關核准後另行公告。\n21.附有轉換、交換或認股者，對股權可能稀釋情形:相關辦法將依有關法令規定辦理，\n並報奉相關主管機關核准後另行公告。\n22.現金減資後再行募資之合理性及必要性\n(募資當年度及前一年度有辦理現金減資者適用):不適用\n23.其他應敘明事項:\n(1).因資本市場籌資環境變化快速，為掌握訂定發行條件及實際發行作業之時效，本次\n 國內無擔保轉換公司債籌資計畫有關之發行金額、發行條件、發行及轉換辦法之訂\n 定，以及計畫所需資金總額、資金來源、計畫項目、資金運用進度、預計可能產生\n 效益、本案件展延及撤銷等其他有關事項，如經主管機關指示，相關法令規則修正\n ，或因應客觀環境需修訂或修正時，擬授權董事長全權處理之。\n(2).為配合前揭國內無擔保轉換公司債籌資計畫之發行作業，擬授權本公司董事長核可\n 並代表本公司簽署一切有關發行國內無擔保轉換公司債之契約文件，並代表本公司\n 辦理相關發行事宜。\n(3).本次募集與發行國內第三次無擔保轉換公司債於獲主管機關核准發行後，將向財團\n 法人中華民國證券櫃檯買賣中心申請為櫃檯買賣。""]], ""footer"": [""以上資料均由各公司依發言當時所屬市場別之規定申報後，由本系統對外公佈，資料如有虛偽不實，均由該公司負責。""], ""header"": {""note"": [], ""subTitle"": [], ""mainTitle"": [""公司當日重大訊息之詳細內容""]}, ""titles"": [{""sub"": [], ""main"": ""序號""}, {""sub"": [], ""main"": ""發言日期""}, {""sub"": [], ""main"": ""發言時間""}, {""sub"": [], ""main"": ""發言人""}, {""sub"": [], ""main"": ""發言人職稱""}, {""sub"": [], ""main"": ""發言人電話""}, {""sub"": [], ""main"": ""主旨""}, {""sub"": [], ""main"": ""符合條款""}, {""sub"": [], ""main"": ""事實發生日""}, {""sub"": [], ""main"": ""說明""}], ""companyAbbreviation"": ""嘉澤""}, ""datetime"": ""115/08/12 22:58:50""}",2026-08-12 22:58:15
1150812|sii|2903|1,115/08/12,17:03:07,2903,遠百,公告本公司董事會決議通過現金增資亞東百貨(股)公司案,現金增資,1150812,sii,1,"{""code"": 200, ""message"": ""查詢成功"", ""result"": {""marketName"": ""上市公司"", ""companyId"": ""2903"", ""data"": [[1, ""115/08/12"", ""17:03:07"", ""劉儀婷"", ""副總經理"", ""(02)7727-8168"", ""公告本公司董事會決議通過現金增資亞東百貨(股)公司案"", ""20"", ""115/08/12"", ""1.標的物之名稱及性質（屬特別股者，並應標明特別股約定發行條件，如股息率等）:\r\n亞東百貨(股)公司普通股\r\n2.事實發生日:115/8/12~115/8/12\r\n3.董事會通過日期: 民國115年8月12日\r\n4.其他核決日期: 不適用\r\n5.交易數量、每單位價格及交易總金額:\r\n單位數量：60,000,000股\n每單位價格：每股新台幣10元\n交易總金額：新台幣600,000,000元\r\n6.交易相對人及其與公司之關係（交易相對人如屬自然人，且非公司之\r\n關係人者，得免揭露其姓名）:\r\n交易相對人：亞東百貨(股)公司；\n與公司之關係：子公司\r\n7.交易相對人為關係人者，並應公告選定關係人為交易對象之原因及前次移\r\n轉之所有人、前次移轉之所有人與公司及交易相對人間相互之關係、前次\r\n移轉日期及移轉金額:\r\n改善財務結構並支應營運資金所需；\n前次移轉之所有人、移轉日期及移轉金額：不適用\r\n8.交易標的最近五年內所有權人曾為公司之關係人者，尚應公告關係人之取\r\n得及處分日期、價格及交易當時與公司之關係:\r\n不適用\r\n9.本次係處分債權之相關事項（含處分之債權附隨擔保品種類、處分債權\r\n如有屬對關係人債權者尚需公告關係人名稱及本次處分該關係人之債權\r\n帳面金額:\r\n不適用\r\n10.處分利益（或損失）（取得有價證券者不適用）（原遞延者應列表說明\r\n認列情形）:\r\n不適用\r\n11.交付或付款條件（含付款期間及金額）、契約限制條款及其他重要約定\r\n事項:\r\n交付或付款條件：交易當日以匯款付清；\n契約限制條款及其他重要約定事項：無\r\n12.本次交易之決定方式、價格決定之參考依據及決策單位:\r\n本次交易之決定方式：現金增資認股；\n價格決定之參考依據：按現金增資認股金額認購；\n決策單位：本公司董事會\r\n13.取得或處分有價證券標的公司每股淨值:\r\n2.73元\r\n14.迄目前為止，累積持有本交易證券（含本次交易）之數量、金額、持股\r\n比例及權利受限情形（如質押情形）:\r\n累積持有金額：新台幣2,019,292,000元\n持股比率：100%；\n權利受限情形：不適用\r\n15.迄目前為止，依「公開發行公司取得或處分資產處理準則」第三條所列\r\n之有價證券投資（含本次交易）占公司最近期財務報表中總資產及歸屬\r\n於母公司業主之權益之比例暨最近期財務報表中營運資金數額（註二）:\r\n占總資產比例：36.76%；\n占股東權益比例：93.93%\n營運資金數額：新台幣 -16,591,190,000元\r\n16.經紀人及經紀費用:\r\n無\r\n17.取得或處分之具體目的或用途:\r\n改善亞東百貨(股)公司財務結構並支應營運資金所需\r\n18.本次交易表示異議董事之意見:\r\n無\r\n19.本次交易為關係人交易:是\r\n20.監察人承認或審計委員會同意日期:\r\n民國115年8月12日\r\n21.本次交易會計師出具非合理性意見:不適用\r\n22.會計師事務所名稱:\r\n不適用\r\n23.會計師姓名:\r\n不適用\r\n24.會計師開業證書字號:\r\n不適用\r\n25.是否涉及營運模式變更:否\r\n26.營運模式變更說明:\r\n不適用\r\n27.過去一年及預計未來一年內與交易相對人交易情形:\r\n僅本次交易\r\n28.資金來源:\r\n自有資金與銀行借款\r\n29.前已就同一件事件發布重大訊息日期: 不適用\r\n30.其他敘明事項:\r\n無""]], ""footer"": [""以上資料均由各公司依發言當時所屬市場別之規定申報後，由本系統對外公佈，資料如有虛偽不實，均由該公司負責。""], ""header"": {""note"": [], ""subTitle"": [], ""mainTitle"": [""公司當日重大訊息之詳細內容""]}, ""titles"": [{""sub"": [], ""main"": ""序號""}, {""sub"": [], ""main"": ""發言日期""}, {""sub"": [], ""main"": ""發言時間""}, {""sub"": [], ""main"": ""發言人""}, {""sub"": [], ""main"": ""發言人職稱""}, {""sub"": [], ""main"": ""發言人電話""}, {""sub"": [], ""main"": ""主旨""}, {""sub"": [], ""main"": ""符合條款""}, {""sub"": [], ""main"": ""事實發生日""}, {""sub"": [], ""main"": ""說明""}], ""companyAbbreviation"": ""遠百""}, ""datetime"": ""115/08/12 22:58:51""}",2026-08-12 22:58:15
1150812|sii|2355|3,115/08/12,17:10:11,2355,敬鵬,公告本公司董事會決議買回庫藏股,庫藏股,1150812,sii,3,"{""code"": 200, ""message"": ""查詢成功"", ""result"": {""marketName"": ""上市公司"", ""companyId"": ""2355"", ""data"": [[3, ""115/08/12"", ""17:10:11"", ""蕭公彥"", ""處長"", ""03-3222226"", ""公告本公司董事會決議買回庫藏股"", ""35"", ""115/08/12"", ""1.董事會決議日期:115/08/12\r\n2.買回股份目的:轉讓股份予員工\r\n3.買回股份種類:普通股\r\n4.買回股份總金額上限(元):13,206,680,868\r\n5.預定買回之期間:115/08/13~115/10/12\r\n6.預定買回之數量(股):1,200,000\r\n7.買回區間價格(元):29.75~53.00，公司股價低於區間價格下限，將繼續買回\r\n8.買回方式:自集中交易市場買回\r\n9.預定買回股份占公司已發行股份總數之比率(%):0.30\r\n10.申報時已持有本公司股份之累積股數(股):150,000\r\n11.申報前五年內買回公司股份之情形:\r\n(1)實際買回股份期間：115/03/13 ~ 115/03/24 、預定買回股數(股)：3000000 、實際已買回股數\r\n(股)：150000 、執行情形(實際已買回股數占預定買回股數%)：5.00\r\n12.已申報買回但未執行完畢之情形:\r\nA.第1次買回庫藏股未執行完畢情形：\t\t\t\t\r\n申請買回股數：15,000,000股\t\t\t\t\r\n實際買回股數：11,602,000股\t\t\t\t\r\n未執行完畢原因：本公司視股價合理性買回本公司股份\t\t\t\t\r\nB.第2次買回庫藏股未執行完畢情形：\r\n申請買回股數：3,750,000股\t\t\t\t\r\n實際買回股數：0股\t\t\t\t\r\n未執行完畢原因：股價大多時間超出預計買回區間價格上限，致無法於核准價格區間內執行買回\t\r\nC.第4次買回庫藏股未執行完畢情形：\t\t\r\n申請買回股數：6,000,000股\t\t\t\t\r\n實際買回股數：3,685,000股\t\t\t\t\r\n未執行完畢原因：本公司斟酌市場狀況、資金運用效益及維護股東權益，買回本公司股份。\t\t\t\t\r\nD第7次買回庫藏股未執行完畢情形：\r\n申請買回股數：3,000,000股\t\t\t\t\r\n實際買回股數：150,000股\t\r\n未執行完畢原因：股價大多時間超出預計買回區間價格上限，致無法於核准價格區間內執行\r\n13.董事會決議買回股份之會議紀錄:\r\n115年8月12日董事會決議買回庫藏股\r\n14.「上市上櫃公司買回本公司股份辦法」第十條規定之轉讓辦法:\r\n敬鵬工業股份有限公司\t\t\t\t\r\n第八次買回股份轉讓員工辦法\t\t\t\t\r\n第一條    本公司為激勵員工及提昇員工向心力，依據證券交易法第二十八條之二第一項第一款及金融\r\n監督管理委員會發布之「上市上櫃公司買回本公司股份辦法」等相關規定，訂定本公司買回股份轉讓員\r\n工辦法。本公司買回股份轉讓予員工，除依有關法令規定外，悉依本辦法規定辦理。\t\t\t\t\r\n第二條        (轉讓股份之種類、權利內容及權利受限情形)\t\t\t\t\r\n本次轉讓予員工之股份為普通股，其權利義務除有關法令及本辦法另有規定者外，與其他流通在外普通\r\n股相同。\t\t\t\t\r\n第三條        (轉讓期間)\t\t\t\t\r\n買回之股份，得依本辦法之規定，自買回股份之日起五年內，一次或分次轉讓予員工。\t\t\t\t\r\n第四條        (受讓人之資格)\t\t\t\t\r\n一、  依據本公司職等及績效考核核定之本公司員工。\t\t\t\t\r\n二、  凡於認股基準日前到職滿六個月且有特殊留才需要經提報董事會同意之本公司員工及子公司員\r\n工。\t\t\t\t\r\n三、  有特殊留才需要經提報董事會同意之子公司員工。\t\t\t\t\r\n四、  所稱「子公司」係指直接及間接持有同一被投資公司有表決權之股份超過百分之五十之公司。\t\t\t\t\r\n以上之受讓人，得依本辦法第五條所訂認購數額，享有認購資格。\t\t\t\t第\r\n五條        (員工得認購股數)\t\t\t\t\r\n員工得認購股數依據本公司員工職等、績效考核與留才需要，由總經理提報轉讓數額並依「上市上櫃公\r\n司買回本公司股份轉讓予公司及其控制或從屬員工公司」提報薪資報酬委員會、審計委員會適用情形執\r\n行相關審核程序後提報董事會核定。員工得認購股數考量標準如下：\t\t\t\t\r\n一、 依據本公司職等及績效考核核定之數額。\t\t\t\t\r\n二、 有特殊留才需要者，由總經理提報轉讓數額。\t\t\t\t\r\n三、 符合資格之員工於認購繳款期間屆滿而未認購繳款者，視為棄權論。\r\n四、 認購不足之餘額，由董事長另洽分配與其他符合資格且有意願認購之員工提報薪資報酬暨提名委員\r\n會或審計委員會後，經董事會核准認購之。\t\t\t第六條        (轉讓之程序)\t\t\t\t\r\n一、 依董事會之決議，公告、申報並於執行期限內買回本公司股份。\t\r\n二、 董事會依本辦法訂定及公布員工認股基準日、得認購股數標準、認購繳款期間、權利內容及限制條\r\n件等作業事項。\t\t\t\t\r\n三、 統計實際認購繳款股數，辦理股票轉讓過戶登記。\t\t\t\t\r\n第七條        (約定之每股轉讓價格)\t\t\t\t\r\n買回股份轉讓予員工，以實際買回之平均價格為轉讓價格，惟在轉讓前，如遇有公司已發行之普通股股\r\n份增加，得按發行股份增加比率調整之。\t\t\r\n第八條        (轉讓後之權利義務)\t\t\t\t\r\n買回股份轉讓予員工並辦理過戶登記後，除另有規定者外，其餘權利義務與原有股份相同。\t\t\t\t\r\n第九條        (其他有關公司與員工權利義務事項)\t\t\t\t\r\n買回股份轉讓予員工，將依公司法第 167-3 條規定，限制員工在兩年內不得轉讓。\t\t\t\t\r\n第十條 本辦法經董事會決議通過後生效，並得報經董事會決議修訂。\r\n15.「上市上櫃公司買回本公司股份辦法」第十一條規定之轉換或認股辦法:\r\n不適用。\r\n16.董事會已考慮公司財務狀況，不影響公司資本維持之聲明:\r\n一、本公司經115年08月12日董事會三分之二以上董事之出席及出席董事超過二分之一之同意通過，自申\r\n報日起二個月內於集中交易市場﹙證券商營業處所﹚買回本公司股份1,200,000股。\t\t\t\t\r\n二、上述買回股份總數，僅占本公司已發行股份之百分之 0.30%，且買回股份所需金額上限僅占本公司\r\n流動資產之百分之 0.43，茲聲明本公司董事會已考慮公司財務狀況，上述股份之買回並不影響本公司資\r\n本之維持。\t\t\t\t\r\n三、本聲明書業經本公司上述同次董事會議通過，出席董事 9人同意本聲明書之內容，併此聲明。\r\n17.會計師或證券承銷商對買回股份價格之合理性評估意見:\r\n敬鵬工業股份有限公司董事會決議買回股份轉讓員工,預計以每股29.75-53元買回普通股股票1,200,000\r\n股，對該公司之財務結構、每股淨值、每股盈餘、權益報酬率、速動比率、流動比率及現金流量狀況等\r\n之影響並不重大\r\n本會計師認為敬鵬工業股份有限公司預定買回股份之價格尚屬合理\r\n18.其他證期局所規定之事項:\r\n無""]], ""footer"": [""以上資料均由各公司依發言當時所屬市場別之規定申報後，由本系統對外公佈，資料如有虛偽不實，均由該公司負責。""], ""header"": {""note"": [], ""subTitle"": [], ""mainTitle"": [""公司當日重大訊息之詳細內容""]}, ""titles"": [{""sub"": [], ""main"": ""序號""}, {""sub"": [], ""main"": ""發言日期""}, {""sub"": [], ""main"": ""發言時間""}, {""sub"": [], ""main"": ""發言人""}, {""sub"": [], ""main"": ""發言人職稱""}, {""sub"": [], ""main"": ""發言人電話""}, {""sub"": [], ""main"": ""主旨""}, {""sub"": [], ""main"": ""符合條款""}, {""sub"": [], ""main"": ""事實發生日""}, {""sub"": [], ""main"": ""說明""}], ""companyAbbreviation"": ""敬鵬""}, ""datetime"": ""115/08/12 22:58:51""}",2026-08-12 22:58:15
1150812|sii|3653|4,115/08/12,17:24:36,3653,健策,"公告董事會決議現金增資子公司ELIXIINTERNATIONALCO.,LTD.",現金增資,1150812,sii,4,"{""code"": 200, ""message"": ""查詢成功"", ""result"": {""marketName"": ""上市公司"", ""companyId"": ""3653"", ""data"": [[4, ""115/08/12"", ""17:24:36"", ""林錦隆"", ""總經理"", ""03-2115678#6206"", ""公告董事會決議現金增資子公司ELIXI INTERNATIONAL CO., LTD."", ""20"", ""115/08/12"", ""1.標的物之名稱及性質（屬特別股者，並應標明特別股約定發行條件，如股息率等）:\r\nELIXI INTERNATIONAL CO., LTD.\r\n2.事實發生日:115/8/12~115/8/12\r\n3.董事會通過日期: 民國115年8月12日\r\n4.其他核決日期: 不適用\r\n5.交易數量、每單位價格及交易總金額:\r\n交易總金額: 美金12,000仟元\r\n6.交易相對人及其與公司之關係（交易相對人如屬自然人，且非公司之\r\n關係人者，得免揭露其姓名）:\r\nELIXI INTERNATIONAL CO., LTD. ；本公司100%持股之子公司\r\n7.交易相對人為關係人者，並應公告選定關係人為交易對象之原因及前次移\r\n轉之所有人、前次移轉之所有人與公司及交易相對人間相互之關係、前次\r\n移轉日期及移轉金額:\r\n不適用(現金增資)\r\n8.交易標的最近五年內所有權人曾為公司之關係人者，尚應公告關係人之取\r\n得及處分日期、價格及交易當時與公司之關係:\r\n不適用\r\n9.本次係處分債權之相關事項（含處分之債權附隨擔保品種類、處分債權\r\n如有屬對關係人債權者尚需公告關係人名稱及本次處分該關係人之債權\r\n帳面金額:\r\n不適用\r\n10.處分利益（或損失）（取得有價證券者不適用）（原遞延者應列表說明\r\n認列情形）:\r\n不適用\r\n11.交付或付款條件（含付款期間及金額）、契約限制條款及其他重要約定\r\n事項:\r\n依實際營運需求一次或分次投入；無\r\n12.本次交易之決定方式、價格決定之參考依據及決策單位:\r\n本公司董事會決議\r\n13.取得或處分有價證券標的公司每股淨值:\r\n不適用\r\n14.迄目前為止，累積持有本交易證券（含本次交易）之數量、金額、持股\r\n比例及權利受限情形（如質押情形）:\r\n數量：33,306仟股 \n金額：美金 33,306仟元\n持股比例：100%\n權利受限情形：無\r\n15.迄目前為止，依「公開發行公司取得或處分資產處理準則」第三條所列\r\n之有價證券投資（含本次交易）占公司最近期財務報表中總資產及歸屬\r\n於母公司業主之權益之比例暨最近期財務報表中營運資金數額（註二）:\r\n占最近期財務報表總資產之比例: 3.92%\n占最近期財務報表歸屬於母公司業主權益之比例: 4.50%\n最近期財務報表營運資金數額: 新台幣 12,216,639仟元\r\n16.經紀人及經紀費用:\r\n不適用\r\n17.取得或處分之具體目的或用途:\r\n改善子公司之財務結構及充實營運資金\r\n18.本次交易表示異議董事之意見:\r\n不適用\r\n19.本次交易為關係人交易:是\r\n20.監察人承認或審計委員會同意日期:\r\n民國115年8月12日\r\n21.本次交易會計師出具非合理性意見:不適用\r\n22.會計師事務所名稱:\r\n不適用\r\n23.會計師姓名:\r\n不適用\r\n24.會計師開業證書字號:\r\n不適用\r\n25.是否涉及營運模式變更:否\r\n26.營運模式變更說明:\r\n不適用\r\n27.過去一年及預計未來一年內與交易相對人交易情形:\r\n不適用\r\n28.資金來源:\r\n自有資金\r\n29.前已就同一件事件發布重大訊息日期: 不適用\r\n30.其他敘明事項:\r\n無""]], ""footer"": [""以上資料均由各公司依發言當時所屬市場別之規定申報後，由本系統對外公佈，資料如有虛偽不實，均由該公司負責。""], ""header"": {""note"": [], ""subTitle"": [], ""mainTitle"": [""公司當日重大訊息之詳細內容""]}, ""titles"": [{""sub"": [], ""main"": ""序號""}, {""sub"": [], ""main"": ""發言日期""}, {""sub"": [], ""main"": ""發言時間""}, {""sub"": [], ""main"": ""發言人""}, {""sub"": [], ""main"": ""發言人職稱""}, {""sub"": [], ""main"": ""發言人電話""}, {""sub"": [], ""main"": ""主旨""}, {""sub"": [], ""main"": ""符合條款""}, {""sub"": [], ""main"": ""事實發生日""}, {""sub"": [], ""main"": ""說明""}], ""companyAbbreviation"": ""健策""}, ""datetime"": ""115/08/12 22:58:52""}",2026-08-12 22:58:15
1150812|sii|3021|2,115/08/12,17:26:45,3021,鴻名,公告本公司董事會決議第七次買回庫藏股註銷減資基準日,庫藏股,1150812,sii,2,"{""code"": 200, ""message"": ""查詢成功"", ""result"": {""marketName"": ""上市公司"", ""companyId"": ""3021"", ""data"": [[2, ""115/08/12"", ""17:26:45"", ""黃小菁"", ""資深經理"", ""(02)8768-2688"", ""公告本公司董事會決議第七次買回庫藏股註銷減資基準日"", ""11"", ""115/08/12"", ""1.董事會決議日期:115/08/12\n2.減資緣由:依證券交易法第二十八條之二規定，\n 註銷本公司實施第七次庫藏股買回之股份。\n3.減資金額:2,070,000元\n4.消除股份:207,000股\n5.減資比率:0.22%\n6.減資後股本:新台幣946,830,000元\n7.預定股東會日期:不適用\n8.預計減資新股上市後之上市普通股股數:不適用\n9.預計減資新股上市後之上市普通股股數占已發行普通股比率\n（減資後上市普通股股數/減資後已發行普通股股數）:不適用\n10.前二項預計減資後上巿普通股股數未達6000萬股且未達25%者，\n請說明股權流通性偏低之因應措施:不適用\n11.減資基準日:115/08/13\n12.其他應敘明事項:無""]], ""footer"": [""以上資料均由各公司依發言當時所屬市場別之規定申報後，由本系統對外公佈，資料如有虛偽不實，均由該公司負責。""], ""header"": {""note"": [], ""subTitle"": [], ""mainTitle"": [""公司當日重大訊息之詳細內容""]}, ""titles"": [{""sub"": [], ""main"": ""序號""}, {""sub"": [], ""main"": ""發言日期""}, {""sub"": [], ""main"": ""發言時間""}, {""sub"": [], ""main"": ""發言人""}, {""sub"": [], ""main"": ""發言人職稱""}, {""sub"": [], ""main"": ""發言人電話""}, {""sub"": [], ""main"": ""主旨""}, {""sub"": [], ""main"": ""符合條款""}, {""sub"": [], ""main"": ""事實發生日""}, {""sub"": [], ""main"": ""說明""}], ""companyAbbreviation"": ""鴻名""}, ""datetime"": ""115/08/12 22:58:53""}",2026-08-12 22:58:15
1150812|sii|3653|5,115/08/12,17:32:38,3653,健策,"代子公司ELIXIINTERNATIONALCO.,LTD.公告董事會決議現金增資南通健策半導體科技有限公司",現金增資,1150812,sii,5,"{""code"": 200, ""message"": ""查詢成功"", ""result"": {""marketName"": ""上市公司"", ""companyId"": ""3653"", ""data"": [[5, ""115/08/12"", ""17:32:38"", ""林錦隆"", ""總經理"", ""03-2115678#6206"", ""代子公司ELIXI INTERNATIONAL CO., LTD. \r\n公告董事會決議現金增資南通健策半導體科技有限公司"", ""20"", ""115/08/12"", ""1.事實發生日:自民國115/8/12至民國115/8/12\r\n2.本次新增（減少）投資方式:\r\n經由第三地投資事業ELIXI INTERNATIONAL CO., LTD. \r\n再增資南通健策半導體科技有限公司\r\n3.董事會通過日期: 民國115年8月12日\r\n4.其他核決日期: 不適用\r\n5.交易單位數量、每單位價格及交易總金額:\r\n美金12,000仟元\r\n6.大陸被投資公司之公司名稱:\r\n南通健策半導體科技有限公司\r\n7.前開大陸被投資公司之實收資本額:\r\n美金15,300仟元\r\n8.前開大陸被投資公司本次擬新增資本額:\r\n美金12,000仟元\r\n9.前開大陸被投資公司主要營業項目:\r\n半導體、光電、汽車材料及電子零組件之製造加工及買賣業務\r\n10.前開大陸被投資公司最近年度財務報表會計師意見型態:\r\n不適用\r\n11.前開大陸被投資公司最近年度財務報表權益總額:\r\n人民幣 72,985 仟元\r\n12.前開大陸被投資公司最近年度財務報表損益金額:\r\n人民幣 997 仟元\r\n13.迄目前為止，對前開大陸被投資公司之實際投資金額:\r\n美金15,300仟元\r\n14.交易相對人及其與公司之關係:\r\n南通健策半導體科技有限公司；本公司間接持股100%之孫公司\r\n15.交易相對人為關係人者，並應公告選定關係人為交易對象之原因及前次移轉\r\n之所有人、前次移轉之所有人與公司及交易相對人間相互之關係、前次移轉日期及移轉金額:\r\n不適用(現金增資)\r\n16.交易標的最近五年內所有權人曾為公司之關係人者，尚應公告關係人之取得\r\n及處分日期、價格及交易當時與公司之關係:\r\n不適用\r\n17.處分利益（或損失）:\r\n不適用\r\n18.交付或付款條件（含付款期間及金額）、契約限制條款及其他重要約定事項:\r\n待經濟部投審司核准後，依實際營運需求一次或分次投入；無\r\n19.本次交易之決定方式、價格決定之參考依據及決策單位:\r\n本公司董事會決議\r\n20.經紀人:\r\n不適用\r\n21.取得或處分之具體目的:\r\n改善子公司之財務結構及充實營運資金\r\n22.本次交易表示異議董事之意見:\r\n不適用\r\n23.本次交易為關係人交易:是\r\n24.監察人承認或審計委員會同意日期:\r\n民國115年8月12日\r\n25.迄目前為止，投審會核准赴大陸地區投資總額（含本次投資）:\r\n美金27,300仟元\r\n26.迄目前為止，投審會核准赴大陸地區投資總額（含本次投資）占最近期財務報表\r\n實收資本額之比率:\r\n59.26%\r\n27.迄目前為止，投審會核准赴大陸地區投資總額（含本次投資）占最近期財務報表\r\n總資產之比率:\r\n3.21%\r\n28.迄目前為止，投審會核准赴大陸地區投資總額（含本次投資）占最近期財務報表\r\n歸屬於母公司業主之權益之比率:\r\n3.69%\r\n29.迄目前為止，實際赴大陸地區投資總額:\r\n美金15,300仟元\r\n30.迄目前為止，實際赴大陸地區投資總額占最近期財務報表實收資本額之比率:\r\n33.21%\r\n31.迄目前為止，實際赴大陸地區投資總額占最近期財務報表總資產之比率:\r\n1.80%\r\n32.迄目前為止，實際赴大陸地區投資總額占最近期財務報表歸屬於母公司業主之權益之比率:\r\n2.07%\r\n33.最近三年度認列投資大陸損益金額:\r\n112年：(美金795仟元)\r\n113年：(美金1,697仟元)\r\n114年：美金151仟元\r\n34.最近三年度獲利匯回金額:\r\n112年：0\r\n113年：0\r\n114年：0\r\n35.本次交易會計師出具非合理性意見:不適用\r\n36.會計師事務所名稱:\r\n不適用\r\n37.會計師姓名:\r\n不適用\r\n38.會計師開業證書字號:\r\n不適用\r\n39.前已就同一件事件發布重大訊息日期: 不適用\r\n40.其他敘明事項:\r\n無""]], ""footer"": [""以上資料均由各公司依發言當時所屬市場別之規定申報後，由本系統對外公佈，資料如有虛偽不實，均由該公司負責。""], ""header"": {""note"": [], ""subTitle"": [], ""mainTitle"": [""公司當日重大訊息之詳細內容""]}, ""titles"": [{""sub"": [], ""main"": ""序號""}, {""sub"": [], ""main"": ""發言日期""}, {""sub"": [], ""main"": ""發言時間""}, {""sub"": [], ""main"": ""發言人""}, {""sub"": [], ""main"": ""發言人職稱""}, {""sub"": [], ""main"": ""發言人電話""}, {""sub"": [], ""main"": ""主旨""}, {""sub"": [], ""main"": ""符合條款""}, {""sub"": [], ""main"": ""事實發生日""}, {""sub"": [], ""main"": ""說明""}], ""companyAbbreviation"": ""健策""}, ""datetime"": ""115/08/12 22:58:53""}",2026-08-12 22:58:15
1150812|sii|6533|1,115/08/12,17:39:32,6533,晶心科,公告晶心科技股份有限公司國內第一次無擔保(例：第一次有擔保)轉(交)換公司債(簡稱：晶心科一，代碼：65331)停止受理轉交換及到期日落於停止轉(交)換期間等相關事項。,公司債,1150812,sii,1,"{""code"": 200, ""message"": ""查詢成功"", ""result"": {""marketName"": ""上市公司"", ""companyId"": ""6533"", ""data"": [[1, ""115/08/12"", ""17:39:32"", ""李耿民"", ""董事長特別助理"", ""03-5726533"", ""公告晶心科技股份有限公司國內第一次無擔保(例：第一次有擔保)轉(交)換公司債(簡稱：晶心科一，代碼：65331)停止受理轉交換及到期日落於停止轉(交)換期間等相關事項。"", ""51"", ""115/08/19"", ""內容：本公司國內第一次無擔保轉換公司債發行及轉換辦法第九條規定。<br>(一)停止受理轉交換之事由：辦理現金增資作業事宜。<br>(其他事項敘明：)<br>(二)停止受理轉交換登記起訖日期：115年08月19日至115年09月13日止。<br>(三)債券持有人如擬申請轉換，最遲應於停止受理轉換登記之始日（115年08月19日）之前一營業日前（115年08月18日），向往來證券商辦理轉換手續。<br>無。""]], ""footer"": [""以上資料均由各公司依發言當時所屬市場別之規定申報後，由本系統對外公佈，資料如有虛偽不實，均由該公司負責。""], ""header"": {""note"": [], ""subTitle"": [], ""mainTitle"": [""公司當日重大訊息之詳細內容""]}, ""titles"": [{""sub"": [], ""main"": ""序號""}, {""sub"": [], ""main"": ""發言日期""}, {""sub"": [], ""main"": ""發言時間""}, {""sub"": [], ""main"": ""發言人""}, {""sub"": [], ""main"": ""發言人職稱""}, {""sub"": [], ""main"": ""發言人電話""}, {""sub"": [], ""main"": ""主旨""}, {""sub"": [], ""main"": ""符合條款""}, {""sub"": [], ""main"": ""事實發生日""}, {""sub"": [], ""main"": ""說明""}], ""companyAbbreviation"": ""晶心科""}, ""datetime"": ""115/08/12 22:58:54""}",2026-08-12 22:58:15
1150812|sii|2357|2,115/08/12,17:46:33,2357,華碩,本公司董事會決議發行海外第二次無擔保轉換公司債,公司債,1150812,sii,2,"{""code"": 200, ""message"": ""查詢成功"", ""result"": {""marketName"": ""上市公司"", ""companyId"": ""2357"", ""data"": [[2, ""115/08/12"", ""17:46:33"", ""吳長榮"", ""財務長"", ""(02)28943447"", ""本公司董事會決議發行海外第二次無擔保轉換公司債"", ""11"", ""115/08/12"", ""1.董事會決議日期:115/08/12\n2.名稱﹝XX公司第X次（有、無）擔保公司債﹞:\n華碩電腦股份有限公司海外第二次無擔保轉換公司債\n3.是否採總括申報發行公司債(是/否):否\n4.發行總額:暫定以美金15億元為上限\n5.每張面額:暫定每張債券面額為美金二十萬元，或如超過美金二十萬元，為美金十萬元\n 之整數倍數\n6.發行價格:暫定依面額之100%發行\n7.發行期間:暫定不超過5年\n8.發行利率:暫定票面利率為年利率0%\n9.擔保品之種類、名稱、金額及約定事項:不適用\n10.募得價款之用途及運用計畫:支應外幣購料之資金需求\n11.承銷方式:\n於中華民國境外依公司債銷售地區有關規定及國際市場慣例採公開銷售方式辦理\n12.公司債受託人:待定\n13.承銷或代銷機構:\nCitigroup Global Markets Limited、Morgan Stanley Asia Limited\n14.發行保證人:不適用\n15.代理還本付息機構:待定\n16.簽證機構:不適用\n17.能轉換股份者，其轉換辦法:授權由董事長及/或其指定之人於實際發行時視市場情況\n 及實際需要全權決定處理之\n18.賣回條件:授權由董事長及/或其指定之人於實際發行時視市場情況及實際需要全權決\n 定處理之\n19.買回條件:授權由董事長及/或其指定之人於實際發行時視市場情況及實際需要全權決\n 定處理之\n20.附有轉換、交換或認股者，其換股基準日:授權由董事長及/或其指定之人於實際發行　\n 時視市場情況及實際需要全權決定處理之\n21.附有轉換、交換或認股者，對股權可能稀釋情形:視實際發行時轉換溢價率而定\n22.現金減資後再行募資之合理性及必要性\n(募資當年度及前一年度有辦理現金減資者適用):不適用\n23.其他應敘明事項:\n(1)本次發行海外無擔保轉換公司債包含A券及B券二種券別，暫定本次A、B券公司債發行\n總額度(含超額認購部分)合計以美金15億元整為上限，本公司將於總額度範圍內擇一或\n以搭配之方式辦理發行A、B券。A券公司債之到期贖回、提前賣回及提前贖回金額，將按\n訂價日之匯率(固定匯率)換算為新臺幣，並依當時匯率換算為新臺幣等值美元為債券之\n支付。\n(2)本公司債之實際發行價格、實際發行總額(包括A、B券公司債之各自實際發行金額)、\n發行面額、發行及轉換辦法、掛牌地點、轉換價格、資金運用計畫、預定進度及預計可\n能產生之效益、發行時點及其他一切與本次發行相關之事宜，未來如因法令變更、經主\n管機關指示修正或因應市場情況、營運評估、客觀環境需要而須修正或調整時，授權董\n事長及/或其指定之人全權處理之。\n(3)為配合本公司債之募集與發行作業，授權董事長及/或其指定之人，代表本公司議定\n 、簽署及交付一切有關發行本公司債所需之契約及文件，並全權為本公司辦理一切相關\n事宜。""]], ""footer"": [""以上資料均由各公司依發言當時所屬市場別之規定申報後，由本系統對外公佈，資料如有虛偽不實，均由該公司負責。""], ""header"": {""note"": [], ""subTitle"": [], ""mainTitle"": [""公司當日重大訊息之詳細內容""]}, ""titles"": [{""sub"": [], ""main"": ""序號""}, {""sub"": [], ""main"": ""發言日期""}, {""sub"": [], ""main"": ""發言時間""}, {""sub"": [], ""main"": ""發言人""}, {""sub"": [], ""main"": ""發言人職稱""}, {""sub"": [], ""main"": ""發言人電話""}, {""sub"": [], ""main"": ""主旨""}, {""sub"": [], ""main"": ""符合條款""}, {""sub"": [], ""main"": ""事實發生日""}, {""sub"": [], ""main"": ""說明""}], ""companyAbbreviation"": ""華碩""}, ""datetime"": ""115/08/12 22:58:55""}",2026-08-12 22:58:15
1150812|sii|3209|3,115/08/12,17:46:38,3209,全科,公告本公司董事會決議發行國內第五次無擔保轉換公司債,公司債,1150812,sii,3,"{""code"": 200, ""message"": ""查詢成功"", ""result"": {""marketName"": ""上市公司"", ""companyId"": ""3209"", ""data"": [[3, ""115/08/12"", ""17:46:38"", ""謝宏昌"", ""總經理"", ""02-26275859"", ""公告本公司董事會決議發行國內第五次無擔保轉換公司債"", ""11"", ""115/08/12"", ""1.董事會決議日期:115/08/12\n2.名稱﹝XX公司第X次（有、無）擔保公司債﹞:\n全科科技股份有限公司國內第五次無擔保轉換公司債\n3.是否採總括申報發行公司債(是/否):否\n4.發行總額:發行面額上限為新台幣15億元。\n5.每張面額:新台幣10萬元。\n6.發行價格:底標暫訂以面額之100%發行，實際發行金額依競價拍賣結果而定。\n7.發行期間:3年\n8.發行利率:票面利率0%\n9.擔保品之種類、名稱、金額及約定事項:不適用。\n10.募得價款之用途及運用計畫:償還銀行借款。\n11.承銷方式:擬採競價拍賣方式辦理公開承銷。\n12.公司債受託人:授權董事長決定。\n13.承銷或代銷機構:授權董事長決定。\n14.發行保證人:不適用。\n15.代理還本付息機構:凱基證券股份有限公司。\n16.簽證機構:採無實體發行，故不適用。\n17.能轉換股份者，其轉換辦法:\n相關轉換辦法將依法令規定辦理，並報奉主管機關核准後另行公告。\n18.賣回條件:\n相關轉換辦法將依法令規定辦理，並報奉主管機關核准後另行公告。\n19.買回條件:\n相關轉換辦法將依法令規定辦理，並報奉主管機關核准後另行公告。\n20.附有轉換、交換或認股者，其換股基準日:\n相關轉換辦法將依法令規定辦理，並報奉主管機關核准後另行公告。\n21.附有轉換、交換或認股者，對股權可能稀釋情形:\n相關轉換辦法將依法令規定辦理，並報奉主管機關核准後另行公告。\n22.現金減資後再行募資之合理性及必要性\n(募資當年度及前一年度有辦理現金減資者適用): 不適用\n23.其他應敘明事項:\n本次發行國內第五次無擔保轉換公司債之發行金額、發行條件、發行及轉換辦法\n之訂定，以及計畫所需資金總額、資金來源、計畫項目、資金運用進度、預計可\n能產生效益及其他相關事宜，如經主管機關指示，相關法令規則修正，或因應客\n觀環境需修訂或修正時，擬授權董事長全權處理之。""]], ""footer"": [""以上資料均由各公司依發言當時所屬市場別之規定申報後，由本系統對外公佈，資料如有虛偽不實，均由該公司負責。""], ""header"": {""note"": [], ""subTitle"": [], ""mainTitle"": [""公司當日重大訊息之詳細內容""]}, ""titles"": [{""sub"": [], ""main"": ""序號""}, {""sub"": [], ""main"": ""發言日期""}, {""sub"": [], ""main"": ""發言時間""}, {""sub"": [], ""main"": ""發言人""}, {""sub"": [], ""main"": ""發言人職稱""}, {""sub"": [], ""main"": ""發言人電話""}, {""sub"": [], ""main"": ""主旨""}, {""sub"": [], ""main"": ""符合條款""}, {""sub"": [], ""main"": ""事實發生日""}, {""sub"": [], ""main"": ""說明""}], ""companyAbbreviation"": ""全科""}, ""datetime"": ""115/08/12 22:58:55""}",2026-08-12 22:58:15
1150812|sii|2357|3,115/08/12,17:46:49,2357,華碩,本公司董事會決議發行海外第一次無擔保交換公司債,公司債,1150812,sii,3,"{""code"": 200, ""message"": ""查詢成功"", ""result"": {""marketName"": ""上市公司"", ""companyId"": ""2357"", ""data"": [[3, ""115/08/12"", ""17:46:49"", ""吳長榮"", ""財務長"", ""(02)28943447"", ""本公司董事會決議發行海外第一次無擔保交換公司債"", ""11"", ""115/08/12"", ""1.董事會決議日期:115/08/12\n2.名稱﹝XX公司第X次（有、無）擔保公司債﹞:\n華碩電腦股份有限公司海外第一次無擔保交換公司債\n3.是否採總括申報發行公司債(是/否):否\n4.發行總額:暫定以美金10億元為上限。\n5.每張面額:暫定每張債券面額為美金二十萬元，或如超過美金二十萬元，為美金十萬元\n 之整數倍數\n6.發行價格:暫定依面額之100%發行\n7.發行期間:暫定不超過5年\n8.發行利率:暫定票面利率為年利率0%\n9.擔保品之種類、名稱、金額及約定事項:不適用\n10.募得價款之用途及運用計畫:支應外幣購料之資金需求\n11.承銷方式:\n於中華民國境外依公司債銷售地區有關規定及國際市場慣例採公開銷售方式辦理\n12.公司債受託人:待定\n13.承銷或代銷機構:\nCitigroup Global Markets Limited、Morgan Stanley Asia Limited\n14.發行保證人:不適用\n15.代理還本付息機構:待定\n16.簽證機構:不適用\n17.能轉換股份者，其轉換辦法:授權由董事長及/或其指定之人於實際發行時視市場情\n況及實際需要全權決定處理之\n18.賣回條件:授權由董事長及/或其指定之人於實際發行時視市場情況及實際需要全權\n決定處理之\n19.買回條件:授權由董事長及/或其指定之人於實際發行時視市場情況及實際需要全權\n決定處理之\n20.附有轉換、交換或認股者，其換股基準日:授權由董事長及/或其指定之人於實際發\n行時視市場情況及實際需要全權決定處理之\n21.附有轉換、交換或認股者，對股權可能稀釋情形:本次發行海外無擔保交換公司債\n以本公司持有之研華股份有限公司之普通股股份作為交換標的，對本公司原股東之\n股權將不會有稀釋之效果\n22.現金減資後再行募資之合理性及必要性\n(募資當年度及前一年度有辦理現金減資者適用):不適用\n23.其他應敘明事項:\n(1)本公司債之實際發行價格、實際發行總額、發行面額、發行及交換辦法、掛牌地點\n、交換價格、資金運用計畫、預定進度及預計可能產生之效益、發行時點及其他一切\n與本次發行相關之事宜，未來如因法令變更、經主管機關指示修正或因應市場情況、\n營運評估、客觀環境需要而須修正或調整時，授權董事長及/或其指定之人全權處理\n之。\n(2)為配合本公司債之募集與發行作業，授權董事長及/或其指定之人，代表本公司議\n定、簽署及交付一切有關發行本公司債所需之契約及文件，並全權為本公司辦理一切\n相關事宜。""]], ""footer"": [""以上資料均由各公司依發言當時所屬市場別之規定申報後，由本系統對外公佈，資料如有虛偽不實，均由該公司負責。""], ""header"": {""note"": [], ""subTitle"": [], ""mainTitle"": [""公司當日重大訊息之詳細內容""]}, ""titles"": [{""sub"": [], ""main"": ""序號""}, {""sub"": [], ""main"": ""發言日期""}, {""sub"": [], ""main"": ""發言時間""}, {""sub"": [], ""main"": ""發言人""}, {""sub"": [], ""main"": ""發言人職稱""}, {""sub"": [], ""main"": ""發言人電話""}, {""sub"": [], ""main"": ""主旨""}, {""sub"": [], ""main"": ""符合條款""}, {""sub"": [], ""main"": ""事實發生日""}, {""sub"": [], ""main"": ""說明""}], ""companyAbbreviation"": ""華碩""}, ""datetime"": ""115/08/12 22:58:56""}",2026-08-12 22:58:15
1150812|sii|2328|4,115/08/12,17:54:00,2328,廣宇,代重要子公司P.I.E.IndustrialBerhad公告董事會通過2026年度第二季自結合併財務報告(未經會計師簽核),自結合併,1150812,sii,4,"{""code"": 200, ""message"": ""查詢成功"", ""result"": {""marketName"": ""上市公司"", ""companyId"": ""2328"", ""data"": [[4, ""115/08/12"", ""17:54:00"", ""郭世華"", ""協理"", ""(02)2211-3066#7740"", ""代重要子公司P.I.E. Industrial Berhad公告董事會\r\n通過2026年度第二季自結合併財務報告(未經會計師簽核)"", ""31"", ""115/08/12"", ""1.提報董事會或經董事會決議日期:115/08/12\n2.審計委員會通過日期:115/08/12\n3.財務報告或年度自結財務資訊報導期間\n起訖日期(XXX/XX/XX~XXX/XX/XX):115/01/01~115/06/30\n4.1月1日累計至本期止營業收入(仟元): 馬幣 322,632\n5.1月1日累計至本期止營業毛利(毛損) (仟元): 馬幣 4,917\n6.1月1日累計至本期止營業利益(損失) (仟元): 不適用\n7.1月1日累計至本期止稅前淨利(淨損) (仟元): 馬幣 697\n8.1月1日累計至本期止本期淨利(淨損) (仟元): 馬幣 (2,808)\n9.1月1日累計至本期止歸屬於母公司業主淨利(損) (仟元): 馬幣 (1,951)\n10.1月1日累計至本期止基本每股盈餘(損失) (元): 馬幣 (0.73) 仙\n11.期末總資產(仟元): 馬幣 807,057\n12.期末總負債(仟元): 馬幣 159,509\n13.期末歸屬於母公司業主之權益(仟元): 馬幣 627,179\n14.其他應敘明事項:\n1.上述財務數據係依照馬來西亞財務報導準則編制(MFRS 134: Interim Financial\nReporting in Malaysia)。\n2.依據馬來西亞證券交易所規定，其公告之財務數據並無”營業淨利”項目。""]], ""footer"": [""以上資料均由各公司依發言當時所屬市場別之規定申報後，由本系統對外公佈，資料如有虛偽不實，均由該公司負責。""], ""header"": {""note"": [], ""subTitle"": [], ""mainTitle"": [""公司當日重大訊息之詳細內容""]}, ""titles"": [{""sub"": [], ""main"": ""序號""}, {""sub"": [], ""main"": ""發言日期""}, {""sub"": [], ""main"": ""發言時間""}, {""sub"": [], ""main"": ""發言人""}, {""sub"": [], ""main"": ""發言人職稱""}, {""sub"": [], ""main"": ""發言人電話""}, {""sub"": [], ""main"": ""主旨""}, {""sub"": [], ""main"": ""符合條款""}, {""sub"": [], ""main"": ""事實發生日""}, {""sub"": [], ""main"": ""說明""}], ""companyAbbreviation"": ""廣宇""}, ""datetime"": ""115/08/12 22:58:57""}",2026-08-12 22:58:15
1150812|sii|2444|4,115/08/12,18:07:06,2444,兆勁,本公司董事會決議115年第1次私募普通股定價相關事宜,私募普通股,1150812,sii,4,"{""code"": 200, ""message"": ""查詢成功"", ""result"": {""marketName"": ""上市公司"", ""companyId"": ""2444"", ""data"": [[4, ""115/08/12"", ""18:07:06"", ""賴博文"", ""財會部協理"", ""037-580777"", ""本公司董事會決議115年第1次私募普通股定價相關事宜"", ""11"", ""115/08/12"", ""1.董事會決議日期:115/08/12\n2.私募有價證券種類:普通股\n3.私募對象及其與公司間關係:本次私募普通股之對象以符合證券交易法規定之特定人\n為限，且須為策略性投資人，並以對本公司長期發展與股東權益有助益者優先。\n本次之應募人為董事長紀政孝，應募股數5,000,000股。\n4.私募股數或張數:5,000,000股\n5.得私募額度:不超過20,000,000股\n6.私募價格訂定之依據及合理性:\n(1)本次私募普通股之實際發行價格，以不低於參考價格之八成為訂價依據。股東會\n已經授權董事會視日後洽特定人情形及市場狀況決定實際定價日。\n2.本次私募普通股實際發行價格之訂定，以不低於股票面額為原則。\n3. 私募參考價格依下列二基準計算價格較高者定之：\na.定價日前一、三、五個營業日擇一計算之普通股收盤價簡單算數平均數扣除無償\n配股除權及配息，並加回減資反除權後之每股股價。\n  定價日前一、三、五個營業日股價分別為新臺幣11.2元、11.17元及11.03元\nb.定價日前30個營業日之普通股收盤價簡單算數平均數扣除無償配股除權及配息，並\n加回減資反除權後之每股股價，股價為11.61元。\n4.以前述二基準計算價格較高者11.61元為參考價格。參考價格之八成為9.288元，\n因此本次私募普通股之每股認購價格訂為新台幣10元，為參考價之86%。\n7.本次私募資金用途:用於充實營運資金，以支應投入算力中心及發電設備租賃建立之資\n金需求\n8.不採用公開募集之理由:考量籌集資金之時效性、可行性及資本市場之不確定性因素，\n並有效降低資金成本，擬採私募方式向特定人募集資金。\n9.獨立董事反對或保留意見:無\n10.實際定價日:115/8/12\n11.參考價格:11.61\n12.實際私募價格、轉換或認購價格:10\n13.本次私募新股之權利義務:本次私募普通股之權利義務原則上與本公司已發行之普\n通股相同，依證券交易法第43條之8規定，本次私募之有價證券於交付後三年內，\n除符合法令規定之特定情形外不得自由轉讓。\n本公司擬於該私募有價證券交付滿三年後，依相關法令規定向主管機關申請本次私募\n有價證券上市交易。\n14.附有轉換、交換或認股者，其換股基準日:不適用\n15.附有轉換、交換或認股者，對股權可能稀釋情形:不適用\n16.附有轉換或認股者，於私募公司債交付且假設全數轉換或認購普通股後對\n上市普通股股權比率之可能影響（上市普通股數A、A/已發行普通股):不適用\n17.前項預計上市普通股未達6000萬股且未達25%者，請說明股權流通性偏低之因應措施:\n不適用\n18.其他應敘明事項:\n(1)本次私募繳款期間：115年08月13日至115年08月18日。\n(2)本次私募增資基準日：115年08月18日\n(3)授權董事長代表本公司辦理一切有關發行本次私募普通股所需作業及決定其他未盡\n事宜，並簽署一切有關發行本次私募普通股之契約或文件""]], ""footer"": [""以上資料均由各公司依發言當時所屬市場別之規定申報後，由本系統對外公佈，資料如有虛偽不實，均由該公司負責。""], ""header"": {""note"": [], ""subTitle"": [], ""mainTitle"": [""公司當日重大訊息之詳細內容""]}, ""titles"": [{""sub"": [], ""main"": ""序號""}, {""sub"": [], ""main"": ""發言日期""}, {""sub"": [], ""main"": ""發言時間""}, {""sub"": [], ""main"": ""發言人""}, {""sub"": [], ""main"": ""發言人職稱""}, {""sub"": [], ""main"": ""發言人電話""}, {""sub"": [], ""main"": ""主旨""}, {""sub"": [], ""main"": ""符合條款""}, {""sub"": [], ""main"": ""事實發生日""}, {""sub"": [], ""main"": ""說明""}], ""companyAbbreviation"": ""兆勁""}, ""datetime"": ""115/08/12 22:58:57""}",2026-08-12 22:58:15
1150812|sii|3702|1,115/08/12,18:24:55,3702,大聯大,本公司以發行無擔保交換公司債方式處分所持有之部分文曄科技(股)公司普通股股票(補充114/11/11公告),公司債,1150812,sii,1,"{""code"": 200, ""message"": ""查詢成功"", ""result"": {""marketName"": ""上市公司"", ""companyId"": ""3702"", ""data"": [[1, ""115/08/12"", ""18:24:55"", ""袁興文"", ""副總"", ""(02)2191-0068#85268"", ""本公司以發行無擔保交換公司債方式處分所持有之部分文曄\r\n科技(股)公司普通股股票(補充114/11/11公告)"", ""20"", ""115/08/12"", ""1.證券名稱:\r\n文曄科技(股)公司之普通股股票\r\n2.交易日期:115/4/14~115/8/12\r\n3.董事會通過日期: 民國114年11月11日\r\n4.其他核決日期: 不適用\r\n5.交易數量、每單位價格及交易總金額:\r\n交易數量：19,043仟股\r\n每單位價格：(1)新台幣160.8元、(2)新台幣156.5元\r\n交易總金額：新台幣2,998,000仟元\r\n6.處分利益（或損失）（取得有價證券者不適用）:\r\n處分利益約新台幣22億元\r\n7.與交易標的公司之關係:\r\n採權益法評價之被投資公司\r\n8.迄目前為止，累積持有本交易證券（含本次交易）之數量、金額、持股\r\n比例及權利受限情形（如質押情形）:\r\n股數：普通股134,044仟股\r\n持有金額：新台幣14,492,840仟元\r\n持股比例：佔普通股10.55%\r\n權利受限情形：無\r\n9.迄目前為止，依「公開發行公司取得或處分資產處理準則」第三條所列之有價證券投\r\n資（含本次交易）占公司最近期財務報表中總資產及歸屬於母公司業主之權益之比例\r\n暨最近期財務報表中營運資金數額:\r\n占公司最近期財務報表中總資產之比例：103%\r\n占公司最近期財務報表中歸屬於母公司業主權益之比例：121.06%\r\n營運資金數額：-14,481,673仟元\r\n10.取得或處分之具體目的:\r\n交換債債權人申請交換為普通股\r\n11.本次交易表示異議董事之意見:\r\n無\r\n12.本次交易為關係人交易:\r\n否\r\n13.交易相對人及其與公司之關係:\r\n不適用\r\n14.監察人承認或審計委員會同意日期:\r\n不適用\r\n15.前已就同一件事件發布重大訊息日期:\r\n114年11月11日\r\n16.其他敘明事項:\r\n無""]], ""footer"": [""以上資料均由各公司依發言當時所屬市場別之規定申報後，由本系統對外公佈，資料如有虛偽不實，均由該公司負責。""], ""header"": {""note"": [], ""subTitle"": [], ""mainTitle"": [""公司當日重大訊息之詳細內容""]}, ""titles"": [{""sub"": [], ""main"": ""序號""}, {""sub"": [], ""main"": ""發言日期""}, {""sub"": [], ""main"": ""發言時間""}, {""sub"": [], ""main"": ""發言人""}, {""sub"": [], ""main"": ""發言人職稱""}, {""sub"": [], ""main"": ""發言人電話""}, {""sub"": [], ""main"": ""主旨""}, {""sub"": [], ""main"": ""符合條款""}, {""sub"": [], ""main"": ""事實發生日""}, {""sub"": [], ""main"": ""說明""}], ""companyAbbreviation"": ""大聯大""}, ""datetime"": ""115/08/12 22:58:58""}",2026-08-12 22:58:15
1150812|sii|4736|3,115/08/12,18:49:14,4736,泰博,公告本公司董事會決議註銷庫藏股暨訂定減資基準日,庫藏股,1150812,sii,3,"{""code"": 200, ""message"": ""查詢成功"", ""result"": {""marketName"": ""上市公司"", ""companyId"": ""4736"", ""data"": [[3, ""115/08/12"", ""18:49:14"", ""陳朝旺"", ""總經理"", ""02-66258188"", ""公告本公司董事會決議註銷庫藏股暨訂定減資基準日"", ""11"", ""115/08/12"", ""1.董事會決議日期:115/08/12\n2.減資緣由:辦理庫藏股註銷\n3.減資金額:新台幣13,340,000元\n4.消除股份:普通股1,334,000股\n5.減資比率:1.27%\n6.減資後股本:103,577,915股\n7.預定股東會日期:不適用\n8.預計減資新股上市後之上市普通股股數:不適用\n9.預計減資新股上市後之上市普通股股數占已發行普通股比率\n（減資後上市普通股股數/減資後已發行普通股股數）:不適用\n10.前二項預計減資後上巿普通股股數未達6000萬股且未達25%者，\n請說明股權流通性偏低之因應措施:不適用\n11.減資基準日:115/09/07\n12.其他應敘明事項:無""]], ""footer"": [""以上資料均由各公司依發言當時所屬市場別之規定申報後，由本系統對外公佈，資料如有虛偽不實，均由該公司負責。""], ""header"": {""note"": [], ""subTitle"": [], ""mainTitle"": [""公司當日重大訊息之詳細內容""]}, ""titles"": [{""sub"": [], ""main"": ""序號""}, {""sub"": [], ""main"": ""發言日期""}, {""sub"": [], ""main"": ""發言時間""}, {""sub"": [], ""main"": ""發言人""}, {""sub"": [], ""main"": ""發言人職稱""}, {""sub"": [], ""main"": ""發言人電話""}, {""sub"": [], ""main"": ""主旨""}, {""sub"": [], ""main"": ""符合條款""}, {""sub"": [], ""main"": ""事實發生日""}, {""sub"": [], ""main"": ""說明""}], ""companyAbbreviation"": ""泰博""}, ""datetime"": ""115/08/12 22:58:59""}",2026-08-12 22:58:15
1150812|sii|1907|3,115/08/12,18:56:58,1907,永豐餘,"代子公司永豐餘工業用紙股份有限公司公告董事會決議通過參與YFYCaymanCo.,Ltd.現金增資案",現金增資,1150812,sii,3,"{""code"": 200, ""message"": ""查詢成功"", ""result"": {""marketName"": ""上市公司"", ""companyId"": ""1907"", ""data"": [[3, ""115/08/12"", ""18:56:58"", ""駱秉正"", ""總經理"", ""02-23968020"", ""代子公司永豐餘工業用紙股份有限公司公告董事會決議通過\r\n參與YFY Cayman Co., Ltd.現金增資案"", ""20"", ""115/08/12"", ""1.標的物之名稱及性質（屬特別股者，並應標明特別股約定發行條件，如股息率等）:\r\nYFY Cayman Co., Ltd.普通股\r\n2.事實發生日:115/8/12~115/8/12\r\n3.董事會通過日期: 民國115年8月12日\r\n4.其他核決日期: 不適用\r\n5.交易數量、每單位價格及交易總金額:\r\n13,500,000股；每股USD 1；USD13,500,000\r\n6.交易相對人及其與公司之關係（交易相對人如屬自然人，且非公司之\r\n關係人者，得免揭露其姓名）:\r\n100%投資之子公司\r\n7.交易相對人為關係人者，並應公告選定關係人為交易對象之原因及前次移\r\n轉之所有人、前次移轉之所有人與公司及交易相對人間相互之關係、前次\r\n移轉日期及移轉金額:\r\n不適用\r\n8.交易標的最近五年內所有權人曾為公司之關係人者，尚應公告關係人之取\r\n得及處分日期、價格及交易當時與公司之關係:\r\n不適用\r\n9.本次係處分債權之相關事項（含處分之債權附隨擔保品種類、處分債權\r\n如有屬對關係人債權者尚需公告關係人名稱及本次處分該關係人之債權\r\n帳面金額:\r\n不適用\r\n10.處分利益（或損失）（取得有價證券者不適用）（原遞延者應列表說明\r\n認列情形）:\r\n不適用\r\n11.交付或付款條件（含付款期間及金額）、契約限制條款及其他重要約定\r\n事項:\r\n無\r\n12.本次交易之決定方式、價格決定之參考依據及決策單位:\r\n永豐餘工業用紙股份有限公司董事會\r\n13.取得或處分有價證券標的公司每股淨值:\r\n39.00元\r\n14.迄目前為止，累積持有本交易證券（含本次交易）之數量、金額、持股\r\n比例及權利受限情形（如質押情形）:\r\n永豐餘工業用紙股份有限公司\n股數：104,865,600.9股\n金額：NTD 4,161,478,869\n投資比例：100 %\n權利受限情形：無\r\n15.迄目前為止，依「公開發行公司取得或處分資產處理準則」第三條所列\r\n之有價證券投資（含本次交易）占公司最近期財務報表中總資產及歸屬\r\n於母公司業主之權益之比例暨最近期財務報表中營運資金數額（註二）:\r\n1.總資產比：4.55%  \n2.股東權益比：5.87%  \n3.114年永豐餘投控個體財報營運資金：NTD -6,573,219仟元\r\n16.經紀人及經紀費用:\r\n無\r\n17.取得或處分之具體目的或用途:\r\n長期投資\r\n18.本次交易表示異議董事之意見:\r\n無\r\n19.本次交易為關係人交易:是\r\n20.監察人承認或審計委員會同意日期:\r\n民國115年8月12日\r\n21.本次交易會計師出具非合理性意見:不適用\r\n22.會計師事務所名稱:\r\n不適用\r\n23.會計師姓名:\r\n不適用\r\n24.會計師開業證書字號:\r\n不適用\r\n25.是否涉及營運模式變更:否\r\n26.營運模式變更說明:\r\n不適用\r\n27.過去一年及預計未來一年內與交易相對人交易情形:\r\n不適用\r\n28.資金來源:\r\n不適用\r\n29.前已就同一件事件發布重大訊息日期: 不適用\r\n30.其他敘明事項:\r\n無""]], ""footer"": [""以上資料均由各公司依發言當時所屬市場別之規定申報後，由本系統對外公佈，資料如有虛偽不實，均由該公司負責。""], ""header"": {""note"": [], ""subTitle"": [], ""mainTitle"": [""公司當日重大訊息之詳細內容""]}, ""titles"": [{""sub"": [], ""main"": ""序號""}, {""sub"": [], ""main"": ""發言日期""}, {""sub"": [], ""main"": ""發言時間""}, {""sub"": [], ""main"": ""發言人""}, {""sub"": [], ""main"": ""發言人職稱""}, {""sub"": [], ""main"": ""發言人電話""}, {""sub"": [], ""main"": ""主旨""}, {""sub"": [], ""main"": ""符合條款""}, {""sub"": [], ""main"": ""事實發生日""}, {""sub"": [], ""main"": ""說明""}], ""companyAbbreviation"": ""永豐餘""}, ""datetime"": ""115/08/12 22:58:59""}",2026-08-12 22:58:15
1150812|sii|1907|1,115/08/12,18:58:20,1907,永豐餘,"代子公司公告YFYCaymanCo.,Ltd.董事會決議辦理現金增資",現金增資,1150812,sii,1,"{""code"": 200, ""message"": ""查詢成功"", ""result"": {""marketName"": ""上市公司"", ""companyId"": ""1907"", ""data"": [[1, ""115/08/12"", ""18:58:20"", ""駱秉正"", ""總經理"", ""02-23968020"", ""代子公司公告YFY Cayman Co., Ltd.董事會決議辦理\r\n現金增資"", ""11"", ""115/08/12"", ""1.董事會決議日期:115/08/12\n2.增資資金來源:母公司永豐餘工業用紙股份有限公司現金增資\n3.是否採總括申報發行新股(是，請併敘明預定發行期間/否):否\n4.全案發行總金額及股數(如屬盈餘或公積轉增資，發行股數則不含配發給員工部分):\n 13,500,000美元/13,500,000股\n5.採總括申報發行新股案件，本次發行金額及股數:不適用\n6.採總括申報發行新股案件，本次發行後，剩餘之金額及股數餘額:不適用\n7.每股面額:每股1美元\n8.發行價格:每股1美元\n9.員工認購股數或配發金額:不適用\n10.公開銷售股數:不適用\n11.原股東認購或無償配發比例:100%\n12.畸零股及逾期未認購股份之處理方式:不適用\n13.本次發行新股之權利義務:新股之權利義務與原有股份相同\n14.本次增資資金用途:長期投資\n15.現金減資後再行募資之合理性及必要性\n(募資當年度及前一年度有辦理現金減資者適用):不適用\n16.其他應敘明事項:基準日訂定為115/08/14""]], ""footer"": [""以上資料均由各公司依發言當時所屬市場別之規定申報後，由本系統對外公佈，資料如有虛偽不實，均由該公司負責。""], ""header"": {""note"": [], ""subTitle"": [], ""mainTitle"": [""公司當日重大訊息之詳細內容""]}, ""titles"": [{""sub"": [], ""main"": ""序號""}, {""sub"": [], ""main"": ""發言日期""}, {""sub"": [], ""main"": ""發言時間""}, {""sub"": [], ""main"": ""發言人""}, {""sub"": [], ""main"": ""發言人職稱""}, {""sub"": [], ""main"": ""發言人電話""}, {""sub"": [], ""main"": ""主旨""}, {""sub"": [], ""main"": ""符合條款""}, {""sub"": [], ""main"": ""事實發生日""}, {""sub"": [], ""main"": ""說明""}], ""companyAbbreviation"": ""永豐餘""}, ""datetime"": ""115/08/12 22:59:00""}",2026-08-12 22:58:15
1150812|sii|1907|2,115/08/12,18:58:36,1907,永豐餘,"代子公司YFYCaymanCo.,Ltd.公告董事會決議現金增資基準日",現金增資,1150812,sii,2,"{""code"": 200, ""message"": ""查詢成功"", ""result"": {""marketName"": ""上市公司"", ""companyId"": ""1907"", ""data"": [[2, ""115/08/12"", ""18:58:36"", ""駱秉正"", ""總經理"", ""02-23968020"", ""代子公司YFY Cayman Co., Ltd.公告董事會決議現金增資\r\n基準日"", ""11"", ""115/08/12"", ""1.董事會決議或公司決定日期:115/08/12\n2.發行股數:13,500,000股\n3.每股面額:每股1美元\n4.發行總金額:13,500,000美元\n5.發行價格:每股1美元\n6.員工認股股數:不適用\n7.原股東認購比率:100%\n8.公開銷售方式及股數:不適用\n9.畸零股及逾期未認購股份之處理方式:不適用\n10.本次發行新股之權利義務:新股之權利義務與原有股份相同\n11.本次增資資金用途:長期投資\n12.現金增資認股基準日:115/08/14\n13.最後過戶日:不適用\n14.停止過戶起始日期:不適用\n15.停止過戶截止日期:不適用\n16.股款繳納期間:115/08/14~115/09/30\n17.與代收及專戶存儲價款行庫訂約日期:不適用\n18.委託代收存款機構:不適用\n19.委託存儲款項機構:不適用\n20.其他應敘明事項:無""]], ""footer"": [""以上資料均由各公司依發言當時所屬市場別之規定申報後，由本系統對外公佈，資料如有虛偽不實，均由該公司負責。""], ""header"": {""note"": [], ""subTitle"": [], ""mainTitle"": [""公司當日重大訊息之詳細內容""]}, ""titles"": [{""sub"": [], ""main"": ""序號""}, {""sub"": [], ""main"": ""發言日期""}, {""sub"": [], ""main"": ""發言時間""}, {""sub"": [], ""main"": ""發言人""}, {""sub"": [], ""main"": ""發言人職稱""}, {""sub"": [], ""main"": ""發言人電話""}, {""sub"": [], ""main"": ""主旨""}, {""sub"": [], ""main"": ""符合條款""}, {""sub"": [], ""main"": ""事實發生日""}, {""sub"": [], ""main"": ""說明""}], ""companyAbbreviation"": ""永豐餘""}, ""datetime"": ""115/08/12 22:59:00""}",2026-08-12 22:58:15
1150812|sii|3533|2,115/08/12,20:06:59,3533,嘉澤,本公司董事會決議參與子公司嘉基科技股份有限公司現金增資認股案,現金增資,1150812,sii,2,"{""code"": 200, ""message"": ""查詢成功"", ""result"": {""marketName"": ""上市公司"", ""companyId"": ""3533"", ""data"": [[2, ""115/08/12"", ""20:06:59"", ""蔡明叡"", ""業務資深副總經理"", ""02 24331110"", ""本公司董事會決議參與子公司嘉基科技股份有限公司現金增資認股案"", ""20"", ""115/08/12"", ""1.標的物之名稱及性質（屬特別股者，並應標明特別股約定發行條件，如股息率等）:\r\n嘉基科技股份有限公司普通股\r\n2.事實發生日:115/8/12~115/8/12\r\n3.董事會通過日期: 民國115年8月12日\r\n4.其他核決日期: 不適用\r\n5.交易數量、每單位價格及交易總金額:\r\n(1)交易單位數量：2,252,852股\n(2)每單位價格：每股新台幣310元\n(3)交易總金額：新台幣698,384,120元\r\n6.交易相對人及其與公司之關係（交易相對人如屬自然人，且非公司之\r\n關係人者，得免揭露其姓名）:\r\n交易相對人:嘉基科技股份有限公司\n與公司之關係:本公司為嘉基科技股份有限公司之董事\r\n7.交易相對人為關係人者，並應公告選定關係人為交易對象之原因及前次移\r\n轉之所有人、前次移轉之所有人與公司及交易相對人間相互之關係、前次\r\n移轉日期及移轉金額:\r\n不適用(現金增資)\r\n8.交易標的最近五年內所有權人曾為公司之關係人者，尚應公告關係人之取\r\n得及處分日期、價格及交易當時與公司之關係:\r\n不適用\r\n9.本次係處分債權之相關事項（含處分之債權附隨擔保品種類、處分債權\r\n如有屬對關係人債權者尚需公告關係人名稱及本次處分該關係人之債權\r\n帳面金額:\r\n不適用\r\n10.處分利益（或損失）（取得有價證券者不適用）（原遞延者應列表說明\r\n認列情形）:\r\n不適用\r\n11.交付或付款條件（含付款期間及金額）、契約限制條款及其他重要約定\r\n事項:\r\n依嘉基科技股份有限公司現金增資規定繳納期間以匯款方式支付\r\n12.本次交易之決定方式、價格決定之參考依據及決策單位:\r\n(1)交易決定方式及價格參考依據：依嘉基科技現金增資訂價辦法，按其董事會決議之\n每股認購價格新台幣 310 元認購。\n(2)決策單位：董事會\r\n13.取得或處分有價證券標的公司每股淨值:\r\n53.93元\r\n14.迄目前為止，累積持有本交易證券（含本次交易）之數量、金額、持股\r\n比例及權利受限情形（如質押情形）:\r\n(1)累計持有數量:34,156,161股\n(2)累計持有金額:341,561,610元\n(2)持股比例:45.99%\n(3)權利受限情形：無\r\n15.迄目前為止，依「公開發行公司取得或處分資產處理準則」第三條所列\r\n之有價證券投資（含本次交易）占公司最近期財務報表中總資產及歸屬\r\n於母公司業主之權益之比例暨最近期財務報表中營運資金數額（註二）:\r\n(1)占總資產之比例:67.53%\n(2)占歸屬於母公司業主之權利之比例:83.36%\n(3)營運資金數額:新台幣6,766,930仟元\r\n16.經紀人及經紀費用:\r\n不適用\r\n17.取得或處分之具體目的或用途:\r\n長期股權投資\r\n18.本次交易表示異議董事之意見:\r\n無\r\n19.本次交易為關係人交易:是\r\n20.監察人承認或審計委員會同意日期:\r\n民國115年8月12日\r\n21.本次交易會計師出具非合理性意見:不適用\r\n22.會計師事務所名稱:\r\n不適用\r\n23.會計師姓名:\r\n不適用\r\n24.會計師開業證書字號:\r\n不適用\r\n25.是否涉及營運模式變更:否\r\n26.營運模式變更說明:\r\n不適用\r\n27.過去一年及預計未來一年內與交易相對人交易情形:\r\n不適用\r\n28.資金來源:\r\n自有資金\r\n29.前已就同一件事件發布重大訊息日期: 不適用\r\n30.其他敘明事項:\r\n無""]], ""footer"": [""以上資料均由各公司依發言當時所屬市場別之規定申報後，由本系統對外公佈，資料如有虛偽不實，均由該公司負責。""], ""header"": {""note"": [], ""subTitle"": [], ""mainTitle"": [""公司當日重大訊息之詳細內容""]}, ""titles"": [{""sub"": [], ""main"": ""序號""}, {""sub"": [], ""main"": ""發言日期""}, {""sub"": [], ""main"": ""發言時間""}, {""sub"": [], ""main"": ""發言人""}, {""sub"": [], ""main"": ""發言人職稱""}, {""sub"": [], ""main"": ""發言人電話""}, {""sub"": [], ""main"": ""主旨""}, {""sub"": [], ""main"": ""符合條款""}, {""sub"": [], ""main"": ""事實發生日""}, {""sub"": [], ""main"": ""說明""}], ""companyAbbreviation"": ""嘉澤""}, ""datetime"": ""115/08/12 22:59:01""}",2026-08-12 22:58:15
1150812|sii|6645|1,115/08/12,21:04:43,6645,金萬林-創,公告本公司修訂「國內第一次有擔保轉換公司債發行及轉換辦法」業經金融監督管理委員會核准,公司債,1150812,sii,1,"{""code"": 200, ""message"": ""查詢成功"", ""result"": {""marketName"": ""上市公司"", ""companyId"": ""6645"", ""data"": [[1, ""115/08/12"", ""21:04:43"", ""楊文明"", ""總經理"", ""(02)26976888"", ""公告本公司修訂「國內第一次有擔保轉換公司債發行及\r\n轉換辦法」業經金融監督管理委員會核准"", ""51"", ""115/08/12"", ""1.事實發生日:115/08/12\n2.公司名稱:金萬林企業股份有限公司\n3.與公司關係(請輸入本公司或子公司):本公司\n4.相互持股比例:不適用\n5.發生緣由:\n本公司依據金融監督管理委員會114年5月5日金管證發字\n第1140382105號函規定，修訂「國內第一次有擔保轉換公司債發行　\n及轉換辦法」，業經金融監督管理委員會115年8月11日金管證發字\n第1150352614號函申報生效在案。\n6.因應措施:無\n7.其他應敘明事項(若事件發生或決議之主體係屬公開發行以上公司，本則重大訊息同時\n  符合證券交易法施行細則第7條第9款所定對股東權益或證券價格有重大影響之事項):\n本公司「國內第一次有擔保轉換公司債發行及轉換辦法」修訂條文對照內容，請參閱　\n本公司115年3月5日發布之重大訊息，申報核准後完整「國內第一次有擔保轉換公司債\n發行及轉換辦法」，請至公開資訊觀測站「債券發行資訊查詢」。""]], ""footer"": [""以上資料均由各公司依發言當時所屬市場別之規定申報後，由本系統對外公佈，資料如有虛偽不實，均由該公司負責。""], ""header"": {""note"": [], ""subTitle"": [], ""mainTitle"": [""公司當日重大訊息之詳細內容""]}, ""titles"": [{""sub"": [], ""main"": ""序號""}, {""sub"": [], ""main"": ""發言日期""}, {""sub"": [], ""main"": ""發言時間""}, {""sub"": [], ""main"": ""發言人""}, {""sub"": [], ""main"": ""發言人職稱""}, {""sub"": [], ""main"": ""發言人電話""}, {""sub"": [], ""main"": ""主旨""}, {""sub"": [], ""main"": ""符合條款""}, {""sub"": [], ""main"": ""事實發生日""}, {""sub"": [], ""main"": ""說明""}], ""companyAbbreviation"": ""金萬林-創""}, ""datetime"": ""115/08/12 22:59:02""}",2026-08-12 22:58:15
1150810|otc|3666|1,115/08/11,17:32:59,3666,光耀,公告本公司114年第二次股東臨時會決議之私募普通股剩餘額度於剩餘期限中不繼續辦理。,私募普通股,1150810,otc,1,"{""code"": 200, ""message"": ""查詢成功"", ""result"": {""marketName"": ""上櫃公司"", ""companyId"": ""3666"", ""data"": [[1, ""115/08/11"", ""17:32:59"", ""何秉海"", ""總經理"", ""03-5776686"", ""公告本公司114年第二次股東臨時會決議之私募普通股剩\r\n餘額度於剩餘期限中不繼續辦理。"", ""16"", ""115/08/11"", ""1.董事會決議變更日期:115/08/11\n2.原計畫申報生效日期:114/09/09\n3.追補發行日期:不適用\n4.變動原因:\n(1)本公司民國114年09月09日第二次股東臨時會通過不超過100,000,000\n股額度內私募普通股，於股東會決議之日起一年內，分三次辦理。\n(2)本公司民國114年11月24日辦理第一次私募後，私募普通股剩餘額度\n因在剩餘發行期限內無繼續辦理私募普通股之計畫，故不繼續辦理，本\n案將提115年第二次股東臨時會報告。\n5.歷次變更前後募集資金計畫:不適用\n6.預計執行進度:不適用\n7.預計完成日期:不適用\n8.預計可能產生效益:不適用\n9.與原預計效益產生之差異:不適用\n10.本次變更對股東權益之影響:不適用\n11.原主辦承銷商評估意見摘要:不適用\n12.其他應敘明事項:不適用""]], ""footer"": [""以上資料均由各公司依發言當時所屬市場別之規定申報後，由本系統對外公佈，資料如有虛偽不實，均由該公司負責。""], ""header"": {""note"": [], ""subTitle"": [], ""mainTitle"": [""公司當日重大訊息之詳細內容""]}, ""titles"": [{""sub"": [], ""main"": ""序號""}, {""sub"": [], ""main"": ""發言日期""}, {""sub"": [], ""main"": ""發言時間""}, {""sub"": [], ""main"": ""發言人""}, {""sub"": [], ""main"": ""發言人職稱""}, {""sub"": [], ""main"": ""發言人電話""}, {""sub"": [], ""main"": ""主旨""}, {""sub"": [], ""main"": ""符合條款""}, {""sub"": [], ""main"": ""事實發生日""}, {""sub"": [], ""main"": ""說明""}], ""companyAbbreviation"": ""光耀""}, ""datetime"": ""115/08/12 22:59:02""}",2026-08-12 22:58:15
1150810|otc|3323|2,115/08/11,17:34:52,3323,加百裕,公告本公司國內第三次無擔保轉換公司債轉換普通股增資基準日,公司債,1150810,otc,2,"{""code"": 200, ""message"": ""查詢成功"", ""result"": {""marketName"": ""上櫃公司"", ""companyId"": ""3323"", ""data"": [[2, ""115/08/11"", ""17:34:52"", ""林建羽"", ""財務長"", ""(03)4899054#1200"", ""公告本公司國內第三次無擔保轉換公司債轉換普通股增資基準日"", ""11"", ""115/08/11"", ""1.董事會決議日期:115/08/11\n2.增資資金來源:國內第三次無擔保轉換公司債執行轉換\n3.是否採總括申報發行新股(是，請併敘明預定發行期間/否):否\n4.全案發行總金額及股數(如屬盈餘或公積轉增資，發行股數則不含配發給員工部分):\n發行總金額:新台幣1,901,810元\n發行股數:190,181股\n5.採總括申報發行新股案件，本次發行金額及股數:不適用\n6.採總括申報發行新股案件，本次發行後，剩餘之金額及股數餘額:不適用\n7.每股面額:新台幣10元\n8.發行價格:不適用\n9.員工認購股數或配發金額:不適用\n10.公開銷售股數:不適用\n11.原股東認購或無償配發比例(請註明暫定每仟股認購或配發股數):不適用\n12.畸零股及逾期未認購股份之處理方式:不適用\n13.本次發行新股之權利義務:與原流通在外股份相同\n14.本次增資資金用途:不適用\n15.現金減資後再行募資之合理性及必要性\n(募資當年度及前一年度有辦理現金減資者適用):不適用\n16.其他應敘明事項:\n(1)本次公司債轉換發行新股，增資基準日為民國115年08月11日,\n並依法令規定辦理變更登記事宜。\n(2)增資前實收資本額：新台幣994,032,040元，\n增資後實收資本額：新台幣995,933,850元。""]], ""footer"": [""以上資料均由各公司依發言當時所屬市場別之規定申報後，由本系統對外公佈，資料如有虛偽不實，均由該公司負責。""], ""header"": {""note"": [], ""subTitle"": [], ""mainTitle"": [""公司當日重大訊息之詳細內容""]}, ""titles"": [{""sub"": [], ""main"": ""序號""}, {""sub"": [], ""main"": ""發言日期""}, {""sub"": [], ""main"": ""發言時間""}, {""sub"": [], ""main"": ""發言人""}, {""sub"": [], ""main"": ""發言人職稱""}, {""sub"": [], ""main"": ""發言人電話""}, {""sub"": [], ""main"": ""主旨""}, {""sub"": [], ""main"": ""符合條款""}, {""sub"": [], ""main"": ""事實發生日""}, {""sub"": [], ""main"": ""說明""}], ""companyAbbreviation"": ""加百裕""}, ""datetime"": ""115/08/12 22:59:03""}",2026-08-12 22:58:15
1150811|otc|5536|1,115/08/11,17:36:19,5536,聖暉*,本公司代重要子公司聖暉系統集成集團股份有限公司公告發行無擔保可轉換公司債獲中國證監會同意,公司債,1150811,otc,1,"{""code"": 200, ""message"": ""查詢成功"", ""result"": {""marketName"": ""上櫃公司"", ""companyId"": ""5536"", ""data"": [[1, ""115/08/11"", ""17:36:19"", ""梁鈞幃"", ""董事長特助"", ""04-22581516"", ""本公司代重要子公司聖暉系統集成集團股份有限公司公告發\r\n行無擔保可轉換公司債獲中國證監會同意"", ""53"", ""115/08/11"", ""1.事實發生日:115/08/11\n2.公司名稱:聖暉系統集成集團股份有限公司\n3.與公司關係(請輸入本公司或子公司):子公司\n4.相互持股比例:本公司間接持有64.997%之子公司\n5.發生緣由:子公司聖暉系統集成集團股份有限公司發行無擔保可轉換公司債獲中國證監\n會同意。\n6.因應措施:不適用\n7.其他應敘明事項(若事件發生或決議之主體係屬公開發行以上公司，\n本則重大訊息同時符合證券交易法施行細則第7條第9款所定\n對股東權益或證券價格有重大影響之事項):無。""]], ""footer"": [""以上資料均由各公司依發言當時所屬市場別之規定申報後，由本系統對外公佈，資料如有虛偽不實，均由該公司負責。""], ""header"": {""note"": [], ""subTitle"": [], ""mainTitle"": [""公司當日重大訊息之詳細內容""]}, ""titles"": [{""sub"": [], ""main"": ""序號""}, {""sub"": [], ""main"": ""發言日期""}, {""sub"": [], ""main"": ""發言時間""}, {""sub"": [], ""main"": ""發言人""}, {""sub"": [], ""main"": ""發言人職稱""}, {""sub"": [], ""main"": ""發言人電話""}, {""sub"": [], ""main"": ""主旨""}, {""sub"": [], ""main"": ""符合條款""}, {""sub"": [], ""main"": ""事實發生日""}, {""sub"": [], ""main"": ""說明""}], ""companyAbbreviation"": ""聖暉*""}, ""datetime"": ""115/08/12 22:59:04""}",2026-08-12 22:58:15
1150811|otc|3710|5,115/08/11,17:37:13,3710,連展投控,公告本公司董事會決議現金增資持股100%之子公司連展科技股份有限公司,現金增資,1150811,otc,5,"{""code"": 200, ""message"": ""查詢成功"", ""result"": {""marketName"": ""上櫃公司"", ""companyId"": ""3710"", ""data"": [[5, ""115/08/11"", ""17:37:13"", ""陳志斌"", ""副總經理"", ""(02)2917-5598"", ""公告本公司董事會決議現金增資持股100%之子公司連展科技股份有限公司"", ""20"", ""115/08/11"", ""1.標的物之名稱及性質（屬特別股者，並應標明特別股約定發行條件，如股息率等）:\r\n連展科技股份有限公司之普通股\r\n2.事實發生日:115/8/11~115/8/11\r\n3.董事會通過日期: 民國115年8月11日\r\n4.其他核決日期: 不適用\r\n5.交易數量、每單位價格及交易總金額:\r\n交易單位數量：15,000,000股\n每單位價格：每股新台幣10元\n交易總金額：新台幣150,000,000元\r\n6.交易相對人及其與公司之關係（交易相對人如屬自然人，且非公司之\r\n關係人者，得免揭露其姓名）:\r\n交易相對人：連展科技股份有限公司\n與公司之關係：本公司100%持股之子公司\r\n7.交易相對人為關係人者，並應公告選定關係人為交易對象之原因及前次移\r\n轉之所有人、前次移轉之所有人與公司及交易相對人間相互之關係、前次\r\n移轉日期及移轉金額:\r\n現金增資故不適用。\r\n8.交易標的最近五年內所有權人曾為公司之關係人者，尚應公告關係人之取\r\n得及處分日期、價格及交易當時與公司之關係:\r\n現金增資故不適用。\r\n9.本次係處分債權之相關事項（含處分之債權附隨擔保品種類、處分債權\r\n如有屬對關係人債權者尚需公告關係人名稱及本次處分該關係人之債權\r\n帳面金額:\r\n不適用\r\n10.處分利益（或損失）（取得有價證券者不適用）（原遞延者應列表說明\r\n認列情形）:\r\n不適用\r\n11.交付或付款條件（含付款期間及金額）、契約限制條款及其他重要約定\r\n事項:\r\n依增資計畫執行\r\n12.本次交易之決定方式、價格決定之參考依據及決策單位:\r\n本公司董事會決議\r\n13.取得或處分有價證券標的公司每股淨值:\r\n0.64元\r\n14.迄目前為止，累積持有本交易證券（含本次交易）之數量、金額、持股\r\n比例及權利受限情形（如質押情形）:\r\n累積持有數量：188,810,721股\n累積持有金額：新台幣2,038,107,210元\n累積持有持股比例：100%\n權利受限情形：無\r\n15.迄目前為止，依「公開發行公司取得或處分資產處理準則」第三條所列\r\n之有價證券投資（含本次交易）占公司最近期財務報表中總資產及歸屬\r\n於母公司業主之權益之比例暨最近期財務報表中營運資金數額（註二）:\r\n占總資產比例：18.55%\n占歸屬於母公司業主之權益比例：28.76%\n營運資金數額：NTD$309,607仟元\r\n16.經紀人及經紀費用:\r\n不適用\r\n17.取得或處分之具體目的或用途:\r\n支應子公司營運需求\r\n18.本次交易表示異議董事之意見:\r\n無\r\n19.本次交易為關係人交易:是\r\n20.監察人承認或審計委員會同意日期:\r\n民國115年8月11日\r\n21.本次交易會計師出具非合理性意見:不適用\r\n22.會計師事務所名稱:\r\n不適用\r\n23.會計師姓名:\r\n不適用\r\n24.會計師開業證書字號:\r\n不適用\r\n25.是否涉及營運模式變更:否\r\n26.營運模式變更說明:\r\n不適用\r\n27.過去一年及預計未來一年內與交易相對人交易情形:\r\n不適用\r\n28.資金來源:\r\n自有資金\r\n29.前已就同一件事件發布重大訊息日期: 不適用\r\n30.其他敘明事項:\r\n不適用""]], ""footer"": [""以上資料均由各公司依發言當時所屬市場別之規定申報後，由本系統對外公佈，資料如有虛偽不實，均由該公司負責。""], ""header"": {""note"": [], ""subTitle"": [], ""mainTitle"": [""公司當日重大訊息之詳細內容""]}, ""titles"": [{""sub"": [], ""main"": ""序號""}, {""sub"": [], ""main"": ""發言日期""}, {""sub"": [], ""main"": ""發言時間""}, {""sub"": [], ""main"": ""發言人""}, {""sub"": [], ""main"": ""發言人職稱""}, {""sub"": [], ""main"": ""發言人電話""}, {""sub"": [], ""main"": ""主旨""}, {""sub"": [], ""main"": ""符合條款""}, {""sub"": [], ""main"": ""事實發生日""}, {""sub"": [], ""main"": ""說明""}], ""companyAbbreviation"": ""連展投控""}, ""datetime"": ""115/08/12 22:59:05""}",2026-08-12 22:58:15
1150811|otc|6945|1,115/08/11,17:44:33,6945,圓祥生技,公告本公司董事會決議買回庫藏股,庫藏股,1150811,otc,1,"{""code"": 200, ""message"": ""查詢成功"", ""result"": {""marketName"": ""上櫃公司"", ""companyId"": ""6945"", ""data"": [[1, ""115/08/11"", ""17:44:33"", ""何正宏"", ""總經理"", ""02-26532886"", ""公告本公司董事會決議買回庫藏股"", ""35"", ""115/08/11"", ""1.董事會決議日期:115/08/11\r\n2.買回股份目的:轉讓股份予員工\r\n3.買回股份種類:普通股\r\n4.買回股份總金額上限(元):1,143,569,155\r\n5.預定買回之期間:115/08/12~115/10/11\r\n6.預定買回之數量(股):2,000,000\r\n7.買回區間價格(元):76.00~150.00，公司股價低於區間價格下限，將繼續買回\r\n8.買回方式:自集中交易市場買回\r\n9.預定買回股份占公司已發行股份總數之比率(%):2.06\r\n10.申報時已持有本公司股份之累積股數(股):0\r\n11.申報前五年內買回公司股份之情形:\r\n無買回\r\n12.已申報買回但未執行完畢之情形:\r\n無此情形\r\n13.董事會決議買回股份之會議紀錄:\r\n本公司經第五屆第2次董事會決議通過\r\n由於何正宏董事、議事人員黃甫程處長及曾莞如處長，為本案之利害關係人(具員工身分)，本案討\r\n論前先行離席進行利益迴避。\r\n案由九:本公司擬執行買回本公司股份（庫藏股）案，提請 決議。\r\n說 明：\r\n一、本公司為激勵員工及提升員工向心力，擬依「證券交易法」第28條之2第1項第1款、金融監督管\r\n理委員會發布之「上市上櫃公司買回本公司股份辦法」及本公司「庫藏股買回辦法」與「買回股份轉\r\n讓員工辦法」之規定，執行買回本公司股份並轉讓予員工。\r\n二、本次買回本公司股份相關事宜規劃如下：\r\n買回股份之目的：轉讓股份予員工。\r\n買回股份之種類：普通股。\r\n買回股份之總金額上限：暫訂新臺幣2.6億元。\r\n預定買回之期間與數量：預定於董事會通過後次日起兩個月內止，買回普通股共計2,000千股（即\r\n2,000張），占本公司已發行股份總數約2.06%。\r\n買回之區間價格：暫定76元至150元（當公司股價低於所定區間價格下限時，將繼續買回）。\r\n買回之方式：於集中交易市場買回。\r\n三、本次買回股份總數及總金額，均符合法令規定之上限；買回執行過程亦將恪遵內線交易防制及相\r\n關作業規範。詳細買回計畫及財務影響評估請參閱附件十三。\r\n四、本案經評估不影響本公司資本維持及正常營運，提報董事會討論通過後依法辦理公告及申報事\r\n宜；如遇法令更新、或應主管機關要求而需修正時，亦授權董事長全權處理。\r\n五、謹提請 討論。\r\n決 議：除何正宏董事因與本案具利害關係離席迴避外，經主席徵詢其餘出席董事，無異議照案通\r\n過。\r\n14.「上市上櫃公司買回本公司股份辦法」第十條規定之轉讓辦法:\r\n圓祥生技股份有限公司\r\n第一條　目的\r\n本公司為激勵員工及提昇員工向心力，依據「證券交易法」第28條之2第1項第1款及「上市上櫃公司\r\n買回本公司股份辦法」等相關規定，訂定本辦法。\r\n本公司買回股份轉讓予員工，除依有關法令規定外，悉依本辦法規定辦理。\r\n第二條　轉讓股份之種類、權利內容及權利受限情形\r\n本辦法適用於轉讓予員工之股份為普通股，其權利義務除有關法令及本辦法另有規定者外，與其他流\r\n通在外普通股相同。\r\n第三條　轉讓期間\r\n適用本辦法之規定買回之股份，應自買回股份之日起五年內，一次或分次轉讓予員工。\r\n第四條　受讓人之資格\r\n凡於認股基準日前到職滿1年或對公司有特殊貢獻，經提報董事會同意之本公司全職員工及符合一定\r\n條件之國內外控制或從屬公司之全職員工，得依本辦法第五條所定認購數額，享有認購資格。\r\n所稱國內外控制或從屬公司，係依公司法第三百六十九條之二、第三百六十九條之三、第三百六十九\r\n條之九、第三百六十九條之十一之標準認定之。\r\n第五條　員工得認購股數\r\n員工認購比例及股數之決定得以其職等、職稱、服務年資、薪資、個人表現、績效表現及對公司之特\r\n殊貢獻等標準，訂定員工得受讓股份之權數，並須兼顧認股基準日時公司持有之買回股份總額及單一\r\n員工認購股數之上限等因素；受讓人資格及轉讓審核程序，應依本辦法及相關法令規定辦理；轉讓審\r\n核程序至少應包括具經理人身分，須提報薪資報酬委員會同意，非經理人應提報審計委員會同意，再\r\n提報董事會決議。實際具體認購資格及認購數量由董事會決議，不得授權董事長決定。\r\n員工於認購繳款期間屆滿而未認購繳款者，視為棄權；認購不足之餘額，得由董事長另洽員工認購\r\n之。\r\n第六條　轉讓之程序\r\n適用本辦法之買回股份轉讓予員工之作業程序：\r\n一、依董事會之決議，公告、申報並於執行期限內買回本公司股份。\r\n二、董事會依本辦法訂定及公布員工認股基準日、得認購股數標準、認購繳款期間、權利內容及限制\r\n條件等作業事項。\r\n三、統計實際認購繳款股數，辦理股票轉讓過戶登記。\r\n第七條　約定之每股轉讓價格\r\n本辦法所定買回股份轉讓予員工之轉讓價格，以本公司實際買回股份之平均價格為原則。\r\n惟如符合「上市上櫃公司買回本公司股份辦法」第十條之一規定，擬以低於實際買回股份平均價格轉\r\n讓予員工者，應提經最近一次股東會，由有代表已發行股份總數過半數股東出席，並經出席股東表決\r\n權三分之二以上同意始得為之；且應於該次股東會召集事由中列舉並說明相關事項，不得以臨時動議\r\n提出。\r\n本公司轉讓予員工之轉讓價格，如遇本公司已發行普通股股份增加或減少（包括現金增資、盈餘轉增\r\n資、資本公積轉增資、公司合併、股票分割、減資等），或因變更股票面額致已發行普通股股數增\r\n減，而須配合調整股價時，在轉讓股數條件不變之前提下，得按已發行普通股股份增減比率或股票面\r\n額變更比例調整轉讓價格。調整後之轉讓價格依下列公式計算：\r\n一、股份增減轉讓價格調整公式：\r\n調整後轉讓價格＝調整前轉讓價格 ×（調整前已發行普通股股數 ÷ 調整後已發行普通股股數）\r\n二、變更面額轉讓價格調整公式：\r\n調整後轉讓價格＝調整前轉讓價格 ×（調整後每股面額 ÷ 調整前每股面額）\r\n第八條　轉讓後之權利義務\r\n適用本辦法之買回股份轉讓予員工並辦理過戶登記後，除另有規定者外，餘權利義務與原有股份相\r\n同。\r\n第九條　其他有關公司與員工權利義務事項\r\n依本辦法轉讓之股份，其所發生之稅捐及費用依轉讓當時之法令及公司相關作業辦理。\r\n第十條　其他\r\n本公司為轉讓股份予員工所買回之股份，應自買回之日起五年內全數轉讓，逾期未轉讓部份，視為本\r\n公司未發行股份，應依法辦理銷除股份變更登記。\r\n本辦法經董事會決議通過後生效，修正時亦同；未盡事宜悉依相關法令辦理。\r\n15.「上市上櫃公司買回本公司股份辦法」第十一條規定之轉換或認股辦法:\r\n不適用\r\n16.董事會已考慮公司財務狀況，不影響公司資本維持之聲明:\r\n一、本公司經115年08月11日第五屆第2次董事會三分之二以上董事之出席及出席董事超過二分之一\r\n之同意通過，自申報日起二個月內於集中交易市場買回本公司 股份2,000仟股。\r\n二、上述買回股份總數，僅占本公司已發行股份之百分之 2.06 %，且買回股份所需金額上限僅占本\r\n公司民國115年第二季流動資產之11.58%，茲聲明本公司董事會已考慮公司財務狀況，上述股份之買\r\n回並不影響本公司資本之維持。\r\n三、本聲明書業經本公司上述同次董事會議通過，除利益迴避之1席董事外，其餘出席董事共6人同\r\n意本聲明書之內容，併此聲明。\r\n17.會計師或證券承銷商對買回股份價格之合理性評估意見:\r\n依元大證券股份有限公司之評估意見，圓祥生技股份有限公司本次買回公司股份訂定之價格區間，其決\r\n策過程具合法性，價格區間之訂定及對公司財務之影響亦尚屬合理，尚無重大異常情事。\r\n18.其他證期局所規定之事項:\r\n無""]], ""footer"": [""以上資料均由各公司依發言當時所屬市場別之規定申報後，由本系統對外公佈，資料如有虛偽不實，均由該公司負責。""], ""header"": {""note"": [], ""subTitle"": [], ""mainTitle"": [""公司當日重大訊息之詳細內容""]}, ""titles"": [{""sub"": [], ""main"": ""序號""}, {""sub"": [], ""main"": ""發言日期""}, {""sub"": [], ""main"": ""發言時間""}, {""sub"": [], ""main"": ""發言人""}, {""sub"": [], ""main"": ""發言人職稱""}, {""sub"": [], ""main"": ""發言人電話""}, {""sub"": [], ""main"": ""主旨""}, {""sub"": [], ""main"": ""符合條款""}, {""sub"": [], ""main"": ""事實發生日""}, {""sub"": [], ""main"": ""說明""}], ""companyAbbreviation"": ""圓祥生技""}, ""datetime"": ""115/08/12 22:59:05""}",2026-08-12 22:58:15
1150811|otc|8084|3,115/08/11,18:26:31,8084,巨虹,公告本公司現金增資認股基準日及相關事宜,現金增資,1150811,otc,3,"{""code"": 200, ""message"": ""查詢成功"", ""result"": {""marketName"": ""上櫃公司"", ""companyId"": ""8084"", ""data"": [[3, ""115/08/11"", ""18:26:31"", ""唐嘉君"", ""董事長"", ""82271166"", ""公告本公司現金增資認股基準日及相關事宜"", ""11"", ""115/08/11"", ""1.董事會決議或公司決定增資基準日期:115/08/11\n2.是否採總括申報發行新股(是，請併敘明預定發行期間/否):否\n3.主管機關申報生效日期:115/08/11\n4.董事會決議(追補)發行日期:115/07/03\n5.發行總金額及股數:\n發行總金額：新臺幣1,052,400,000元\n發行總股數：105,240,000股\n6.採總括申報發行新股案件，本次發行金額及股數:不適用\n7.採總括申報發行新股案件，本次發行後，剩餘之金額及股數餘額:不適用\n8.每股面額:新臺幣10元\n9.發行價格:實際發行價格於訂定後另行公告。\n10.員工認股股數:\n依公司法第267條規定，保留發行新股總額10%計10,524,000股由本公司員工認購\n11.原股東認購比率:\n80%，計84,192,000股，由原股東按照認股基準日股東名簿記載之持股比例認購\n12.公開銷售方式及股數:\n依證券交易法第28條之1規定，提撥發行新股總額10%計10,524,000股對外公開承銷。\n13.畸零股及逾期未認購股份之處理方式:\n股東認購不足一股之畸零股得由股東自行在停止過戶日起五日內，逕向本公司\n股務代理機構構辦理拼湊成整股認購，其拼湊不足一股之畸零股及原股東、\n員工放棄認購或認購不足及逾期未辦理拼湊之部份，擬授權董事長洽特定人\n按實際發行價格認足。\n14.本次發行新股之權利義務:與原已發行之股份相同\n15.本次增資資金用途:\n轉投資宏康公司增資發行新股暨向宏康公司第三方股東買回全數股權，\n並用以支應宏康公司取得Midas Health Company Limited股權。\n16.現金增資認股基準日:115/09/01\n17.最後過戶日:115/08/27\n18.停止過戶起始日期:115/08/28\n19.停止過戶截止日期:115/09/01\n20.股款繳納期間:\n原股東及員工繳款期間為115/09/04~115/09/08\n特定人繳款期間為115/09/09~115/09/11。\n21.與代收及專戶存儲價款行庫訂約日期:正式簽約後另行公告\n22.委託代收存款機構:正式簽約後另行公告\n23.委託存儲款項機構:正式簽約後另行公告\n24.其他應敘明事項:\n(1)本公司辦理115年現金增資發行新股105,240,000股乙案，業經金管會115年8月11日\n金管證發字第1150350293號函生效在案。\n(2)本次現金增資之重要內容，包括實際發行價格、發行股數、發行條件及方式、募集\n金額、計畫項目、資金運用進度、預計可能產生效益暨其他一切有關本次現金增資發\n行計畫之相關事項、日期及其他未盡事宜，如因主管機關核定修正或因法令規定及事實\n需要或客觀環境變化而有需變更時，授權董事長視實際情況全權處理。""]], ""footer"": [""以上資料均由各公司依發言當時所屬市場別之規定申報後，由本系統對外公佈，資料如有虛偽不實，均由該公司負責。""], ""header"": {""note"": [], ""subTitle"": [], ""mainTitle"": [""公司當日重大訊息之詳細內容""]}, ""titles"": [{""sub"": [], ""main"": ""序號""}, {""sub"": [], ""main"": ""發言日期""}, {""sub"": [], ""main"": ""發言時間""}, {""sub"": [], ""main"": ""發言人""}, {""sub"": [], ""main"": ""發言人職稱""}, {""sub"": [], ""main"": ""發言人電話""}, {""sub"": [], ""main"": ""主旨""}, {""sub"": [], ""main"": ""符合條款""}, {""sub"": [], ""main"": ""事實發生日""}, {""sub"": [], ""main"": ""說明""}], ""companyAbbreviation"": ""巨虹""}, ""datetime"": ""115/08/12 22:59:06""}",2026-08-12 22:58:15
1150811|otc|8091|8,115/08/11,18:27:58,8091,翔名,公告本公司113年現金增資發行新股暨國內第四次無擔保轉換公司債之資金運用計畫變更案,現金增資|公司債,1150811,otc,8,"{""code"": 200, ""message"": ""查詢成功"", ""result"": {""marketName"": ""上櫃公司"", ""companyId"": ""8091"", ""data"": [[8, ""115/08/11"", ""18:27:58"", ""吳予彤"", ""處長"", ""(03)5384900"", ""公告本公司113年現金增資發行新股暨國內第四次無擔保\r\n轉換公司債之資金運用計畫變更案"", ""16"", ""115/08/11"", ""1.董事會決議變更日期:115/08/11\n2.原計畫申報生效日期:113/06/11\n3.追補發行日期:不適用。\n4.變動原因:\n(1)本公司113年現金增資及發行國內第四次無擔保轉換公司債募集資金，原計劃募\n集資金用於自地委建嘉義一期廠房、購置設備及償還銀行借款。\n(2)本公司前於115年5月12日，因應未來營運發展需求，調增興建廠房建築樓地板\n面積，並考量近期營建成本持續上漲，爰辦理原募集資金計畫變更，將建廠計畫資本\n支出由原預估新台幣300,000仟元提高至530,000仟元。嗣經整體廠務空間更新規\n劃，擬再擴大廠房建築樓地板面積，並經專業建築師事務所重新估算建造工程成本\n後，評估前次變更之資本支出已不足支應實際建廠需求，爰擬辦理第二次募集資金計\n畫變更，將建廠計畫資本支出提高至新台幣598,460仟元。\n5.歷次變更前後募集資金計畫:\n原資金運用計畫：\n計畫項目               預定完成日期      所需資金總額(仟元)\n------------------------------------------------------------\n取得土地                113年第四季         318,646\n興建廠房                115年第三季         300,000\n購置設備                116年第一季         307,084\n償還銀行借款             113年第三季        238,580\n------------------------------------------------------------\n合計                                      1,164,310\n115年5月12日變更後資金運用計畫：\n計畫項目               預定完成日期      所需資金總額(仟元)\n------------------------------------------------------------\n取得土地                114年第二季         318,646\n興建廠房                117年第二季         530,000\n購置設備                117年第四季         307,084\n償還銀行借款             113年第三季        238,580\n------------------------------------------------------------\n合計                                      1,394,310\n本次變更後資金運用計畫：\n計畫項目               預定完成日期      所需資金總額(仟元)\n------------------------------------------------------------\n取得土地                114年第二季         318,646\n興建廠房                117年第二季         598,460\n購置設備                117年第四季         307,084\n償還銀行借款             113年第三季        238,580\n-------------------------------------------------------------\n合計                                      1,462,770\n6.預計執行進度:\n預計117年第四季完成。\n7.預計完成日期: 117年第四季。\n8.預計可能產生效益:\n本公司因應未來營運發展需求，調增興建廠房建築樓地板面積，預期可提升整體廠務空\n間運用彈性，降低未來因廠區空間不足而需再次擴建或搬遷之風險，有助於支應公司中\n長期營運發展及提升市場競爭力。\n9.與原預計效益產生之差異:\n本次計畫變更因建廠資本支出增加，致預計效益實現時程相應遞延，資金回收年限由\n原預估8年延長至9年，惟整體預期效益未有重大改變，係有助於提升公司中長期營\n運發展及市場競爭力。\n10.本次變更對股東權益之影響:\n本公司本次計畫變更主要係因應廠房建坪擴增需求，調增建廠計畫之資本支出，變更\n後募集資金用途仍符合原計畫之建廠目的，並未改變募集資金用途。本次計畫變更有\n助於支應公司中長期營運發展需求，提升整體營運彈性及市場競爭力，對股東權益應\n無重大不利之影響。\n11.原主辦承銷商評估意見摘要:\n一、本次募集資金計畫變更之必要性與合理性\n    該公司本次變更募集資金計畫係配合公司未來營運成長及產能擴充需求，適度調\n    整建廠規模及資本支出，預期可透過擴充廠房建坪，提升整體空間運用彈性，並\n    降低未來因廠區空間不足而需再次擴建或搬遷之風險，有助於支應公司中長期營\n    運發展需求，經評估該公司本次計畫變更尚具合理性及必要性。\n二、本次募集資金計畫變更後預計效益與進度達成之可行性\n    該公司業已於115年7月上旬取得建築執照，故配合實際建廠時程調整資金運用\n    進度，預計「興建廠房」及「購置機器設備」計畫之資金運用完成時點將分別展\n    延至117年第2季及117年第4季，經評估該公司本次變更後之資金運用計畫及\n    預定執行進度尚屬合理可行。\n綜上所述，經檢視該公司本次計畫變更之原因、資金運用規劃、預計執行進度、預計\n效益，並綜合考量該公司未來營運發展需求，經評估本次計畫變更尚具必要性及合理\n性，未發現重大異常之情事。\n12.其他應敘明事項:無。""]], ""footer"": [""以上資料均由各公司依發言當時所屬市場別之規定申報後，由本系統對外公佈，資料如有虛偽不實，均由該公司負責。""], ""header"": {""note"": [], ""subTitle"": [], ""mainTitle"": [""公司當日重大訊息之詳細內容""]}, ""titles"": [{""sub"": [], ""main"": ""序號""}, {""sub"": [], ""main"": ""發言日期""}, {""sub"": [], ""main"": ""發言時間""}, {""sub"": [], ""main"": ""發言人""}, {""sub"": [], ""main"": ""發言人職稱""}, {""sub"": [], ""main"": ""發言人電話""}, {""sub"": [], ""main"": ""主旨""}, {""sub"": [], ""main"": ""符合條款""}, {""sub"": [], ""main"": ""事實發生日""}, {""sub"": [], ""main"": ""說明""}], ""companyAbbreviation"": ""翔名""}, ""datetime"": ""115/08/12 22:59:07""}",2026-08-12 22:58:15
1150811|otc|6703|2,115/08/11,18:52:10,6703,軒郁,公告本公司董事會決議辦理115年第1次私募普通股定價暨相關事宜,私募普通股,1150811,otc,2,"{""code"": 200, ""message"": ""查詢成功"", ""result"": {""marketName"": ""上櫃公司"", ""companyId"": ""6703"", ""data"": [[2, ""115/08/11"", ""18:52:10"", ""楊尚軒"", ""執行長"", ""02-8712-1319"", ""公告本公司董事會決議辦理115年第1次私募普通股定價暨相關事宜"", ""11"", ""115/08/11"", ""1.董事會決議日期:115/08/11\n2.私募有價證券種類:普通股\n3.私募對象及其與公司間關係:\n本次募集普通股之對象以符合證券交易法第43條之6相關規定以策略性投資人為限。\n4.私募股數或張數:350仟股\n5.得私募額度:\n本公司115年5月26日股東常會決議通過私募發行總額不超過3,000仟股，每股面額\n新台幣10元，自股東會決議私募案之日起一年內分三次辦理之。\n6.私募價格訂定之依據及合理性:\n(1)本次私募普通股之參考價格依以下二基準計算價格較高者定之：\n(a)定價日前一、三或五個營業日擇一計算普通股收盤價簡單算數平均數扣除無償\n   配股除權及配息，並加回減資反除權後之股價分別為新台幣106.50元、106.83元\n   及106.50元，擇前一個營業日106.50元為基準。\n(b)定價日前三十個營業日普通股收盤價簡單算數平均數扣除無償配股除權及配息，\n   並加回減資反除權後之股價為105.39元為基準。\n綜上，擇上述二基準計算價格較高者，故本次私募之參考價格為106.50元。\n(2)本次私募實際發行價格為90元，為參考價格之84.51%，不低於股東會決議參考\n   價格之八成。\n(3)本次私募實際發行價格之訂定係遵循主管機關之相關規定及依據股東常會所決議\n   訂價成數範圍，且不低於參考價格之八成，其訂定方式應屬合理。\n7.本次私募資金用途:充實營運資金\n8.不採用公開募集之理由:\n因應公司長期發展所需引進策略性投資夥伴等計畫，擬於股東會決議辦理私募，預期\n可達到有效降低資金成本並確保籌資效率，且私募有價證券三年內不可自由轉讓之規\n定亦將更可確保公司與策略性投夥伴間之長期合作關係；另透過授權董事會視公司營\n運實際需求辦理私募，亦將有效提高公司籌資之機動性與靈活性。本計畫之執行預計\n將可強化公司競爭力並提升營運效能，有利於股東權益，故不採用公開募集方式，\n爰依證券交易法等相關規定辦理私募普通股。\n9.獨立董事反對或保留意見:無。\n10.實際定價日:115/08/11\n11.參考價格:新台幣106.50元\n12.實際私募價格、轉換或認購價格:新台幣90元\n13.本次私募新股之權利義務:\n本次私募新股之權利義務原則上與本公司已發行之普通股相同。惟依據證券交易法\n規定，本次私募發行之普通股於交付日三年內除依證券交易法第43條之8規定之情事\n外，其餘受限不得轉讓，本公司於交付日滿三年後，擬授權董事會於適當時機依相關\n規定向財團法人中華民國證券櫃檯買賣中心取得核發符合上櫃標準之同意函後，並\n申報補辦公開發行及申請上櫃交易。\n14.附有轉換、交換或認股者，其換股基準日:不適用。\n15.附有轉換、交換或認股者，對股權可能稀釋情形:不適用。\n16.附有轉換或認股者，於私募公司債交付且假設全數轉換或認購普通股後對上櫃普通股\n股權比率之可能影響（上櫃普通股數A、A/已發行普通股）:不適用。\n17.前項預計上櫃普通股未達500萬股且未達25%者，請說明股權流通性偏低之因應措施:\n不適用。\n18.其他應敘明事項:\n本次私募繳款期間為民國115年08月12日起至民國115年08月25日止，增資基準日\n為民國115年08月25日，如因客觀環境變化而有異動，擬授權董事長調整之。""]], ""footer"": [""以上資料均由各公司依發言當時所屬市場別之規定申報後，由本系統對外公佈，資料如有虛偽不實，均由該公司負責。""], ""header"": {""note"": [], ""subTitle"": [], ""mainTitle"": [""公司當日重大訊息之詳細內容""]}, ""titles"": [{""sub"": [], ""main"": ""序號""}, {""sub"": [], ""main"": ""發言日期""}, {""sub"": [], ""main"": ""發言時間""}, {""sub"": [], ""main"": ""發言人""}, {""sub"": [], ""main"": ""發言人職稱""}, {""sub"": [], ""main"": ""發言人電話""}, {""sub"": [], ""main"": ""主旨""}, {""sub"": [], ""main"": ""符合條款""}, {""sub"": [], ""main"": ""事實發生日""}, {""sub"": [], ""main"": ""說明""}], ""companyAbbreviation"": ""軒郁""}, ""datetime"": ""115/08/12 22:59:08""}",2026-08-12 22:58:15
1150811|otc|3548|1,115/08/11,18:58:26,3548,兆利,代重要子公司GreatHingeTradingLtd.公告決議辦理現金增資,現金增資,1150811,otc,1,"{""code"": 200, ""message"": ""查詢成功"", ""result"": {""marketName"": ""上櫃公司"", ""companyId"": ""3548"", ""data"": [[1, ""115/08/11"", ""18:58:26"", ""陳穎萱"", ""財務長"", ""02-22982666#115"", ""代重要子公司Great Hinge Trading Ltd.公告決議辦理現金增資"", ""11"", ""115/08/11"", ""1.董事會決議或公司決定日期:115/08/11\n2.發行股數:不適用\n3.每股面額:不適用\n4.發行總金額:美金180萬元\n5.發行價格:不適用\n6.員工認股股數:不適用\n7.原股東認購比率:100%\n8.公開銷售方式及股數:不適用\n9.畸零股及逾期未認購股份之處理方式:不適用\n10.本次發行新股之權利義務:與原已發行股份相同\n11.本次增資資金用途:營運需求\n12.現金增資認股基準日:不適用\n13.最後過戶日:不適用\n14.停止過戶起始日期:不適用\n15.停止過戶截止日期:不適用\n16.股款繳納期間:不適用\n17.與代收及專戶存儲價款行庫訂約日期:不適用\n18.委託代收款項機構:不適用\n19.委託存儲款項機構:不適用\n20.其他應敘明事項:無""]], ""footer"": [""以上資料均由各公司依發言當時所屬市場別之規定申報後，由本系統對外公佈，資料如有虛偽不實，均由該公司負責。""], ""header"": {""note"": [], ""subTitle"": [], ""mainTitle"": [""公司當日重大訊息之詳細內容""]}, ""titles"": [{""sub"": [], ""main"": ""序號""}, {""sub"": [], ""main"": ""發言日期""}, {""sub"": [], ""main"": ""發言時間""}, {""sub"": [], ""main"": ""發言人""}, {""sub"": [], ""main"": ""發言人職稱""}, {""sub"": [], ""main"": ""發言人電話""}, {""sub"": [], ""main"": ""主旨""}, {""sub"": [], ""main"": ""符合條款""}, {""sub"": [], ""main"": ""事實發生日""}, {""sub"": [], ""main"": ""說明""}], ""companyAbbreviation"": ""兆利""}, ""datetime"": ""115/08/12 22:59:09""}",2026-08-12 22:58:15
1150808|otc|5227|1,115/08/11,19:11:33,5227,立凱-KY,代重要子公司台灣立凱電能科技股份有限公司公告董事會決議辦理現金增資,現金增資,1150808,otc,1,"{""code"": 200, ""message"": ""查詢成功"", ""result"": {""marketName"": ""上櫃公司"", ""companyId"": ""5227"", ""data"": [[1, ""115/08/11"", ""19:11:33"", ""朱瑞陽"", ""總經理兼投資長"", ""03-364-6655"", ""代重要子公司台灣立凱電能科技股份有限公司公告董事會\r\n決議辦理現金增資"", ""11"", ""105/08/11"", ""1.董事會決議或公司決定日期:115/08/11\n2.發行股數:60,004,000股。\n3.每股面額:10元。\n4.發行總金額:新台幣600,040,000元。\n5.發行價格:每股發行價格為新台幣10元。\n6.員工認股股數:外國人投資條例第15條第二項之規定，得不適用公司法第267條應保留\n一定比例股份，由公司員工承購之規定，全數由原股東認購。\n7.原股東認購比率:100%。\n8.公開銷售方式及股數:不適用。\n9.畸零股及逾期未認購股份之處理方式:不適用。\n10.本次發行新股之權利義務:與原已發行普通股相同。\n11.本次增資資金用途:充實營運資金及購置機器設備。\n12.現金增資認股基準日:115/08/16\n13.最後過戶日:115/08/11\n14.停止過戶起始日期:115/08/12\n15.停止過戶截止日期:115/08/16\n16.股款繳納期間:115/08/17~115/11/5\n17.與代收及專戶存儲價款行庫訂約日期:不適用。\n18.委託代收款項機構:不適用。\n19.委託存儲款項機構:不適用。\n20.其他應敘明事項:本次現金增資計畫有關發行價格、發行條件及基準日等之訂定，或\n其他相關事宜，若因主客觀環境需要而須修正或調整時，擬授權董事長得全權辦理修正\n或調整。""]], ""footer"": [""以上資料均由各公司依發言當時所屬市場別之規定申報後，由本系統對外公佈，資料如有虛偽不實，均由該公司負責。""], ""header"": {""note"": [], ""subTitle"": [], ""mainTitle"": [""公司當日重大訊息之詳細內容""]}, ""titles"": [{""sub"": [], ""main"": ""序號""}, {""sub"": [], ""main"": ""發言日期""}, {""sub"": [], ""main"": ""發言時間""}, {""sub"": [], ""main"": ""發言人""}, {""sub"": [], ""main"": ""發言人職稱""}, {""sub"": [], ""main"": ""發言人電話""}, {""sub"": [], ""main"": ""主旨""}, {""sub"": [], ""main"": ""符合條款""}, {""sub"": [], ""main"": ""事實發生日""}, {""sub"": [], ""main"": ""說明""}], ""companyAbbreviation"": ""立凱-KY""}, ""datetime"": ""115/08/12 22:59:09""}",2026-08-12 22:58:15
1150811|otc|5227|5,115/08/11,19:13:14,5227,立凱-KY,本公司董事會決議參與子公司台灣立凱電能科技股份有限公司現金增資案,現金增資,1150811,otc,5,"{""code"": 200, ""message"": ""查詢成功"", ""result"": {""marketName"": ""上櫃公司"", ""companyId"": ""5227"", ""data"": [[5, ""115/08/11"", ""19:13:14"", ""朱瑞陽"", ""總經理兼投資長"", ""03-364-6655"", ""本公司董事會決議參與子公司台灣立凱電能科技股份有限公司現金增資案"", ""20"", ""115/08/11"", ""1.標的物之名稱及性質（屬特別股者，並應標明特別股約定發行條件，如股息率等）:\r\n子公司台灣立凱電能科技股份有限公司之增資普通股\r\n2.事實發生日:115/8/11~115/8/11\r\n3.董事會通過日期: 民國115年8月11日\r\n4.其他核決日期: 不適用\r\n5.交易數量、每單位價格及交易總金額:\r\n交易單位數量：60,004,000股\n每單位價格：10元\n交易總金額：600,040,000元\r\n6.交易相對人及其與公司之關係（交易相對人如屬自然人，且非公司之\r\n關係人者，得免揭露其姓名）:\r\n交易相對人：台灣立凱電能科技股份有限公司\n與公司之關係：本公司100%持有之子公司\r\n7.交易相對人為關係人者，並應公告選定關係人為交易對象之原因及前次移\r\n轉之所有人、前次移轉之所有人與公司及交易相對人間相互之關係、前次\r\n移轉日期及移轉金額:\r\n選定關係人為交易對象之原因：本公司持股100%之子公司\r\n8.交易標的最近五年內所有權人曾為公司之關係人者，尚應公告關係人之取\r\n得及處分日期、價格及交易當時與公司之關係:\r\n不適用\r\n9.本次係處分債權之相關事項（含處分之債權附隨擔保品種類、處分債權\r\n如有屬對關係人債權者尚需公告關係人名稱及本次處分該關係人之債權\r\n帳面金額:\r\n不適用\r\n10.處分利益（或損失）（取得有價證券者不適用）（原遞延者應列表說明\r\n認列情形）:\r\n不適用\r\n11.交付或付款條件（含付款期間及金額）、契約限制條款及其他重要約定\r\n事項:\r\n依現金增資時程支付價款\r\n12.本次交易之決定方式、價格決定之參考依據及決策單位:\r\n董事會通過\r\n13.取得或處分有價證券標的公司每股淨值:\r\n不適用\r\n14.迄目前為止，累積持有本交易證券（含本次交易）之數量、金額、持股\r\n比例及權利受限情形（如質押情形）:\r\n累積持有數量：306,644,000股\n累積持有金額：新台幣3,618,483仟元\n持股比例：100%\n權利受限情形：無\r\n15.迄目前為止，依「公開發行公司取得或處分資產處理準則」第三條所列\r\n之有價證券投資（含本次交易）占公司最近期財務報表中總資產及歸屬\r\n於母公司業主之權益之比例暨最近期財務報表中營運資金數額（註二）:\r\n占總資產比例：411.86%\n占歸屬於母公司業主之權益之比例：572.49%\n營運資金數額：291,448仟元\r\n16.經紀人及經紀費用:\r\n無\r\n17.取得或處分之具體目的或用途:\r\n子公司充實營運資金及購置機器設備\r\n18.本次交易表示異議董事之意見:\r\n無\r\n19.本次交易為關係人交易:是\r\n20.監察人承認或審計委員會同意日期:\r\n民國  115 年 8  月 11  日\r\n21.本次交易會計師出具非合理性意見:不適用\r\n22.會計師事務所名稱:\r\n不適用\r\n23.會計師姓名:\r\n不適用\r\n24.會計師開業證書字號:\r\n不適用\r\n25.是否涉及營運模式變更:否\r\n26.營運模式變更說明:\r\n不適用\r\n27.過去一年及預計未來一年內與交易相對人交易情形:\r\n不適用\r\n28.資金來源:\r\n本公司現金增資募集股款\r\n29.前已就同一件事件發布重大訊息日期: 不適用\r\n30.其他敘明事項:\r\n無""]], ""footer"": [""以上資料均由各公司依發言當時所屬市場別之規定申報後，由本系統對外公佈，資料如有虛偽不實，均由該公司負責。""], ""header"": {""note"": [], ""subTitle"": [], ""mainTitle"": [""公司當日重大訊息之詳細內容""]}, ""titles"": [{""sub"": [], ""main"": ""序號""}, {""sub"": [], ""main"": ""發言日期""}, {""sub"": [], ""main"": ""發言時間""}, {""sub"": [], ""main"": ""發言人""}, {""sub"": [], ""main"": ""發言人職稱""}, {""sub"": [], ""main"": ""發言人電話""}, {""sub"": [], ""main"": ""主旨""}, {""sub"": [], ""main"": ""符合條款""}, {""sub"": [], ""main"": ""事實發生日""}, {""sub"": [], ""main"": ""說明""}], ""companyAbbreviation"": ""立凱-KY""}, ""datetime"": ""115/08/12 22:59:10""}",2026-08-12 22:58:15
1150811|otc|6284|1,115/08/11,19:33:15,6284,佳邦,更正本公司第15次庫藏股買回股份總金額上限資訊及買回期間,庫藏股,1150811,otc,1,"{""code"": 200, ""message"": ""查詢成功"", ""result"": {""marketName"": ""上櫃公司"", ""companyId"": ""6284"", ""data"": [[1, ""115/08/11"", ""19:33:15"", ""曾華成"", ""財務會計中心代處長"", ""037 585 555"", ""更正本公司第15次庫藏股買回股份總金額上限資訊及買回期間"", ""35"", ""115/07/31"", ""1.董事會決議日期:115/07/31\r\n2.買回股份目的:轉讓股份予員工\r\n3.買回股份種類:普通股\r\n4.買回股份總金額上限(元):6,059,726,427\r\n5.預定買回之期間:115/07/31~115/09/30\r\n6.預定買回之數量(股):2,000,000\r\n7.買回區間價格(元):65.00~77.00，公司股價低於區間價格下限，將繼續買回\r\n8.買回方式:自集中交易市場買回\r\n9.預定買回股份占公司已發行股份總數之比率(%):1.34\r\n10.申報時已持有本公司股份之累積股數(股):1,000,000\r\n11.申報前五年內買回公司股份之情形:\r\n(1)實際買回股份期間：115/01/23 ~ 115/03/18 、預定買回股數(股)：1000000 、實際已買回\r\n股數(股)：1000000 、執行情形(實際已買回股數占預定買回股數%)：100.00\r\n(2)實際買回股份期間：114/08/26 ~ 114/09/04 、預定買回股數(股)：2500000 、實際已買回\r\n股數(股)：2500000 、執行情形(實際已買回股數占預定買回股數%)：100.00\r\n(3)實際買回股份期間：114/01/21 ~ 114/02/26 、預定買回股數(股)：1000000 、實際已買回\r\n股數(股)：1000000 、執行情形(實際已買回股數占預定買回股數%)：100.00\r\n(4)實際買回股份期間：113/11/18 ~ 113/11/22 、預定買回股數(股)：250000 、實際已買回股\r\n數(股)：250000 、執行情形(實際已買回股數占預定買回股數%)：100.00\r\n12.已申報買回但未執行完畢之情形:\r\n本公司第9次預計買回500,000股，實際買回300,000股。\r\n未執行完畢之原因:為維護整體股東權益及兼顧市場機制，視股價變\r\n化於價格區間內採分批買回政策，且公司買回期間股價已超過買回價格\r\n上限，因故未能執行完畢。\r\n13.董事會決議買回股份之會議紀錄:\r\n本公司經115/07/31董事會決議通過在有價證券集中交易市場，於每\r\n股新台幣65元至77元之間買回本公司普通股，公司股價低於區間價格\r\n下限，將繼續買回，預定買回股數為2,000,000股。\r\n14.「上市上櫃公司買回本公司股份辦法」第十條規定之轉讓辦法:\r\n佳邦科技股份有限公司\r\n第十五次買回股份轉讓員工辦法\r\n訂立日期：115年7月31日\r\n第一條\t本公司為激勵員工及提昇員工向心力，依據證券交易法第28條之2第1項第1款及金融監督\r\n管\r\n理委員會發布之「上市上櫃公司買回本公司股份辦法」等相關規定，訂定本公司買回股份轉讓員工辦\r\n法。本公司買回股份轉讓予員工，除依有關法令規定外，悉依本辦法規定辦理。\r\n第二條\t本次轉讓予員工之股份為普通股，其權利義務除有關法令及本辦法另有規定者外，與其他\r\n流\r\n通在外普通股相同。\r\n第三條\t本次買回之股份，得依本辦法之規定，自買回股份之日起三年內，一次或分次轉讓予員\r\n工。\r\n各次轉讓作業之員工認股繳款期間及相關事宜，授權董事長另行訂定。逾期未轉讓部份，視為本公司\r\n未\r\n發行股份，應依法辦理註銷股份變更登記。\r\n第四條\t凡於認股基準日前到職滿一年或對公司有特殊貢獻經提報董事會同意之本公司及其國內外\r\n從\r\n屬公司之全職員工(所稱從屬公司，係依公司法第三百六十九條之二、第三百六十九條之三、第三百\r\n六\r\n十九條之九第二項及第三百六十九條之十一之標準認定之。)，得依本辦法第五條所定認購數額，享\r\n有\r\n認購資格。\r\n發給或轉讓對象屬前項所稱從屬公司之員工者，應洽簽證會計師就是否符合資格條件規定表示意見\r\n後，\r\n提報董事會。但屬符合公司法第三百六十九條之二第一項規定之從屬公司員工者，不在此限。\r\n第五條\t本公司依據員工職等、服務年資及對公司之特殊貢獻等標準，並須兼顧認股基準日時公司\r\n持\r\n有之買回股份總額及單一員工認購股數之上限等因素，訂定員工得受讓股份之權數，實際具體認購資\r\n格\r\n及認購數量由董事會決議，不得授權董事長決定。另公司應依附件一適用情形明定相關審核程序。\r\n第六條\t本次買回股份轉讓予員工之作業程序：\r\n一、依董事會之決議，公告、申報並於執行期限內買回本公司股份。\r\n二、董事會依本辦法核定及公布員工認股基準日、得認購股數標準、認購繳款期間、權利內容及限制\r\n條\r\n件等作業事項。\r\n三、統計實際認購繳款股數，辦理股票轉讓過戶登記。&#8195;\r\n第七條\t本次買回股份轉讓予員工，以實際買回之平均價格為轉讓價格。惟轉讓前，如遇公司已發\r\n行\r\n之普通股股份增加或減少，得按發行股份增減比率範圍內調整之，轉讓價格計算至小數點後第二位，\r\n第\r\n三位須四捨五入。\r\n轉讓價格調整公式：\r\n實際買回股份之平均價格X (公司買回股份執行完畢時之普通股股份總數/公司轉讓買回股份予員工\r\n前\r\n之普通股股份總數)\r\n第八條\t本次買回股份轉讓予員工並辦理過戶登記後，除另有規定者外，餘權利義務與原有股份相\r\n同。\r\n第九條\t本辦法經董事會決議通過後生效，並得報經董事會決議修訂。\r\n15.「上市上櫃公司買回本公司股份辦法」第十一條規定之轉換或認股辦法:\r\n不適用\r\n16.董事會已考慮公司財務狀況，不影響公司資本維持之聲明:\r\n上述買回股份總數，僅占本公司已發行股份之1.34%，且買回股份所\r\n需金額上限僅占本公司流動資產之2.50%，茲聲明本公司董事會已考\r\n慮公司財務狀況，上述股份之買回並不影響本公司資本之維持\r\n17.會計師或證券承銷商對買回股份價格之合理性評估意見:\r\n依元大證券股份有限公司之評估意見，本公司本次買回公司股份訂定\r\n之價格區間，其決策過程具合法性，價格區間之訂定及對公司財務之\r\n影響亦尚屬合理，尚無重大異常情事。\r\n18.其他證期局所規定之事項:\r\n無""]], ""footer"": [""以上資料均由各公司依發言當時所屬市場別之規定申報後，由本系統對外公佈，資料如有虛偽不實，均由該公司負責。""], ""header"": {""note"": [], ""subTitle"": [], ""mainTitle"": [""公司當日重大訊息之詳細內容""]}, ""titles"": [{""sub"": [], ""main"": ""序號""}, {""sub"": [], ""main"": ""發言日期""}, {""sub"": [], ""main"": ""發言時間""}, {""sub"": [], ""main"": ""發言人""}, {""sub"": [], ""main"": ""發言人職稱""}, {""sub"": [], ""main"": ""發言人電話""}, {""sub"": [], ""main"": ""主旨""}, {""sub"": [], ""main"": ""符合條款""}, {""sub"": [], ""main"": ""事實發生日""}, {""sub"": [], ""main"": ""說明""}], ""companyAbbreviation"": ""佳邦""}, ""datetime"": ""115/08/12 22:59:10""}",2026-08-12 22:58:15
1150811|otc|2729|1,115/08/11,19:41:47,2729,瓦城,本公司董事會決議通過現金增資子公司第一美味股份有限公司案,現金增資,1150811,otc,1,"{""code"": 200, ""message"": ""查詢成功"", ""result"": {""marketName"": ""上櫃公司"", ""companyId"": ""2729"", ""data"": [[1, ""115/08/11"", ""19:41:47"", ""羅琬萱"", ""財務暨會計主管"", ""(02)2248-1022"", ""本公司董事會決議通過現金增資子公司第一美味股份有限公司案"", ""20"", ""115/08/11"", ""1.標的物之名稱及性質（屬特別股者，並應標明特別股約定發行條件，如股息率等）:\r\n第一美味股份有限公司,現金增資\r\n2.事實發生日:115/8/11~115/8/11\r\n3.董事會通過日期: 民國115年8月11日\r\n4.其他核決日期: 不適用\r\n5.交易數量、每單位價格及交易總金額:\r\n交易單位數量:26,400,000股\n每單位價格:新台幣10元\n交易總金額:新台幣264,000,000元\r\n6.交易相對人及其與公司之關係（交易相對人如屬自然人，且非公司之\r\n關係人者，得免揭露其姓名）:\r\n(1)交易相對人:第一美味股份有限公司\n(2)其與公司之關係:100%持股之子公司\r\n7.交易相對人為關係人者，並應公告選定關係人為交易對象之原因及前次移\r\n轉之所有人、前次移轉之所有人與公司及交易相對人間相互之關係、前次\r\n移轉日期及移轉金額:\r\n不適用\r\n8.交易標的最近五年內所有權人曾為公司之關係人者，尚應公告關係人之取\r\n得及處分日期、價格及交易當時與公司之關係:\r\n不適用\r\n9.本次係處分債權之相關事項（含處分之債權附隨擔保品種類、處分債權\r\n如有屬對關係人債權者尚需公告關係人名稱及本次處分該關係人之債權\r\n帳面金額:\r\n不適用\r\n10.處分利益（或損失）（取得有價證券者不適用）（原遞延者應列表說明\r\n認列情形）:\r\n不適用\r\n11.交付或付款條件（含付款期間及金額）、契約限制條款及其他重要約定\r\n事項:\r\n現金增資,得一次或分次投資\r\n12.本次交易之決定方式、價格決定之參考依據及決策單位:\r\n董事會\r\n13.取得或處分有價證券標的公司每股淨值:\r\n不適用\r\n14.迄目前為止，累積持有本交易證券（含本次交易）之數量、金額、持股\r\n比例及權利受限情形（如質押情形）:\r\n(1)累積持有數量:131,843仟股\n(2)累積持有金額:1,318,430仟元\n(3)持股比例:100%\n(4)權利受限情形:無\r\n15.迄目前為止，依「公開發行公司取得或處分資產處理準則」第三條所列\r\n之有價證券投資（含本次交易）占公司最近期財務報表中總資產及歸屬\r\n於母公司業主之權益之比例暨最近期財務報表中營運資金數額（註二）:\r\n(1)占總資產之比例：4.13%\n(2)占母公司業主之權益之比例：11.74 % \n(3)營運資金數額：新台幣 -1,448,100仟元\n(4)取得有價證券之資金來源:自有資金\r\n16.經紀人及經紀費用:\r\n不適用\r\n17.取得或處分之具體目的或用途:\r\n長期投資\r\n18.本次交易表示異議董事之意見:\r\n無\r\n19.本次交易為關係人交易:是\r\n20.監察人承認或審計委員會同意日期:\r\n115年08月11日\r\n21.本次交易會計師出具非合理性意見:不適用\r\n22.會計師事務所名稱:\r\n不適用\r\n23.會計師姓名:\r\n不適用\r\n24.會計師開業證書字號:\r\n不適用\r\n25.是否涉及營運模式變更:否\r\n26.營運模式變更說明:\r\n不適用\r\n27.過去一年及預計未來一年內與交易相對人交易情形:\r\n不適用\r\n28.資金來源:\r\n不適用\r\n29.前已就同一件事件發布重大訊息日期: 不適用\r\n30.其他敘明事項:\r\n無""]], ""footer"": [""以上資料均由各公司依發言當時所屬市場別之規定申報後，由本系統對外公佈，資料如有虛偽不實，均由該公司負責。""], ""header"": {""note"": [], ""subTitle"": [], ""mainTitle"": [""公司當日重大訊息之詳細內容""]}, ""titles"": [{""sub"": [], ""main"": ""序號""}, {""sub"": [], ""main"": ""發言日期""}, {""sub"": [], ""main"": ""發言時間""}, {""sub"": [], ""main"": ""發言人""}, {""sub"": [], ""main"": ""發言人職稱""}, {""sub"": [], ""main"": ""發言人電話""}, {""sub"": [], ""main"": ""主旨""}, {""sub"": [], ""main"": ""符合條款""}, {""sub"": [], ""main"": ""事實發生日""}, {""sub"": [], ""main"": ""說明""}], ""companyAbbreviation"": ""瓦城""}, ""datetime"": ""115/08/12 22:59:11""}",2026-08-12 22:58:15
1150812|otc|3081|2,115/08/12,13:48:28,3081,聯亞,公告本公司國內第二次無擔保轉換公司債收足價款,公司債,1150812,otc,2,"{""code"": 200, ""message"": ""查詢成功"", ""result"": {""marketName"": ""上櫃公司"", ""companyId"": ""3081"", ""data"": [[2, ""115/08/12"", ""13:48:28"", ""楊吉裕"", ""財務長"", ""(06)5058999"", ""公告本公司國內第二次無擔保轉換公司債收足價款"", ""53"", ""115/08/12"", ""1.事實發生日:115/08/12\n2.公司名稱:聯亞光電工業股份有限公司\n3.與公司關係(請輸入本公司或子公司):本公司\n4.相互持股比例:不適用\n5.發生緣由:依據「發行人募集與發行有價證券處理準則」第九條第一項第二款規定辦\n理公告，本公司發行國內第二次無擔保轉換公司債案至公告日止，債款代收銀行業已\n收足所有應募款項並匯撥至專戶存儲銀行，共計新台幣1,872,000,000元，特此公告。\n6.因應措施:無\n7.其他應敘明事項(若事件發生或決議之主體係屬公開發行以上公司，\n本則重大訊息同時符合證券交易法施行細則第7條第9款所定\n對股東權益或證券價格有重大影響之事項):無""]], ""footer"": [""以上資料均由各公司依發言當時所屬市場別之規定申報後，由本系統對外公佈，資料如有虛偽不實，均由該公司負責。""], ""header"": {""note"": [], ""subTitle"": [], ""mainTitle"": [""公司當日重大訊息之詳細內容""]}, ""titles"": [{""sub"": [], ""main"": ""序號""}, {""sub"": [], ""main"": ""發言日期""}, {""sub"": [], ""main"": ""發言時間""}, {""sub"": [], ""main"": ""發言人""}, {""sub"": [], ""main"": ""發言人職稱""}, {""sub"": [], ""main"": ""發言人電話""}, {""sub"": [], ""main"": ""主旨""}, {""sub"": [], ""main"": ""符合條款""}, {""sub"": [], ""main"": ""事實發生日""}, {""sub"": [], ""main"": ""說明""}], ""companyAbbreviation"": ""聯亞""}, ""datetime"": ""115/08/12 22:59:12""}",2026-08-12 22:58:15
1150811|otc|6570|1,115/08/12,14:06:45,6570,維田,公告本公司國內第二次無擔保轉換公司債收足債款,公司債,1150811,otc,1,"{""code"": 200, ""message"": ""查詢成功"", ""result"": {""marketName"": ""上櫃公司"", ""companyId"": ""6570"", ""data"": [[1, ""115/08/12"", ""14:06:45"", ""劉則瑩"", ""總經理"", ""(02)8226-2881"", ""公告本公司國內第二次無擔保轉換公司債收足債款"", ""53"", ""115/08/12"", ""1.事實發生日:115/08/12\n2.公司名稱:維田科技股份有限公司\n3.與公司關係(請輸入本公司或子公司):本公司\n4.相互持股比例:不適用。\n5.發生緣由:\n依據「發行人募集與發行有價證券處理準則」第九條第一項第二款規定\n辦理公告，本公司發行國內第二次無擔保轉換公司債至公告日止，債款\n代收銀行已收足所有應募款項共計新臺幣252,500,000元整，並匯撥至\n存儲專戶銀行，特此公告。\n6.因應措施:無。\n7.其他應敘明事項(若事件發生或決議之主體係屬公開發行以上公司，\n本則重大訊息同時符合證券交易法施行細則第7條第9款所定\n對股東權益或證券價格有重大影響之事項):無。""]], ""footer"": [""以上資料均由各公司依發言當時所屬市場別之規定申報後，由本系統對外公佈，資料如有虛偽不實，均由該公司負責。""], ""header"": {""note"": [], ""subTitle"": [], ""mainTitle"": [""公司當日重大訊息之詳細內容""]}, ""titles"": [{""sub"": [], ""main"": ""序號""}, {""sub"": [], ""main"": ""發言日期""}, {""sub"": [], ""main"": ""發言時間""}, {""sub"": [], ""main"": ""發言人""}, {""sub"": [], ""main"": ""發言人職稱""}, {""sub"": [], ""main"": ""發言人電話""}, {""sub"": [], ""main"": ""主旨""}, {""sub"": [], ""main"": ""符合條款""}, {""sub"": [], ""main"": ""事實發生日""}, {""sub"": [], ""main"": ""說明""}], ""companyAbbreviation"": ""維田""}, ""datetime"": ""115/08/12 22:59:14""}",2026-08-12 22:58:15
1150812|otc|4549|3,115/08/12,14:28:48,4549,桓達,公告桓達科技股份有限公司國內第一次無擔保(例：第一次有擔保)轉(交)換公司債(簡稱：桓達一，代碼：45491)停止受理轉交換等相關事項。,公司債,1150812,otc,3,"{""code"": 406, ""message"": ""查無相符資料"", ""result"": null, ""datetime"": ""115/08/12 22:59:14""}",2026-08-12 22:58:15
1150811|otc|8147|5,115/08/12,14:47:11,8147,正淩,公告本公司董事會決議通過辦理國內無擔保轉換公司債,公司債,1150811,otc,5,"{""code"": 200, ""message"": ""查詢成功"", ""result"": {""marketName"": ""上櫃公司"", ""companyId"": ""8147"", ""data"": [[5, ""115/08/12"", ""14:47:11"", ""劉偉豪"", ""副總經理"", ""02-66162000"", ""公告本公司董事會決議通過辦理國內無擔保轉換公司債"", ""11"", ""115/08/12"", ""1.董事會決議日期:115/08/12\n2.名稱﹝XX公司第X次（有、無）擔保公司債﹞:\n正淩精密工業股份有限公司國內第四次無擔保轉換公司債\n3.是否採總括申報發行公司債(是/否):否\n4.發行總額:發行總面額以3億元為上限。\n5.每張面額:10萬元。\n6.發行價格:實際總發行金額依競價拍賣結果而定，底標以\n不低於面額之100%~102%發行。\n7.發行期間:三年。\n8.發行利率:票面利率0%。\n9.擔保品之總類、名稱、金額及約定事項:無。\n10.募得價款之用途及運用計畫:充實營運資金及償還銀行借款。\n11.承銷方式:擬採競價拍賣方式辦理公開承銷。\n12.公司債受託人:授權董事長全權處理之。\n13.承銷或代銷機構:授權董事長全權處理之。\n14.發行保證人:授權董事長全權處理之。\n15.代理還本付息機構:授權董事長全權處理之。\n16.簽證機構:本次係發行無實體有價證券，故不適用。\n17.能轉換股份者，其轉換價格及轉換辦法:相關轉換辦法將依有關法令規定辦理，\n授權董事長視金融市場狀況與主辦承銷商共同議定並報奉相關主管機關核准後另行　\n公告。\n18.賣回條件:相關辦法將依有關法令規定辦理，並報奉相關主管機關核准後另行公告。\n19.買回條件:相關辦法將依有關法令規定辦理，並報奉相關主管機關核准後另行公告。\n20.附有轉換、交換或認股者，其換股基準日:相關辦法將依有關法令規定辦理，並報奉\n相關主管機關核准後另行公告。\n21.附有轉換、交換或認股者，對股權可能稀釋情形:相關辦法將依有關法令規定辦理，\n並報奉相關主管機關核准後另行公告。\n22.現金減資後再行募資之合理性及必要性\n(募資當年度及前一年度有辦理現金減資者適用):不適用。\n23.其他應敘明事項:\n(1)因資本市場籌資環境變化快速，為掌握訂定發行條件及實際發行作業之時效，本次\n辦理轉換公司債有關之承銷方式、發行金額、發行條件、發行及轉換辦法之訂定，以及\n計畫所需資金總額、資金來源、計畫項目、資金運用進度、預計可能產生效益及其他相\n關事宜，如經主管機關指示，相關法令規則修正，或因應客觀環境需修訂或修正時，擬\n授權本公司董事長或其指定人辦理。\n(2)為辦理本次資金募集作業，擬授權董事長或其指定代理人代表本公司簽署一切有關\n所需之契約及文件，並全權處理未盡事宜。""]], ""footer"": [""以上資料均由各公司依發言當時所屬市場別之規定申報後，由本系統對外公佈，資料如有虛偽不實，均由該公司負責。""], ""header"": {""note"": [], ""subTitle"": [], ""mainTitle"": [""公司當日重大訊息之詳細內容""]}, ""titles"": [{""sub"": [], ""main"": ""序號""}, {""sub"": [], ""main"": ""發言日期""}, {""sub"": [], ""main"": ""發言時間""}, {""sub"": [], ""main"": ""發言人""}, {""sub"": [], ""main"": ""發言人職稱""}, {""sub"": [], ""main"": ""發言人電話""}, {""sub"": [], ""main"": ""主旨""}, {""sub"": [], ""main"": ""符合條款""}, {""sub"": [], ""main"": ""事實發生日""}, {""sub"": [], ""main"": ""說明""}], ""companyAbbreviation"": ""正淩""}, ""datetime"": ""115/08/12 22:59:15""}",2026-08-12 22:58:15
1150812|otc|6492|1,115/08/12,15:38:01,6492,生華科,公告本公司現金增資股款催繳公告,現金增資,1150812,otc,1,"{""code"": 200, ""message"": ""查詢成功"", ""result"": {""marketName"": ""上櫃公司"", ""companyId"": ""6492"", ""data"": [[1, ""115/08/12"", ""15:38:01"", ""張小萍"", ""執行副總經理暨財務長"", ""(02)89119856"", ""公告本公司現金增資股款催繳公告"", ""53"", ""115/08/12"", ""1.事實發生日:115/08/12\n2.公司名稱:生華生物科技股份有限公司\n3.與公司關係(請輸入本公司或子公司):本公司\n4.相互持股比例:不適用\n5.發生緣由:本公司115年現金增資認股繳款期限業已於民國115年08月12日截止，\n惟尚有部份認股人尚未繳納股款，特此催告。\n6.因應措施:\n(1)依據公司法第266條第3項準用同法第142條之規定，自115年08月13日起至\n115年09月14日15時30分止定為催告股款繳納期間。\n(2)尚未繳款之認股人，請於上述期間內持原繳款書至上海商業儲蓄銀行新店\n分行及全國各分行辦理繳款辦理繳款事宜，逾期未繳款者即喪失認股權利。\n(3)催繳期間繳款之認股人，本公司將於催繳期間屆滿並經集保公司作業後依\n認股人所認購之股數，撥入認股人登記之集保帳號。\n7.其他應敘明事項(若事件發生或決議之主體係屬公開發行以上公司，\n本則重大訊息同時符合證券交易法施行細則第7條第9款所定\n對股東權益或證券價格有重大影響之事項):無。""]], ""footer"": [""以上資料均由各公司依發言當時所屬市場別之規定申報後，由本系統對外公佈，資料如有虛偽不實，均由該公司負責。""], ""header"": {""note"": [], ""subTitle"": [], ""mainTitle"": [""公司當日重大訊息之詳細內容""]}, ""titles"": [{""sub"": [], ""main"": ""序號""}, {""sub"": [], ""main"": ""發言日期""}, {""sub"": [], ""main"": ""發言時間""}, {""sub"": [], ""main"": ""發言人""}, {""sub"": [], ""main"": ""發言人職稱""}, {""sub"": [], ""main"": ""發言人電話""}, {""sub"": [], ""main"": ""主旨""}, {""sub"": [], ""main"": ""符合條款""}, {""sub"": [], ""main"": ""事實發生日""}, {""sub"": [], ""main"": ""說明""}], ""companyAbbreviation"": ""生華科""}, ""datetime"": ""115/08/12 22:59:16""}",2026-08-12 22:58:15
1150811|otc|6840|2,115/08/12,15:39:59,6840,東研信超,公告本公司國內第一次無擔保轉換公司債轉換普通股之增資基準日,公司債,1150811,otc,2,"{""code"": 200, ""message"": ""查詢成功"", ""result"": {""marketName"": ""上櫃公司"", ""companyId"": ""6840"", ""data"": [[2, ""115/08/12"", ""15:39:59"", ""邱致清"", ""策略長"", ""(02)2657-3299"", ""公告本公司國內第一次無擔保轉換公司債轉換普通股之增資基準日"", ""11"", ""115/08/12"", ""1.董事會決議日期:115/08/12\n2.增資資金來源:本公司國內第一次無擔保轉換公司債\n3.是否採總括申報發行新股(是，請併敘明預定發行期間/否):否\n4.全案發行總金額及股數(如屬盈餘或公積轉增資，發行股數則不含配發給員工部分):\n發行總金額：121,760元；發行股數：12,176股\n5.採總括申報發行新股案件，本次發行金額及股數:不適用\n6.採總括申報發行新股案件，本次發行後，剩餘之金額及股數餘額:不適用\n7.每股面額:新台幣10元\n8.發行價格:不適用\n9.員工認購股數或配發金額:不適用\n10.公開銷售股數:不適用\n11.原股東認購或無償配發比例(請註明暫定每仟股認購或配發股數):不適用\n12.畸零股及逾期未認購股份之處理方式:不適用\n13.本次發行新股之權利義務:與原發行普通股股份相同\n14.本次增資資金用途:不適用\n15.現金減資後再行募資之合理性及必要性\n(募資當年度及前一年度有辦理現金減資者適用):不適用\n16.其他應敘明事項:\n本公司經董事會決議，訂定115年08月14日為公司債轉換普通股之增資基準日，\n增資後實收資本額為307,672,840元，並依法令規定辦理相關變更登記事宜。""]], ""footer"": [""以上資料均由各公司依發言當時所屬市場別之規定申報後，由本系統對外公佈，資料如有虛偽不實，均由該公司負責。""], ""header"": {""note"": [], ""subTitle"": [], ""mainTitle"": [""公司當日重大訊息之詳細內容""]}, ""titles"": [{""sub"": [], ""main"": ""序號""}, {""sub"": [], ""main"": ""發言日期""}, {""sub"": [], ""main"": ""發言時間""}, {""sub"": [], ""main"": ""發言人""}, {""sub"": [], ""main"": ""發言人職稱""}, {""sub"": [], ""main"": ""發言人電話""}, {""sub"": [], ""main"": ""主旨""}, {""sub"": [], ""main"": ""符合條款""}, {""sub"": [], ""main"": ""事實發生日""}, {""sub"": [], ""main"": ""說明""}], ""companyAbbreviation"": ""東研信超""}, ""datetime"": ""115/08/12 22:59:16""}",2026-08-12 22:58:15
1150812|otc|3491|2,115/08/12,15:56:43,3491,昇達科,"代子公司UniversalMicrowaveTechnology(Vietnam)Co.,Ltd.公告取得營業用之機器設備",機器設備,1150812,otc,2,"{""code"": 200, ""message"": ""查詢成功"", ""result"": {""marketName"": ""上櫃公司"", ""companyId"": ""3491"", ""data"": [[2, ""115/08/12"", ""15:56:43"", ""郭俊良"", ""執行副總經理"", ""(02)2452-5533"", ""代子公司Universal Microwave Technology\r\n(Vietnam) Co., Ltd.公告取得營業用之機器設備"", ""20"", ""115/08/12"", ""1.標的物之名稱及性質（如坐落台中市北區ＸＸ段ＸＸ小段土地）:\r\n機器設備\r\n2.事實發生日:114/11/28~115/8/12\r\n3.董事會通過日期: 不適用\r\n4.其他核決日期:\r\n核決層級:依核決權限\r\n民國115年8月12日\r\n5.交易單位數量（如ＸＸ平方公尺，折合ＸＸ坪）、每單位價格及交易總金額:\r\n交易數量:一批\n累計交易總金額:美金9,354,736元\r\n6.交易相對人及其與公司之關係（交易相對人如屬自然人，且非公司之關\r\n係人者，得免揭露其姓名）:\r\n永進機械工業股份有限公司/常銘實業股份有限公司\n非為關係人\r\n7.交易相對人為關係人者，並應公告選定關係人為交易對象之原因及前次移轉之\r\n所有人、前次移轉之所有人與公司及交易相對人間相互之關係、前次移轉日期\r\n及移轉金額:\r\n不適用\r\n8.交易標的最近五年內所有權人曾為公司之關係人者，尚應公告關係\r\n人之取得及處分日期、價格及交易當時與公司之關係:\r\n不適用\r\n9.預計處分利益（或損失）（取得資產者不適用）（遞延者應列表說明\r\n認列情形）:\r\n不適用\r\n10.交付或付款條件（含付款期間及金額）、契約限制條款及其他重要約定\r\n事項:\r\n依雙方簽訂之設備買賣契約約定辦理\r\n11.本次交易之決定方式（如招標、比價或議價）、價格決定之參考依據及\r\n決策單位:\r\n本次交易之決定方式：雙方議價\n價格決定之參考依據：市場行情\n決策單位：依核決權限規定辦理\r\n12.專業估價者事務所或公司名稱及其估價金額:\r\n不適用\r\n13.專業估價師姓名:\r\n不適用\r\n14.專業估價師開業證書字號:\r\n不適用\r\n15.估價報告是否為限定價格、特定價格或特殊價格:否或不適用\r\n16.是否尚未取得估價報告:否或不適用\r\n17.尚未取得估價報告之原因:\r\n不適用\r\n18.估價結果有重大差異時，其差異原因及會計師意見:\r\n不適用\r\n19.會計師事務所名稱:\r\n不適用\r\n20.會計師姓名:\r\n不適用\r\n21.會計師開業證書字號:\r\n不適用\r\n22.經紀人及經紀費用:\r\n不適用\r\n23.取得或處分之具體目的或用途:\r\n因應營運需求，擴大規模提升生產動能。\r\n24.本次交易表示異議之董事之意見:\r\n無\r\n25.本次交易為關係人交易:否\r\n26.監察人承認或審計委員會同意日期:\r\n不適用\r\n27.本次交易係向關係人取得不動產或其使用權資產:否\r\n28.依「公開發行公司取得或處分資產處理準則」第十六條規定\r\n評估之價格:不適用\r\n29.依前項評估之價格較交易價格為低者，依同準則第十七條規\r\n定評估之價格:不適用\r\n30.前已就同一件事件發布重大訊息日期: 不適用\r\n31.其他敘明事項:\r\n無""]], ""footer"": [""以上資料均由各公司依發言當時所屬市場別之規定申報後，由本系統對外公佈，資料如有虛偽不實，均由該公司負責。""], ""header"": {""note"": [], ""subTitle"": [], ""mainTitle"": [""公司當日重大訊息之詳細內容""]}, ""titles"": [{""sub"": [], ""main"": ""序號""}, {""sub"": [], ""main"": ""發言日期""}, {""sub"": [], ""main"": ""發言時間""}, {""sub"": [], ""main"": ""發言人""}, {""sub"": [], ""main"": ""發言人職稱""}, {""sub"": [], ""main"": ""發言人電話""}, {""sub"": [], ""main"": ""主旨""}, {""sub"": [], ""main"": ""符合條款""}, {""sub"": [], ""main"": ""事實發生日""}, {""sub"": [], ""main"": ""說明""}], ""companyAbbreviation"": ""昇達科""}, ""datetime"": ""115/08/12 22:59:17""}",2026-08-12 22:58:15
1150812|otc|3491|3,115/08/12,15:57:03,3491,昇達科,"公告本公司董事會決議現金增資100%持有之子公司UniversalMicrowaveTechnology(Vietnam)Co.,Ltd.",現金增資,1150812,otc,3,"{""code"": 200, ""message"": ""查詢成功"", ""result"": {""marketName"": ""上櫃公司"", ""companyId"": ""3491"", ""data"": [[3, ""115/08/12"", ""15:57:03"", ""郭俊良"", ""執行副總經理"", ""(02)2452-5533"", ""公告本公司董事會決議現金增資100%持有之子公司\r\nUniversal Microwave Technology (Vietnam) Co., Ltd."", ""20"", ""115/08/12"", ""1.標的物之名稱及性質（屬特別股者，並應標明特別股約定發行條件，如股息率等）:\r\n越南子公司Universal Microwave Technology (Vietnam) Co., Ltd.\r\n2.事實發生日:115/8/12~115/8/12\r\n3.董事會通過日期: 民國115年8月12日\r\n4.其他核決日期: 不適用\r\n5.交易數量、每單位價格及交易總金額:\r\n將採分階段投資，總投資額不高於美金12,000仟元。(約新台幣387,720仟元;匯率32.31)\r\n6.交易相對人及其與公司之關係（交易相對人如屬自然人，且非公司之\r\n關係人者，得免揭露其姓名）:\r\n本公司直接投資100%之子公司\r\n7.交易相對人為關係人者，並應公告選定關係人為交易對象之原因及前次移\r\n轉之所有人、前次移轉之所有人與公司及交易相對人間相互之關係、前次\r\n移轉日期及移轉金額:\r\n不適用\r\n8.交易標的最近五年內所有權人曾為公司之關係人者，尚應公告關係人之取\r\n得及處分日期、價格及交易當時與公司之關係:\r\n不適用\r\n9.本次係處分債權之相關事項（含處分之債權附隨擔保品種類、處分債權\r\n如有屬對關係人債權者尚需公告關係人名稱及本次處分該關係人之債權\r\n帳面金額:\r\n不適用\r\n10.處分利益（或損失）（取得有價證券者不適用）（原遞延者應列表說明\r\n認列情形）:\r\n不適用\r\n11.交付或付款條件（含付款期間及金額）、契約限制條款及其他重要約定\r\n事項:\r\n依越南子公司營運需求分次投資\r\n12.本次交易之決定方式、價格決定之參考依據及決策單位:\r\n依董事會決議於額度內分次投資\r\n13.取得或處分有價證券標的公司每股淨值:\r\n不適用\r\n14.迄目前為止，累積持有本交易證券（含本次交易）之數量、金額、持股\r\n比例及權利受限情形（如質押情形）:\r\n持有金額：新台幣775,440千元\n持股比例：100%\n受限制情形：無\r\n15.迄目前為止，依「公開發行公司取得或處分資產處理準則」第三條所列\r\n之有價證券投資（含本次交易）占公司最近期財務報表中總資產及歸屬\r\n於母公司業主之權益之比例暨最近期財務報表中營運資金數額（註二）:\r\n占總資產比例:14.91%\n占歸屬於母公司業主權益比例:17.08% \n營運資金數額：-120,552仟元\r\n16.經紀人及經紀費用:\r\n不適用\r\n17.取得或處分之具體目的或用途:\r\n因應公司整體營運發展需要，增加海外生產據點以提升全球佈局彈性與競爭力。\r\n18.本次交易表示異議董事之意見:\r\n無\r\n19.本次交易為關係人交易:是\r\n20.監察人承認或審計委員會同意日期:\r\n民國115年8月12日\r\n21.本次交易會計師出具非合理性意見:不適用\r\n22.會計師事務所名稱:\r\n不適用\r\n23.會計師姓名:\r\n不適用\r\n24.會計師開業證書字號:\r\n不適用\r\n25.是否涉及營運模式變更:否\r\n26.營運模式變更說明:\r\n不適用\r\n27.過去一年及預計未來一年內與交易相對人交易情形:\r\n不適用\r\n28.資金來源:\r\n自有資金\r\n29.前已就同一件事件發布重大訊息日期: 不適用\r\n30.其他敘明事項:\r\n以115/07/31日美金匯率32.31元計算。""]], ""footer"": [""以上資料均由各公司依發言當時所屬市場別之規定申報後，由本系統對外公佈，資料如有虛偽不實，均由該公司負責。""], ""header"": {""note"": [], ""subTitle"": [], ""mainTitle"": [""公司當日重大訊息之詳細內容""]}, ""titles"": [{""sub"": [], ""main"": ""序號""}, {""sub"": [], ""main"": ""發言日期""}, {""sub"": [], ""main"": ""發言時間""}, {""sub"": [], ""main"": ""發言人""}, {""sub"": [], ""main"": ""發言人職稱""}, {""sub"": [], ""main"": ""發言人電話""}, {""sub"": [], ""main"": ""主旨""}, {""sub"": [], ""main"": ""符合條款""}, {""sub"": [], ""main"": ""事實發生日""}, {""sub"": [], ""main"": ""說明""}], ""companyAbbreviation"": ""昇達科""}, ""datetime"": ""115/08/12 22:59:18""}",2026-08-12 22:58:15
1150812|otc|1569|3,115/08/12,16:24:53,1569,濱川,公告本公司董事會決議現金增資發行新股,現金增資,1150812,otc,3,"{""code"": 200, ""message"": ""查詢成功"", ""result"": {""marketName"": ""上櫃公司"", ""companyId"": ""1569"", ""data"": [[3, ""115/08/12"", ""16:24:53"", ""李璠"", ""副總經理"", ""07-7871521分機15"", ""公告本公司董事會決議現金增資發行新股"", ""11"", ""115/08/12"", ""1.董事會決議日期:115/08/12\n2.增資資金來源:現金增資。\n3.是否採總括申報發行新股(是，請併敘明預定發行期間/否):否。\n4.全案發行總金額及股數(如屬盈餘或公積轉增資，發行股數則不含配發給員工部分):\n發行總金額：新台幣50,000仟元(以面額計算)。\n發行股數：普通股5,000仟股。\n5.採總括申報發行新股案件，本次發行金額及股數:不適用。\n6.採總括申報發行新股案件，本次發行後，剩餘之金額及股數餘額:不適用。\n7.每股面額:10元。\n8.發行價格:實際發行價格與募集金額俟主管機關申報生效後，授權董事長視市　\n場狀況並依相關法令與主辦承銷商共同議定之。\n9.員工認購股數或配發金額:依公司法第267條規定，提撥增資發行股數之15%即\n750仟股由本公司員工認購。\n10.公開銷售股數:依證券交易法第28條之1規定，提撥增資發行股數之10%即500\n仟股辦理公開申購。\n11.原股東認購或無償配發比例(請註明暫定每仟股認購或配發股數):其餘增資發\n行股數75%即3,750仟股由原股東按認股基準日之股東名簿記載之股東及其持有\n股份比例分別認購之。\n12.畸零股及逾期未認購股份之處理方式:認購不足一股之畸零股，由股東於停止\n過戶日起五日內，逕向本公司股務代理機構辦理併湊。原股東及員工放棄認購\n之股份或併湊後不足一股之畸零股，授權董事長洽特定人按發行價格認購。\n13.本次發行新股之權利義務:與原發行普通股股份相同。\n14.本次增資資金用途:償還銀行借款。\n15.現金減資後再行募資之合理性及必要性\n(募資當年度及前一年度有辦理現金減資者適用):不適用。\n16.其他應敘明事項:\n(1)本次現金增資計畫之重要內容，包括籌資計畫有關之發行金額、發行價格，\n   以及所需資金總額、資金來源、計畫項目、資金運用進度、預計可能產生效\n   益及其他相關事宜，如遇法令變更、經主管機關修正或要求，或因應主客觀\n   環境需要而須修正或調整時，授權董事長全權處理之。\n(2)授權董事長代表本公司簽署一切有關辦理現金增資之契約及文件，並代表本\n   公司辦理相關發行事宜。""]], ""footer"": [""以上資料均由各公司依發言當時所屬市場別之規定申報後，由本系統對外公佈，資料如有虛偽不實，均由該公司負責。""], ""header"": {""note"": [], ""subTitle"": [], ""mainTitle"": [""公司當日重大訊息之詳細內容""]}, ""titles"": [{""sub"": [], ""main"": ""序號""}, {""sub"": [], ""main"": ""發言日期""}, {""sub"": [], ""main"": ""發言時間""}, {""sub"": [], ""main"": ""發言人""}, {""sub"": [], ""main"": ""發言人職稱""}, {""sub"": [], ""main"": ""發言人電話""}, {""sub"": [], ""main"": ""主旨""}, {""sub"": [], ""main"": ""符合條款""}, {""sub"": [], ""main"": ""事實發生日""}, {""sub"": [], ""main"": ""說明""}], ""companyAbbreviation"": ""濱川""}, ""datetime"": ""115/08/12 22:59:19""}",2026-08-12 22:58:15
1150812|otc|4577|1,115/08/12,16:35:27,4577,達航科技,更正公告本公司董事會決議買回庫藏股,庫藏股,1150812,otc,1,"{""code"": 200, ""message"": ""查詢成功"", ""result"": {""marketName"": ""上櫃公司"", ""companyId"": ""4577"", ""data"": [[1, ""115/08/12"", ""16:35:27"", ""劉智鴻"", ""副總"", ""04-26810607"", ""更正公告本公司董事會決議買回庫藏股"", ""35"", ""115/08/06"", ""1.董事會決議日期:115/08/06\r\n2.買回股份目的:轉讓股份予員工\r\n3.買回股份種類:普通股\r\n4.買回股份總金額上限(元):455,643,000\r\n5.預定買回之期間:115/08/07~115/10/06\r\n6.預定買回之數量(股):700,000\r\n7.買回區間價格(元):68.00~84.00，公司股價低於區間價格下限，將繼續買回\r\n8.買回方式:自集中交易市場買回\r\n9.預定買回股份占公司已發行股份總數之比率(%):1.42\r\n10.申報時已持有本公司股份之累積股數(股):0\r\n11.申報前五年內買回公司股份之情形:\r\n無買回\r\n12.已申報買回但未執行完畢之情形:\r\n無。\r\n13.董事會決議買回股份之會議紀錄:\r\n第十五案\r\n案 由: 擬依證券交易法第二十八條之二規定買回本公司股份，作為轉讓予員工之用，提請 討論。\r\n說 明:\r\n一、為激勵員工士氣、吸引及留任優秀人才，建立員工與公司共同成長之長期激勵機制，並提升公司\r\n整體競爭力，擬依證券交易法第二十\r\n八條之二及「上市上櫃公司買回本公司股份辦法」等相關規定，辦理買回本公司股份轉讓員工案。\r\n二、本次買回股份主要內容如下：\r\n（一）買回目的：轉讓予本公司員工。\r\n（二）買回股份種類：本公司普通股。\r\n（三）預計買回股數：700,000股，約占本公司已發行股份總數1.42%。\r\n（四）買回價格區間：每股新臺幣68元至84元。\r\n（五）預計買回期間：自115年8月7日起至115年10月6日止。\r\n（六）買回方式：於證券商營業處所集中交易市場買回。\r\n（七）預計買回股份總金額上限：新臺幣58,800,000元（以每股84元及700,000股估算），實際金額\r\n依買回成交價格計算。\r\n三、本次買回股份所需資金將以公司自有資金支應，經評估本公司目前財務結構、現金流量及營運資\r\n金狀況，足以支應本次買回股份所需\r\n資金，對公司財務狀況及股東權益尚無重大影響。\r\n四、本次買回股份將依本公司「買回股份轉讓員工辦法」辦理，員工受讓資格及股數分配原則如下：\r\n（一）適用對象為本公司及依法得適用之從屬公司正式員工。\r\n（二）受讓資格及股數將綜合考量下列因素：\r\n      1.公司營運與發展之貢獻。\r\n      2.職能達成狀況與考核結果。\r\n      3.重點人才留任需求。\r\n      4.其他經功能委員會及董事會認定之事項。\r\n（三）各職級採「配股區間（Range）」方式辦理，實際受讓名單及股數由董事長依前述原則\r\n提報功能委員會審查後，送董事會核定。\r\n（四）員工受讓價格原則上以本公司實際平均買回成本訂定，並依相關法令辦理。\r\n五、本案經董事會決議通過後，授權董事長於法令規定範圍內，全權辦理本次買回股份之公告申報、\r\n交易執行、轉讓作業及其他相關事\r\n宜；如因主管機關要求、法令修正或實際執行需要而須調整相關內容者，亦授權董事長依法辦理。\r\n六、本案經115年8月6日審計委員會 在案。\r\n決 議：經主席徵&#35389;全體出席董事，同意照案通過。\r\n14.「上市上櫃公司買回本公司股份辦法」第十條規定之轉讓辦法:\r\n第一條 本公司為激勵員工及提昇員工向心力，訂定本公司買回股份轉讓員工辦法。本公司買回股份\r\n轉讓予員工，除依有關法令規定外，悉依本辦法\r\n規定辦理。\r\n第二條 本次轉讓予員工之股份為普通股，其權利義務除有關法令及本辦法另有規定者外，與其他流\r\n通在外普通股相同。\r\n第三條 本次買回之股份，得依本辦法之規定，自買回股份之日起二年內，一次或分次轉讓予員工。\r\n第四條 凡於認股基準日前本公司(及直接或間接持有表決權股份超過百分之五十之海內、外子公司)\r\n全職員工，得依本辦法第五條所訂認購數額，享\r\n有認購資格。\r\n前項得受領認股資格之員工，將參酌下列因素綜合考量後核定之：\r\n一、公司營運與發展之貢獻。\r\n二、職能達成狀況與考核結果。\r\n三、重點人才留任需求。\r\n四、其他經薪酬委員會及董事會認定之事項。\r\n第五條 本公司應考量員工職等、服務年資及對公司之貢獻與發展潛力等事項，訂定員工得受讓股份\r\n之權數，並須兼顧認股基準日時公司持有之買回\r\n股份總額及單一員工認購股數之上限等因素，由董事會另訂員工認購股數。惟認股人名單具經理人身\r\n份者，應先提報薪資報酬委員會審議後送呈董事\r\n會決議，非具經理人身份者，應先提報審計委員會審議後呈報董事會決議。\r\n員工於繳款期限屆滿而未認購繳款者，視為棄權論，認購不足之餘額，可由董事會於當次認購作業或\r\n併至第三條轉讓期間內之後續次別認購作業，另\r\n洽其他員工認購，依認股人身分提報審計委員會或薪資報酬委員會審議後呈報董事會決議。\r\n第六條 本次買回股份轉讓予員工之作業程序\r\n一、依董事會之決議，公告、申報並於執行期限內買回本公司股份。\r\n二、董事會依本辦法訂定及公布員工認股基準日、得認購股數標準、認購繳款期間、權利內容及限制\r\n條件等作業事項。\r\n三、統計實際認購繳款股數辦理股票轉讓過戶登記。\r\n第七條 本次買回股份轉讓予員工，以實際買回之平均價格為轉讓價格。惟在轉讓前，如遇有本公司\r\n已發行之普通股股份增加或減少，得按發行股份\r\n增加或減少比率調整之。\r\n轉讓價格調整公式：\r\n調整後轉讓價格= 實際買回股份之平均價格x(申報買回股份時已發行之普通股總數/轉讓買回股份予\r\n員工前已發行之普通股總數)。\r\n第八條 本次買回股份轉讓予員工並辦理過戶登記後，除另有規定者外，餘權利義務與原有股份相\r\n同。\r\n第九條 本公司買回股份轉讓予員工，其他有關公司與員工權利義務事項\r\n一、 其所發生之稅捐及費用應依相關法令由公司或員工各自負擔。\r\n第十條 本辦法經董事會決議通過後生效，並得報經董事會決議修訂。\r\n第十一條 本辦法應提報股東會報告，修訂時亦同。\r\n第十二條 本辦法制定於民國一零九年十一月十六日。\r\n第一次修訂於民國一一五年八月六日。\r\n15.「上市上櫃公司買回本公司股份辦法」第十一條規定之轉換或認股辦法:\r\n不適用。\r\n16.董事會已考慮公司財務狀況，不影響公司資本維持之聲明:\r\n一、本公司經115年8月6日第十四屆第二次董事會三分之二以上董事之出席及出席董事超過二分之一\r\n之同意通過，自申報日起二個月內於集中交易市場\r\n﹙證券商營業處所﹚買回本公司股份700,000股。\r\n二、上述買回股份總數，僅占本公司已發行股份之1.42%，且買回股份所需金額上限僅占本公司流動\r\n資產之百分之6.87%，茲聲明本公司董事會已考慮\r\n公司財務狀況，上述股份之買回並不影響本公司資本之維持。\r\n三、本聲明書業經本公司上述同次董事會議通過，出席董事8人同意本聲明書之內容，併此聲明。\r\n    達航科技股份有限公司\r\n    董事長：葉勝發\r\n17.會計師或證券承銷商對買回股份價格之合理性評估意見:\r\n依康和綜合證券股份有限公司出具之意見，本公司本次買回公司股份之目的、決策過程、價格區間之訂\r\n定及買回總金額等，尚屬合理且符合適法性之要求，且買回總金額對公司之財務、現金流量及與股東權\r\n益等之影響均為有限，尚無重大異常情事。\r\n18.其他證期局所規定之事項:\r\n無。""]], ""footer"": [""以上資料均由各公司依發言當時所屬市場別之規定申報後，由本系統對外公佈，資料如有虛偽不實，均由該公司負責。""], ""header"": {""note"": [], ""subTitle"": [], ""mainTitle"": [""公司當日重大訊息之詳細內容""]}, ""titles"": [{""sub"": [], ""main"": ""序號""}, {""sub"": [], ""main"": ""發言日期""}, {""sub"": [], ""main"": ""發言時間""}, {""sub"": [], ""main"": ""發言人""}, {""sub"": [], ""main"": ""發言人職稱""}, {""sub"": [], ""main"": ""發言人電話""}, {""sub"": [], ""main"": ""主旨""}, {""sub"": [], ""main"": ""符合條款""}, {""sub"": [], ""main"": ""事實發生日""}, {""sub"": [], ""main"": ""說明""}], ""companyAbbreviation"": ""達航科技""}, ""datetime"": ""115/08/12 22:59:19""}",2026-08-12 22:58:15
1150812|otc|1569|4,115/08/12,16:35:28,1569,濱川,公告本公司董事會決議發行國內第七次有擔保轉換公司債,公司債,1150812,otc,4,"{""code"": 200, ""message"": ""查詢成功"", ""result"": {""marketName"": ""上櫃公司"", ""companyId"": ""1569"", ""data"": [[4, ""115/08/12"", ""16:35:28"", ""李璠"", ""副總經理"", ""07-7871521分機15"", ""公告本公司董事會決議發行國內第七次有擔保轉換公司債"", ""11"", ""115/08/12"", ""1.董事會決議日期:115/08/12\n2.名稱﹝XX公司第X次（有、無）擔保公司債﹞:\n濱川企業股份有限公司國內第七次有擔保轉換公司債。\n3.是否採總括申報發行公司債(是/否):否。\n4.發行總額:新台幣肆億元。\n5.每張面額:新台幣壹拾萬元。\n6.發行價格:底標以不低於票面金額之100%為限，實際總發行金額依競價拍賣結果而定。\n7.發行期間:三年。\n8.發行利率::票面年利率0%。\n9.擔保品之總類、名稱、金額及約定事項:由銀行保證。\n10.募得價款之用途及運用計畫:償還銀行借款。\n11.承銷方式:採競價拍賣方式辦理公開承銷。\n12.公司債受託人:授權董事長決定。\n13.承銷或代銷機構:授權董事長決定。\n14.發行保證人:授權董事長決定。\n15.代理還本付息機構:本公司委任之股務代理機構。\n16.簽證機構:採無實體發行故不適用。\n17.能轉換股份者，其轉換價格及轉換辦法:相關辦法將依有關法令規定辦理，並\n報奉相關主管機關核准後另行公告。\n18.賣回條件:相關辦法將依有關法令規定辦理，並報奉相關主管機關核准後另行　\n公告。\n19.買回條件:相關辦法將依有關法令規定辦理,並報奉相關主管機關核准後另行公\n告。\n20.附有轉換、交換或認股者，其換股基準日:相關辦法將依有關法令規定辦理，\n並報奉相關主管機關核准後另行公告。\n21.附有轉換、交換或認股者，對股權可能稀釋情形:待發行條件訂定後評估。\n22.現金減資後再行募資之合理性及必要性\n(募資當年度及前一年度有辦理現金減資者適用):不適用。\n23.其他應敘明事項:\n(1)本次發行國內第七次有擔保轉換公司債計畫之重要內容，包括籌資計畫有關\n   之發行金額、受託機構、轉換辦法與發行價格之訂定，以及所需資金總額、\n   資金來源、計畫項目、資金運用進度、預計可能產生效益及其他相關事宜，\n   如遇法令變更、經主管機關修正或要求，或因應主客觀環境需要而須修正或\n   調整時，授權董事長全權處理之。\n(2)授權董事長代表本公司簽署一切有關發行國內第七次有擔保轉換公司債之契\n   約及文件，並代表本公司辦理相關發行事宜。\n(3)本次發行有擔保轉換公司債，如有未盡事宜授權董事長全權處理之。""]], ""footer"": [""以上資料均由各公司依發言當時所屬市場別之規定申報後，由本系統對外公佈，資料如有虛偽不實，均由該公司負責。""], ""header"": {""note"": [], ""subTitle"": [], ""mainTitle"": [""公司當日重大訊息之詳細內容""]}, ""titles"": [{""sub"": [], ""main"": ""序號""}, {""sub"": [], ""main"": ""發言日期""}, {""sub"": [], ""main"": ""發言時間""}, {""sub"": [], ""main"": ""發言人""}, {""sub"": [], ""main"": ""發言人職稱""}, {""sub"": [], ""main"": ""發言人電話""}, {""sub"": [], ""main"": ""主旨""}, {""sub"": [], ""main"": ""符合條款""}, {""sub"": [], ""main"": ""事實發生日""}, {""sub"": [], ""main"": ""說明""}], ""companyAbbreviation"": ""濱川""}, ""datetime"": ""115/08/12 22:59:20""}",2026-08-12 22:58:15
1150812|otc|5392|1,115/08/12,16:35:55,5392,能率,代重要子公司毅金精密股份有限公司公告董事會決議辦理現金增資發行新股,現金增資,1150812,otc,1,"{""code"": 200, ""message"": ""查詢成功"", ""result"": {""marketName"": ""上櫃公司"", ""companyId"": ""5392"", ""data"": [[1, ""115/08/12"", ""16:35:55"", ""董俊毅"", ""副董事長"", ""(02)25472089分機1511"", ""代重要子公司毅金精密股份有限公司公告董事會決議\r\n辦理現金增資發行新股"", ""11"", ""115/08/12"", ""1.董事會決議或公司決定日期:115/08/12\n2.發行股數:3,950,835股。\n3.每股面額:新台幣10元。\n4.發行總金額:39,508,350元。\n5.發行價格:每股新台幣34.17元整。\n6.員工認股股數:本次現金增資依公司法第267條規定，保留發行股數之10%，\n共計395,083股由毅金公司員工認購。\n7.原股東認購比率:90%，共計3,555,752股。\n8.公開銷售方式及股數:不適用。\n9.畸零股及逾期未認購股份之處理方式:毅金公司員工及原有股東認購不足或放棄\n認購之部分，授權董事長洽特定人按發行價格認購。\n10.本次發行新股之權利義務:與原已發行普通股相同。\n11.本次增資資金用途:因應業務擴展之資金需求。\n12.現金增資認股基準日:115/11/30\n13.最後過戶日:不適用。\n14.停止過戶起始日期:不適用。\n15.停止過戶截止日期:不適用。\n16.股款繳納期間:不適用。\n17.與代收及專戶存儲價款行庫訂約日期:不適用。\n18.委託代收款項機構:不適用。\n19.委託存儲款項機構:不適用。\n20.其他應敘明事項:不適用。""]], ""footer"": [""以上資料均由各公司依發言當時所屬市場別之規定申報後，由本系統對外公佈，資料如有虛偽不實，均由該公司負責。""], ""header"": {""note"": [], ""subTitle"": [], ""mainTitle"": [""公司當日重大訊息之詳細內容""]}, ""titles"": [{""sub"": [], ""main"": ""序號""}, {""sub"": [], ""main"": ""發言日期""}, {""sub"": [], ""main"": ""發言時間""}, {""sub"": [], ""main"": ""發言人""}, {""sub"": [], ""main"": ""發言人職稱""}, {""sub"": [], ""main"": ""發言人電話""}, {""sub"": [], ""main"": ""主旨""}, {""sub"": [], ""main"": ""符合條款""}, {""sub"": [], ""main"": ""事實發生日""}, {""sub"": [], ""main"": ""說明""}], ""companyAbbreviation"": ""能率""}, ""datetime"": ""115/08/12 22:59:21""}",2026-08-12 22:58:15
1150812|otc|6643|1,115/08/12,16:51:52,6643,M31,公告本公司115年第一次私募普通股收足股款暨增資基準日,私募普通股,1150812,otc,1,"{""code"": 200, ""message"": ""查詢成功"", ""result"": {""marketName"": ""上櫃公司"", ""companyId"": ""6643"", ""data"": [[1, ""115/08/12"", ""16:51:52"", ""張原熏"", ""總經理"", ""(03)560-1866"", ""公告本公司115年第一次私募普通股收足股款暨增資基準日"", ""53"", ""115/08/12"", ""1.事實發生日:115/08/12\n2.公司名稱:&#20870;星科技股份有限公司\n3.與公司關係(請輸入本公司或子公司):本公司\n4.相互持股比例:不適用\n5.發生緣由:\n(1)依本公司115年5月22日股東常會決議通過於普通股不超過16,000,000股\n   額度內，一年內以一次或分二次或分三次辦理本次私募普通股。\n(2)本次私募普通股530,000股，實際私募價格為每股新台幣353元，總金額為\n   新台幣187,090,000元，已於115年08月12日收足股款。\n(3)本次私募增資基準日:115年08月13日。\n6.因應措施:無\n7.其他應敘明事項(若事件發生或決議之主體係屬公開發行以上公司，\n本則重大訊息同時符合證券交易法施行細則第7條第9款所定\n對股東權益或證券價格有重大影響之事項):無""]], ""footer"": [""以上資料均由各公司依發言當時所屬市場別之規定申報後，由本系統對外公佈，資料如有虛偽不實，均由該公司負責。""], ""header"": {""note"": [], ""subTitle"": [], ""mainTitle"": [""公司當日重大訊息之詳細內容""]}, ""titles"": [{""sub"": [], ""main"": ""序號""}, {""sub"": [], ""main"": ""發言日期""}, {""sub"": [], ""main"": ""發言時間""}, {""sub"": [], ""main"": ""發言人""}, {""sub"": [], ""main"": ""發言人職稱""}, {""sub"": [], ""main"": ""發言人電話""}, {""sub"": [], ""main"": ""主旨""}, {""sub"": [], ""main"": ""符合條款""}, {""sub"": [], ""main"": ""事實發生日""}, {""sub"": [], ""main"": ""說明""}], ""companyAbbreviation"": ""M31""}, ""datetime"": ""115/08/12 22:59:21""}",2026-08-12 22:58:15
1150812|otc|4568|3,115/08/12,17:04:09,4568,科際精密,"公告本公司董事會決議現金增資100%越南子公司KogeMicroTechVietnam,LLC",現金增資,1150812,otc,3,"{""code"": 200, ""message"": ""查詢成功"", ""result"": {""marketName"": ""上櫃公司"", ""companyId"": ""4568"", ""data"": [[3, ""115/08/12"", ""17:04:09"", ""陳英毅"", ""財務副總經理"", ""02-2226-6860"", ""公告本公司董事會決議現金增資100%越南子公司Koge Micro Tech Vietnam,LLC"", ""20"", ""115/08/12"", ""1.標的物之名稱及性質（屬特別股者，並應標明特別股約定發行條件，如股息率等）:\r\n子公司Koge Micro Tech Vietnam,LLC之增資普通股\r\n2.事實發生日:115/8/12~115/8/12\r\n3.董事會通過日期: 民國115年8月12日\r\n4.其他核決日期: 不適用\r\n5.交易數量、每單位價格及交易總金額:\r\n交易總金額：美金1,600,000元\r\n6.交易相對人及其與公司之關係（交易相對人如屬自然人，且非公司之\r\n關係人者，得免揭露其姓名）:\r\n交易相對人：Koge Micro Tech Vietnam,LLC\n與公司之關係：本公司100%持有之子公司\r\n7.交易相對人為關係人者，並應公告選定關係人為交易對象之原因及前次移\r\n轉之所有人、前次移轉之所有人與公司及交易相對人間相互之關係、前次\r\n移轉日期及移轉金額:\r\n不適用\r\n8.交易標的最近五年內所有權人曾為公司之關係人者，尚應公告關係人之取\r\n得及處分日期、價格及交易當時與公司之關係:\r\n不適用\r\n9.本次係處分債權之相關事項（含處分之債權附隨擔保品種類、處分債權\r\n如有屬對關係人債權者尚需公告關係人名稱及本次處分該關係人之債權\r\n帳面金額:\r\n不適用\r\n10.處分利益（或損失）（取得有價證券者不適用）（原遞延者應列表說明\r\n認列情形）:\r\n不適用\r\n11.交付或付款條件（含付款期間及金額）、契約限制條款及其他重要約定\r\n事項:\r\n交付或付款條件：現金(依增資計畫)\n契約限制條款：無\r\n12.本次交易之決定方式、價格決定之參考依據及決策單位:\r\n決策單位：董事會\r\n13.取得或處分有價證券標的公司每股淨值:\r\n不適用\r\n14.迄目前為止，累積持有本交易證券（含本次交易）之數量、金額、持股\r\n比例及權利受限情形（如質押情形）:\r\n累積持有本交易證券（含本次交易）之金額：美金480萬元；\n持股比率：100%；\n權利受限情形：無\r\n15.迄目前為止，依「公開發行公司取得或處分資產處理準則」第三條所列\r\n之有價證券投資（含本次交易）占公司最近期財務報表中總資產及歸屬\r\n於母公司業主之權益之比例暨最近期財務報表中營運資金數額（註二）:\r\n占總資產比例=11.18%；\n占歸屬於母公司業主之權益比例=14.58%；\n營運資金數額=220,813仟元\r\n16.經紀人及經紀費用:\r\n不適用\r\n17.取得或處分之具體目的或用途:\r\n營運周轉所需\r\n18.本次交易表示異議董事之意見:\r\n無\r\n19.本次交易為關係人交易:是\r\n20.監察人承認或審計委員會同意日期:\r\n民國115年8月12日\r\n21.本次交易會計師出具非合理性意見:不適用\r\n22.會計師事務所名稱:\r\n不適用\r\n23.會計師姓名:\r\n不適用\r\n24.會計師開業證書字號:\r\n不適用\r\n25.是否涉及營運模式變更:否\r\n26.營運模式變更說明:\r\n不適用\r\n27.過去一年及預計未來一年內與交易相對人交易情形:\r\n不適用\r\n28.資金來源:\r\n不適用\r\n29.前已就同一件事件發布重大訊息日期: 不適用\r\n30.其他敘明事項:\r\n無""]], ""footer"": [""以上資料均由各公司依發言當時所屬市場別之規定申報後，由本系統對外公佈，資料如有虛偽不實，均由該公司負責。""], ""header"": {""note"": [], ""subTitle"": [], ""mainTitle"": [""公司當日重大訊息之詳細內容""]}, ""titles"": [{""sub"": [], ""main"": ""序號""}, {""sub"": [], ""main"": ""發言日期""}, {""sub"": [], ""main"": ""發言時間""}, {""sub"": [], ""main"": ""發言人""}, {""sub"": [], ""main"": ""發言人職稱""}, {""sub"": [], ""main"": ""發言人電話""}, {""sub"": [], ""main"": ""主旨""}, {""sub"": [], ""main"": ""符合條款""}, {""sub"": [], ""main"": ""事實發生日""}, {""sub"": [], ""main"": ""說明""}], ""companyAbbreviation"": ""科際精密""}, ""datetime"": ""115/08/12 22:59:22""}",2026-08-12 22:58:15
1150812|otc|4502|4,115/08/12,17:20:49,4502,健信,公告本公司董事會決議庫藏股註銷暨訂定減資基準日,庫藏股,1150812,otc,4,"{""code"": 200, ""message"": ""查詢成功"", ""result"": {""marketName"": ""上櫃公司"", ""companyId"": ""4502"", ""data"": [[4, ""115/08/12"", ""17:20:49"", ""吳明燦"", ""總經理"", ""04-7582899"", ""公告本公司董事會決議庫藏股註銷暨訂定減資基準日"", ""11"", ""115/08/12"", ""1.董事會決議日期:115/08/12\n2.減資緣由:為維護公司信用及股東權益為目的買回之庫藏股，\n依據證券交易法第28條之2第12項第3款規定辦理。\n3.減資金額:7670000\n4.消除股份:767000\n5.減資比率:1.33\n6.減資後股本:567026860\n7.預定股東會日期:NA\n8.預計減資新股上櫃後之上櫃普通股股數:不適用\n9.預計減資新股上櫃後之上櫃普通股股數占已發行普通股比率\n（減資後上櫃普通股股數/減資後已發行普通股):不適用\n10.前二項預計減資後上櫃普通股股數未達500萬股且未達25%者，請說明\n股權流通性偏低之因應措施:不適用\n11.減資基準日:115/08/31\n12.其他應敘明事項:無。""]], ""footer"": [""以上資料均由各公司依發言當時所屬市場別之規定申報後，由本系統對外公佈，資料如有虛偽不實，均由該公司負責。""], ""header"": {""note"": [], ""subTitle"": [], ""mainTitle"": [""公司當日重大訊息之詳細內容""]}, ""titles"": [{""sub"": [], ""main"": ""序號""}, {""sub"": [], ""main"": ""發言日期""}, {""sub"": [], ""main"": ""發言時間""}, {""sub"": [], ""main"": ""發言人""}, {""sub"": [], ""main"": ""發言人職稱""}, {""sub"": [], ""main"": ""發言人電話""}, {""sub"": [], ""main"": ""主旨""}, {""sub"": [], ""main"": ""符合條款""}, {""sub"": [], ""main"": ""事實發生日""}, {""sub"": [], ""main"": ""說明""}], ""companyAbbreviation"": ""健信""}, ""datetime"": ""115/08/12 22:59:22""}",2026-08-12 22:58:15
1150812|otc|6584|3,115/08/12,17:37:59,6584,南俊國際,公告本公司國內第一次有擔保/國內第二次無擔保轉換公司債115年第2季轉換普通股之增資基準日,公司債,1150812,otc,3,"{""code"": 200, ""message"": ""查詢成功"", ""result"": {""marketName"": ""上櫃公司"", ""companyId"": ""6584"", ""data"": [[3, ""115/08/12"", ""17:37:59"", ""吳仁山"", ""總經理"", ""03-3642777Ext.81725"", ""公告本公司國內第一次有擔保/國內第二次無擔保轉換公司債\r\n115年第2季轉換普通股之增資基準日"", ""11"", ""115/08/12"", ""1.董事會決議日期:115/08/12\n2.增資資金來源:國內第一次有擔保/國內第二次無擔保轉換公司債\n3.是否採總括申報發行新股(是，請併敘明預定發行期間/否):否\n4.全案發行總金額及股數(如屬盈餘或公積轉增資，發行股數則不含配發給員工部分):\n 發行總金額：7,388,540元\n 發行股數： 738,854股\n5.採總括申報發行新股案件，本次發行金額及股數:不適用\n6.採總括申報發行新股案件，本次發行後，剩餘之金額及股數餘額:不適用\n7.每股面額:新台幣10元\n8.發行價格:不適用\n9.員工認購股數或配發金額:不適用\n10.公開銷售股數:不適用\n11.原股東認購或無償配發比例(請註明暫定每仟股認購或配發股數):不適用\n12.畸零股及逾期未認購股份之處理方式:不適用\n13.本次發行新股之權利義務:與原流通在外股份相同\n14.本次增資資金用途:不適用\n15.現金減資後再行募資之合理性及必要性\n(募資當年度及前一年度有辦理現金減資者適用):不適用\n16.其他應敘明事項:\n訂定115年08月14日為公司債轉換普通股之增資基準日，減計預計註銷之限制員工權利\n新股2,000股後，增資後發行股份總數為71,379,810股，實收資本額為713,798,100元，\n並依法令規定辦理相關變更登記事宜。""]], ""footer"": [""以上資料均由各公司依發言當時所屬市場別之規定申報後，由本系統對外公佈，資料如有虛偽不實，均由該公司負責。""], ""header"": {""note"": [], ""subTitle"": [], ""mainTitle"": [""公司當日重大訊息之詳細內容""]}, ""titles"": [{""sub"": [], ""main"": ""序號""}, {""sub"": [], ""main"": ""發言日期""}, {""sub"": [], ""main"": ""發言時間""}, {""sub"": [], ""main"": ""發言人""}, {""sub"": [], ""main"": ""發言人職稱""}, {""sub"": [], ""main"": ""發言人電話""}, {""sub"": [], ""main"": ""主旨""}, {""sub"": [], ""main"": ""符合條款""}, {""sub"": [], ""main"": ""事實發生日""}, {""sub"": [], ""main"": ""說明""}], ""companyAbbreviation"": ""南俊國際""}, ""datetime"": ""115/08/12 22:59:25""}",2026-08-12 22:58:15
1150811|otc|5245|2,115/08/12,17:38:24,5245,智晶,公告本公司董事會決議註銷庫藏股暨訂定減資基準日,庫藏股,1150811,otc,2,"{""code"": 200, ""message"": ""查詢成功"", ""result"": {""marketName"": ""上櫃公司"", ""companyId"": ""5245"", ""data"": [[2, ""115/08/12"", ""17:38:24"", ""葉文欽"", ""總經理"", ""(037)587168"", ""公告本公司董事會決議註銷庫藏股暨訂定減資基準日"", ""11"", ""115/08/12"", ""1.董事會決議日期:115/08/12\n2.減資緣由:依據證券交易法第二十八條之二規定，本公司110年第一次買回\n庫藏股屆滿五年未轉讓員工之股份予以註銷。\n3.減資金額:新台幣18,300,000元\n4.消除股份:1,830,000股\n5.減資比率:4.06%\n6.減資後股本:新台幣432,971,410元\n7.預定股東會日期:NA\n8.預計減資新股上櫃後之上櫃普通股股數:不適用\n9.預計減資新股上櫃後之上櫃普通股股數占已發行普通股比率\n（減資後上櫃普通股股數/減資後已發行普通股):不適用\n10.前二項預計減資後上櫃普通股股數未達500萬股且未達25%者，請說明\n股權流通性偏低之因應措施:不適用\n11.減資基準日:115/10/07\n12.其他應敘明事項:無""]], ""footer"": [""以上資料均由各公司依發言當時所屬市場別之規定申報後，由本系統對外公佈，資料如有虛偽不實，均由該公司負責。""], ""header"": {""note"": [], ""subTitle"": [], ""mainTitle"": [""公司當日重大訊息之詳細內容""]}, ""titles"": [{""sub"": [], ""main"": ""序號""}, {""sub"": [], ""main"": ""發言日期""}, {""sub"": [], ""main"": ""發言時間""}, {""sub"": [], ""main"": ""發言人""}, {""sub"": [], ""main"": ""發言人職稱""}, {""sub"": [], ""main"": ""發言人電話""}, {""sub"": [], ""main"": ""主旨""}, {""sub"": [], ""main"": ""符合條款""}, {""sub"": [], ""main"": ""事實發生日""}, {""sub"": [], ""main"": ""說明""}], ""companyAbbreviation"": ""智晶""}, ""datetime"": ""115/08/12 22:59:25""}",2026-08-12 22:58:15
1150812|otc|5263|1,115/08/12,17:47:14,5263,智崴,本公司115年現金增資發行新股依法辦理催繳公告,現金增資,1150812,otc,1,"{""code"": 200, ""message"": ""查詢成功"", ""result"": {""marketName"": ""上櫃公司"", ""companyId"": ""5263"", ""data"": [[1, ""115/08/12"", ""17:47:14"", ""歐陽志宏"", ""總經理"", ""07-5372869"", ""本公司115年現金增資發行新股依法辦理催繳公告"", ""53"", ""115/08/12"", ""1.事實發生日:115/08/12\n2.公司名稱:智崴資訊科技股份有限公司\n3.與公司關係(請輸入本公司或子公司):本公司\n4.相互持股比例:不適用\n5.發生緣由:\n本公司現金增資發行新股認股繳款期限已於115年08月12日截止，\n惟有部分認股人尚未繳納現金增資股款，特此催告。\n6.因應措施:\n(1)依公司法第266條第3項準用同法第142條之規定辦理，訂定自115年08月13日\n至115年09月14日下午3時30分止為尚未繳款之原股東及認股員工之催告繳款期限。\n(2)尚未繳款之股東及認股員工，請於前述期間內，持原繳款書至台新國際商業銀行股份\n有限公司苓雅分行及全台各分行辦理繳款事宜，逾期未繳款者即喪失其認股之權利。\n(3)於催繳期間繳款之股東及員工，本公司將於催繳期間屆滿並經集保結算所作業後，\n依所認購之股數，撥入所登記之集保帳號。\n(4)若有任何疑問，請洽詢本公司股務代理機構「台新綜合證券股務代理部」\n(地址：台北市建國北路一段九十六號地下一樓；電話：02-25048125)。\n7.其他應敘明事項(若事件發生或決議之主體係屬公開發行以上公司，\n本則重大訊息同時符合證券交易法施行細則第7條第9款所定\n對股東權益或證券價格有重大影響之事項):無。""]], ""footer"": [""以上資料均由各公司依發言當時所屬市場別之規定申報後，由本系統對外公佈，資料如有虛偽不實，均由該公司負責。""], ""header"": {""note"": [], ""subTitle"": [], ""mainTitle"": [""公司當日重大訊息之詳細內容""]}, ""titles"": [{""sub"": [], ""main"": ""序號""}, {""sub"": [], ""main"": ""發言日期""}, {""sub"": [], ""main"": ""發言時間""}, {""sub"": [], ""main"": ""發言人""}, {""sub"": [], ""main"": ""發言人職稱""}, {""sub"": [], ""main"": ""發言人電話""}, {""sub"": [], ""main"": ""主旨""}, {""sub"": [], ""main"": ""符合條款""}, {""sub"": [], ""main"": ""事實發生日""}, {""sub"": [], ""main"": ""說明""}], ""companyAbbreviation"": ""智崴""}, ""datetime"": ""115/08/12 22:59:26""}",2026-08-12 22:58:15
1150812|otc|6603|5,115/08/12,18:26:04,6603,富強鑫,公告本公司董事會決議實施買回庫藏股,庫藏股,1150812,otc,5,"{""code"": 200, ""message"": ""查詢成功"", ""result"": {""marketName"": ""上櫃公司"", ""companyId"": ""6603"", ""data"": [[5, ""115/08/12"", ""18:26:04"", ""張銀鶯"", ""董事長特助"", ""06-5950688"", ""公告本公司董事會決議實施買回庫藏股"", ""35"", ""115/08/12"", ""1.董事會決議日期:115/08/12\r\n2.買回股份目的:轉讓股份予員工\r\n3.買回股份種類:普通股\r\n4.買回股份總金額上限(元):737,119,607\r\n5.預定買回之期間:115/08/13~115/10/12\r\n6.預定買回之數量(股):5,000,000\r\n7.買回區間價格(元):26.00~39.00，公司股價低於區間價格下限，將繼續買回\r\n8.買回方式:自集中交易市場買回\r\n9.預定買回股份占公司已發行股份總數之比率(%):2.99\r\n10.申報時已持有本公司股份之累積股數(股):1,403,000\r\n11.申報前五年內買回公司股份之情形:\r\n(1)實際買回股份期間：113/04/01 ~ 113/05/23 、預定買回股數(股)：3000000 、實際已\r\n買回股數(股)：2949000 、執行情形(實際已買回股數占預定買回股數%)：98.00\r\n12.已申報買回但未執行完畢之情形:\r\n為維護股東權益並兼顧市場機制，本公司視股價變化及成交量狀況執行分批買回，故未能執\r\n行完畢。\r\n13.董事會決議買回股份之會議紀錄:\r\n於民國115年8月12日董事會決議通過於每股26.00至39.00元(惟股價低於區間價格下限，將\r\n繼續買回)，買回庫藏股5,000,000股轉讓予員工。\r\n14.「上市上櫃公司買回本公司股份辦法」第十條規定之轉讓辦法:\r\n富強鑫精密工業股份有限公司\r\n買回股份轉讓員工辦法\r\n第一條:本公司為激勵員工及提昇員工向心力，依據證券交易法第28條之2第1項第1款及金融\r\n監督管理委員會發布之「上市上櫃公司買回本公司股份辦法」等相關規定，訂定本公司買回\r\n股份轉讓員工辦法。本公司買回股份轉讓予員工，除依有關法令規定外，悉依本辦法規定辦\r\n理。\r\n第二條:本次轉讓予員工之股份為普通股，其權利義務除有關法令及本辦法另有規定者外，\r\n與其他流通在外之普通股相同。\r\n第三條:本次買回之股份，應依本辦法之規定，自買回股份之日起五年內，得一次或分次轉\r\n讓予員工，各次轉讓作業之員工認股繳款期間及相關事宜，授權董事長另行訂定。\r\n第四條:凡於認購配股基準日前到職滿一定期間或對公司有特殊貢獻經提報董事會同意之員\r\n工，得依本辦法第五條所定認購數額，享有認購資格。本辦法所稱之員工，除本公司員工\r\n外，尚包含本公司直接或間接持有表決權股份超過百分之五十之海內外子公司領有薪資之全\r\n職員工。兼職員工、臨時性員工、短期工讀生及委外勞工均不適用本辦法。\r\n第五條:員工得認購股數，係依據員工職等、服務年資及對公司之特殊貢獻並兼顧認股基準\r\n日時公司持有之買回股份總額及單一員工認購股數之上限等因素為計算標準，訂定員工得受\r\n讓認購股數，報請董事會核准之。惟認股人具經理人身份者，應先提報薪資報酬委員會審議\r\n後，呈送董事會決議；轉讓之對象非具經理人身份者，應先經審計委員會同意後再提報董事\r\n會決議。\r\n第六條:本次買回股份轉讓予員工之作業程序:\r\n       一、依董事會之決議，公告、申報並於執行期限內買回本公司股份。\r\n       二、董事會依本辦法訂定及公布員工認股基準日、得認購股數標準、認購繳款期\r\n間、權利內容及限制條件等作業事項。\r\n       三、統計實際認購繳款股數，辦理股票轉讓過戶登記。\r\n第七條:本次買回股份轉讓予員工，以實際買回之平均價格為轉讓價格。惟轉讓前，如遇有\r\n公司已發行之普通股股份增加或減少，得按發行股份增減比率範圍內調整之。轉讓價格調整\r\n公式：\r\n        調整後轉讓價格=實際買回股份之平均價格×申報買回股份時已發行之普通\r\n         \r\n股總數÷轉讓買回股份予員工前已發行之普通股總數\r\n第八條:本公司買回股份轉讓予員工並辦理過戶登記後，取得該股份之員工在取得一年期間\r\n內不得轉讓或出售，其餘除另有規定者外，其權利義務與原有股份相同。\r\n第九條:本公司買回股份轉讓予員工，相關稅捐仍應依法繳納後始得辦理過戶作業。\r\n第十條:本公司為轉讓股份予員工所買回之股份，應自買回之日起五年內全數轉讓，逾期未\r\n轉讓部份，視為本公司未發行股份，應依法辦理銷除股份變更登記。\r\n第十一條:本辦法經董事會決議通過後生效，並應提報最近一次股東會報告，修正時亦同。\r\n第十二條:本辦法訂定於中華民國一一五年八月十二日。\r\n15.「上市上櫃公司買回本公司股份辦法」第十一條規定之轉換或認股辦法:\r\n不適用\r\n16.董事會已考慮公司財務狀況，不影響公司資本維持之聲明:\r\n一、本公司經民國115年8月12日第十三屆第7次董事會三分之二以上董事之出席及出席董事\r\n超過二分之一之同意通過，自申報日起二個月內於證券商營業處所買回本公司股份\r\n5,000,000股。\r\n二、上述買回股份總數，僅占本公司已發行股份之2.99%，且買回股份所需金額上限僅占本\r\n公司流動資產（115年度第二季會計師核閱之財務報表）之3.58%，茲聲明本公司董事會已考\r\n慮公司財務狀況，上述股份之買回並不影響本公司資本之維持。\r\n三、本聲明書業經本公司上述同次董事會議通過，出席董事11人均同意本聲明書之內容，併\r\n此聲明。\r\n17.會計師或證券承銷商對買回股份價格之合理性評估意見:\r\n本案經統一綜合證券股份有限公司出具「證券承銷商對買回股票價格之合理性評估意見」，\r\n認為本公司預計買回其普通股股份之價格區間尚屬合理，而買回普通股股份數量及買回價格\r\n區間對該公司之財務結構、償債能力、獲利能力等尚無重大不利之影響。\r\n18.其他證期局所規定之事項:\r\n無""]], ""footer"": [""以上資料均由各公司依發言當時所屬市場別之規定申報後，由本系統對外公佈，資料如有虛偽不實，均由該公司負責。""], ""header"": {""note"": [], ""subTitle"": [], ""mainTitle"": [""公司當日重大訊息之詳細內容""]}, ""titles"": [{""sub"": [], ""main"": ""序號""}, {""sub"": [], ""main"": ""發言日期""}, {""sub"": [], ""main"": ""發言時間""}, {""sub"": [], ""main"": ""發言人""}, {""sub"": [], ""main"": ""發言人職稱""}, {""sub"": [], ""main"": ""發言人電話""}, {""sub"": [], ""main"": ""主旨""}, {""sub"": [], ""main"": ""符合條款""}, {""sub"": [], ""main"": ""事實發生日""}, {""sub"": [], ""main"": ""說明""}], ""companyAbbreviation"": ""富強鑫""}, ""datetime"": ""115/08/12 22:59:26""}",2026-08-12 22:58:15
1150812|otc|2729|2,115/08/12,18:34:15,2729,瓦城,代子公司第一美味股份有限公司公告決議現金增資及增資認股基準日,現金增資,1150812,otc,2,"{""code"": 200, ""message"": ""查詢成功"", ""result"": {""marketName"": ""上櫃公司"", ""companyId"": ""2729"", ""data"": [[2, ""115/08/12"", ""18:34:15"", ""羅琬萱"", ""財務暨會計主管"", ""(02)2248-1022"", ""代子公司第一美味股份有限公司公告決議現金增資及\r\n增資認股基準日"", ""11"", ""115/08/12"", ""1.董事會決議或公司決定日期:115/08/12\n2.發行股數:3,223,500\n3.每股面額:10\n4.發行總金額:32,235,000\n5.發行價格:10\n6.員工認股股數:不適用\n7.原股東認購比率:100%\n8.公開銷售方式及股數:不適用\n9.畸零股及逾期未認購股份之處理方式:不適用\n10.本次發行新股之權利義務:與原發行股份相同\n11.本次增資資金用途:轉投資第三地區事業\n12.現金增資認股基準日:115/08/17\n13.最後過戶日:115/08/12\n14.停止過戶起始日期:115/08/13\n15.停止過戶截止日期:115/08/17\n16.股款繳納期間:115/08/18-115/08/20\n17.與代收及專戶存儲價款行庫訂約日期:不適用\n18.委託代收款項機構:不適用\n19.委託存儲款項機構:不適用\n20.其他應敘明事項:增資基準日：115/08/20""]], ""footer"": [""以上資料均由各公司依發言當時所屬市場別之規定申報後，由本系統對外公佈，資料如有虛偽不實，均由該公司負責。""], ""header"": {""note"": [], ""subTitle"": [], ""mainTitle"": [""公司當日重大訊息之詳細內容""]}, ""titles"": [{""sub"": [], ""main"": ""序號""}, {""sub"": [], ""main"": ""發言日期""}, {""sub"": [], ""main"": ""發言時間""}, {""sub"": [], ""main"": ""發言人""}, {""sub"": [], ""main"": ""發言人職稱""}, {""sub"": [], ""main"": ""發言人電話""}, {""sub"": [], ""main"": ""主旨""}, {""sub"": [], ""main"": ""符合條款""}, {""sub"": [], ""main"": ""事實發生日""}, {""sub"": [], ""main"": ""說明""}], ""companyAbbreviation"": ""瓦城""}, ""datetime"": ""115/08/12 22:59:27""}",2026-08-12 22:58:15
1150811|otc|3455|4,115/08/12,19:35:05,3455,由田,本公司董事會決議發行國內第一次及第二次無擔保轉換公司債,公司債,1150811,otc,4,"{""code"": 200, ""message"": ""查詢成功"", ""result"": {""marketName"": ""上櫃公司"", ""companyId"": ""3455"", ""data"": [[4, ""115/08/12"", ""19:35:05"", ""張文杰"", ""總經理"", ""02-8226-2088#103"", ""本公司董事會決議發行國內第一次及第二次無擔保\r\n轉換公司債"", ""11"", ""115/08/12"", ""1.董事會決議日期:115/08/12\n2.名稱﹝XX公司第X次（有、無）擔保公司債﹞:\n由田新技股份有限公司國內第一次及第二次無擔保轉換公司債\n3.是否採總括申報發行公司債(是/否):否\n4.發行總額:\n國內第一、二次無擔保轉換公司債發行總面額合計上限為新台幣十億元整\n5.每張面額:\n國內第一、二次無擔保轉換公司債發行每張面額新台幣壹拾萬元整\n6.發行價格:\n國內第一、二次無擔保轉換公司債，採詢價圈購及競價拍賣承銷方式辦理對外\n公開承銷。採詢價圈購方式依票面金額之101%~110%發行；採競價拍賣方式，\n底標以不低於票面金額之100%發行，實際總發行金額依競價拍賣結果而定。\n7.發行期間:國內第一、二次無擔保轉換公司債發行期間三年\n8.發行利率:國內第一、二次無擔保轉換公司債票面利率0%\n9.擔保品之總類、名稱、金額及約定事項:無\n10.募得價款之用途及運用計畫:充實營運資金\n11.承銷方式:\n國內第一、二次無擔保轉換公司債採詢價圈購及競價拍賣承銷方式辦理對外\n公開承銷。\n12.公司債受託人:由董事會授權董事長全權處理之\n13.承銷或代銷機構:由董事會授權董事長全權處理之\n14.發行保證人:無\n15.代理還本付息機構:委由本公司股務代理機構\n16.簽證機構:採無實體發行，故不適用\n17.能轉換股份者，其轉換價格及轉換辦法:\n相關轉換價格及轉換辦法將依相關法令規定辦理，俟呈奉主管機關核准後另行公告\n18.賣回條件:\n相關轉換價格及轉換辦法將依相關法令規定辦理，俟呈奉主管機關核准後另行公告\n19.買回條件:\n相關轉換價格及轉換辦法將依相關法令規定辦理，俟呈奉主管機關核准後另行公告\n20.附有轉換、交換或認股者，其換股基準日:\n相關轉換價格及轉換辦法將依相關法令規定辦理，俟呈奉主管機關核准後另行公告\n21.附有轉換、交換或認股者，對股權可能稀釋情形:\n相關轉換價格及轉換辦法將依相關法令規定辦理，俟呈奉主管機關核准後另行公告\n22.現金減資後再行募資之合理性及必要性\n(募資當年度及前一年度有辦理現金減資者適用):不適用\n23.其他應敘明事項:\n(1)本次可轉換公司債於主管機關申報生效發行後，授權董事長訂定發行日，向財\n團法人中華民國證券櫃檯買賣中心申請櫃檯買賣。\n(2)為掌握訂定發行條件及實際發行作業之時效，本次國內第一次及第二次無擔保\n轉換公司債計畫之重要內容，包含發行時程、承銷方式、發行額度、發行價格、\n發行條件、發行轉換辦法之訂定，以及計劃所需資金總額、資金來源、計畫項目、\n預計資金運用計畫進度、預計可能產生效益及其他相關事宜，如遇法令變更、經主\n管機關指示及基於營運評估或因應客觀環境需要變更或修正時，授權董事長得全權\n處理之。\n(3)為配合本次發行國內第一次及第二次無擔保轉換公司債籌資計畫之相關發行事\n宜，董事會授權董事長核可並代表本公司簽署一切有關發行國內第一次及第二次\n無擔保轉換公司債所需之契約及文件，並代表本公司辦理相關發行事宜。""]], ""footer"": [""以上資料均由各公司依發言當時所屬市場別之規定申報後，由本系統對外公佈，資料如有虛偽不實，均由該公司負責。""], ""header"": {""note"": [], ""subTitle"": [], ""mainTitle"": [""公司當日重大訊息之詳細內容""]}, ""titles"": [{""sub"": [], ""main"": ""序號""}, {""sub"": [], ""main"": ""發言日期""}, {""sub"": [], ""main"": ""發言時間""}, {""sub"": [], ""main"": ""發言人""}, {""sub"": [], ""main"": ""發言人職稱""}, {""sub"": [], ""main"": ""發言人電話""}, {""sub"": [], ""main"": ""主旨""}, {""sub"": [], ""main"": ""符合條款""}, {""sub"": [], ""main"": ""事實發生日""}, {""sub"": [], ""main"": ""說明""}], ""companyAbbreviation"": ""由田""}, ""datetime"": ""115/08/12 22:59:28""}",2026-08-12 22:58:15
1150812|otc|4174|7,115/08/12,20:24:43,4174,浩鼎,本公司董事會決議放棄對重要子公司「鼎晉生技股份有限公司」現金增資之新股認購權利，並將此權利轉予本公司全體股東,現金增資,1150812,otc,7,"{""code"": 200, ""message"": ""查詢成功"", ""result"": {""marketName"": ""上櫃公司"", ""companyId"": ""4174"", ""data"": [[7, ""115/08/12"", ""20:24:43"", ""蔣永芳"", ""副董事長"", ""(02)2655-8799"", ""本公司董事會決議放棄對重要子公司「鼎晉生技股份有限公司」\r\n現金增資之新股認購權利，並將此權利轉予本公司全體股東"", ""53"", ""115/08/12"", ""1.事實發生日:115/08/12\n2.公司名稱:台灣浩鼎生技股份有限公司\n3.與公司關係(請輸入本公司或子公司):本公司\n4.相互持股比例:不適用\n5.發生緣由:本公司於民國112年6月27日股東會通過，為配合鼎晉公司未來營運發展，\n並在不損及本公司股東權益之前提下，得分次辦理持有鼎晉公司股份釋股作業。為保留\n本公司研發及營運所需資金，本公司董事會決議通過擬全數放棄對鼎晉公司115年現金\n增資案之新股優先認購權，並將放棄之新股認購權利轉予本公司全體股東。\n6.因應措施:無\n7.其他應敘明事項(若事件發生或決議之主體係屬公開發行以上公司，\n本則重大訊息同時符合證券交易法施行細則第7條第9款所定\n對股東權益或證券價格有重大影響之事項):\n(1)鼎晉公司於民國115年8月7日經董事會決議辦理現金增資發行普通股至多不超過\n   15,000仟股，每股面額新台幣10元，暫定每股發行價格不低於新台幣32元。鼎晉\n   公司依公司法第267條規定，除保留15%由符合資格之員工認購外，其餘85%由鼎晉\n   公司依認股基準日股東名簿所載持有股份比例儘先分認。\n(2)本公司於民國112年6月27日股東會通過，為配合鼎晉公司未來營運發展，並在不損\n   及本公司股東權益之前提下，得分次辦理持有鼎晉公司股份釋股作業。為保留本\n   公司研發及營運所需資金，本公司董事會決議通過擬全數放棄對鼎晉公司115年現金\n   增資案之新股優先認購權，並將放棄之新股認購權利轉予本公司全體股東；由得認購\n   時本公司最近一次停止過戶日之股東名簿依持股比例計算可認股數優先認購。本公司\n   股東放棄認購之股份或認購不足一股之畸零股，統由鼎晉公司董事會授權其董事長按\n   發行價格洽特定人認購。\n(3)本公司本次擬放棄對鼎晉公司之現金增資新股認購案，將使本公司對鼎晉公司之持股\n   比例由49.43%降至不低於43.35%，本次放棄認購股份並不影響本公司對鼎晉公司之\n   控制力。\n(4)本次放棄對鼎晉公司115年現金增資案之優先認購權，並將此權利轉予本公司全體\n   股東一案相關未盡事宜，本公司董事會決議授權董事長全權處理之。""]], ""footer"": [""以上資料均由各公司依發言當時所屬市場別之規定申報後，由本系統對外公佈，資料如有虛偽不實，均由該公司負責。""], ""header"": {""note"": [], ""subTitle"": [], ""mainTitle"": [""公司當日重大訊息之詳細內容""]}, ""titles"": [{""sub"": [], ""main"": ""序號""}, {""sub"": [], ""main"": ""發言日期""}, {""sub"": [], ""main"": ""發言時間""}, {""sub"": [], ""main"": ""發言人""}, {""sub"": [], ""main"": ""發言人職稱""}, {""sub"": [], ""main"": ""發言人電話""}, {""sub"": [], ""main"": ""主旨""}, {""sub"": [], ""main"": ""符合條款""}, {""sub"": [], ""main"": ""事實發生日""}, {""sub"": [], ""main"": ""說明""}], ""companyAbbreviation"": ""浩鼎""}, ""datetime"": ""115/08/12 22:59:28""}",2026-08-12 22:58:15
1150811|rotc|7899|3,115/08/11,17:33:44,7899,景美,公告本公司董事會決議調整115年現金增資發行新股價格區間及股款繳納期間,現金增資,1150811,rotc,3,"{""code"": 200, ""message"": ""查詢成功"", ""result"": {""marketName"": ""興櫃公司"", ""companyId"": ""7899"", ""data"": [[3, ""115/08/11"", ""17:33:44"", ""鄭雅文"", ""品牌總經理"", ""02-22671886"", ""公告本公司董事會決議調整115年現金增資發行新股價格區間\r\n及股款繳納期間"", ""9"", ""115/08/11"", ""1.董事會決議日期:115/08/11\n2.增資資金來源:現金增資\n3.發行股數(如屬盈餘或公積轉增資，則不含配發給員工部分):預計發行3,500,000股\n4.每股面額:新台幣10元\n5.發行總金額:按面額計新台幣35,000,000元整\n6.發行價格:原董事會通過增資價格區間為300~500元/股，暫定每股新台幣338元，調整後\n暫定為250~500元/股，實際發行價格授權董事長依相關法規及市場狀況訂定。\n7.員工認購股數或配發金額:依公司法第267條規定，保留發行新股總數10%之股份，\n計350,000股，由本公司員工認購。\n8.公開銷售股數:不適用\n9.原股東認購或無償配發比例(請註明暫定每仟股認購或配發股數):發行新股總數之90%，\n計3,150,000股，由原股東按認股基準日股東名簿記載之持股比例認購，\n每仟股約可認購129.67232股。\n10.畸零股及逾期未認購股份之處理方式:認購不足一股之畸零股，得由股東自停止過戶起\n五日內向本公司股務代理機構辦理拼湊成整股認購。其拼湊不足一股之畸零股及原股東\n及員工放棄認股或認購不足及逾期未拼湊之股份，擬授權董事長洽特定人按發行價格\n認購之。\n11.本次發行新股之權利義務:與已發行之原有股份相同。\n12.本次增資資金用途:充實營運資金、償還借款。\n13.其他應敘明事項:\n（1）本公司擬辦理115年度現金案發行3,500,000股，暫定發行價格每股338元，該案於\n115年7月15日送件業於115年7月24日生效。惟考量近期資本市場波動劇烈，本公司近期\n興櫃價格有多日低於預計增資發行價格338元/股，為使現金增資募資順利，擬修訂每股\n發行價格於250元~500元之區間內授權董事長依發行當時市場狀況訂定發行價格。\n（2）本次現金增資計畫之重要內容，包括發行條件、計畫項目、暫訂價格、預定進度及\n預計產生效益，暨其他有關本次現金增資相關事項，未來如因主管機關核定及為因應\n客觀環境需予修正或變更者，包括向主管機關申請延期或撤銷，擬授權董事長全權\n處理之。\n（3）現金增資認股基準日及停止過戶期間，請詳115年7月27日發布之重大訊息內容。\n（4）股款繳納期間俟主管機關核准調整發行價格後另行擬訂及公告。""]], ""footer"": [""以上資料均由各公司依發言當時所屬市場別之規定申報後，由本系統對外公佈，資料如有虛偽不實，均由該公司負責。""], ""header"": {""note"": [], ""subTitle"": [], ""mainTitle"": [""公司當日重大訊息之詳細內容""]}, ""titles"": [{""sub"": [], ""main"": ""序號""}, {""sub"": [], ""main"": ""發言日期""}, {""sub"": [], ""main"": ""發言時間""}, {""sub"": [], ""main"": ""發言人""}, {""sub"": [], ""main"": ""發言人職稱""}, {""sub"": [], ""main"": ""發言人電話""}, {""sub"": [], ""main"": ""主旨""}, {""sub"": [], ""main"": ""符合條款""}, {""sub"": [], ""main"": ""事實發生日""}, {""sub"": [], ""main"": ""說明""}], ""companyAbbreviation"": ""景美""}, ""datetime"": ""115/08/12 22:59:29""}",2026-08-12 22:58:15
1150811|rotc|7867|2,115/08/11,17:59:42,7867,特力屋,公告本公司董事會決議辦理初次上市掛牌前現金增資發行新股案,現金增資,1150811,rotc,2,"{""code"": 200, ""message"": ""查詢成功"", ""result"": {""marketName"": ""興櫃公司"", ""companyId"": ""7867"", ""data"": [[2, ""115/08/11"", ""17:59:42"", ""蔣毓婷"", ""總監"", ""02-8791-6668"", ""公告本公司董事會決議辦理初次上市掛牌前現金增資發行新股案"", ""9"", ""115/08/11"", ""1.董事會決議日期:115/08/11\n2.增資資金來源:現金增資發行新股。\n3.發行股數(如屬盈餘或公積轉增資，則不含配發給員工部分):\n上限為普通股12,000,000股且不低於普通股10,200,000股。\n4.每股面額:新臺幣10元。\n5.發行總金額:新臺幣102,000,000~120,000,000元整(以面額計算)。\n6.發行價格:每股發行價格暫定以新臺幣58元溢價發行，預計募集總金額\n為新臺幣591,600仟元~696,000仟元，惟實際發行價格授權董事長參酌市場狀況，\n並依相關法令與主辦證券承銷商共同議定之。\n7.員工認購股數或配發金額:1,020,000~ 1,200,000股。\n8.公開銷售股數:9,180,000~10,800,000股。\n9.原股東認購或無償配發比例(請註明暫定每仟股認購或配發股數):\n本次現金增資依公司法第267條規定，保留發行新股總數之10%計1,020,000~1,200,000股\n供員工認購,其餘90%計9,180,000~10,800,000股依證券交易法第28條之1規定\n及本公司114年12月16日股東臨時會決議通過，由原股東放棄認購,以供證券承銷商\n辦理上市前公開承銷，不受公司法第267條第3項原股東優先分認之限制。\n10.畸零股及逾期未認購股份之處理方式:員工放棄認購或認購不足部分，\n授權董事長洽特定人按發行價格認購之；對外公開承銷認購不足部分，\n依「中華民國證券商業同業公會證券商承銷或再行銷售有價證券處理辦法」\n規定辦理之。\n11.本次發行新股之權利義務:本次現金增資發行之股份均採無實體發行，\n發行之新股權利義務與原已發行之普通股相同。\n12.本次增資資金用途:充實營運資金。\n13.其他應敘明事項:\n(1)本次現金增資發行新股所訂之發行股數、發行價格、發行條件、募集資金總額、\n資金計劃之用途、預計可能產生效益及其他相關事項，如因法令規定、\n主管機關指示或因應主客觀環境變化而有修正或調整之必要，及其他未盡事宜，\n授權董事長全權處理。\n(2)本次增資案侯主管機關申報生效後，授權董事長另訂增資基準日、股款繳納期間、\n競價拍賣及公開申購期間等發行新股之相關事宜。\n(3)本公司股票上市前相關事宜，含終止興櫃轉上市掛牌等，授權董事長全權處理。""]], ""footer"": [""以上資料均由各公司依發言當時所屬市場別之規定申報後，由本系統對外公佈，資料如有虛偽不實，均由該公司負責。""], ""header"": {""note"": [], ""subTitle"": [], ""mainTitle"": [""公司當日重大訊息之詳細內容""]}, ""titles"": [{""sub"": [], ""main"": ""序號""}, {""sub"": [], ""main"": ""發言日期""}, {""sub"": [], ""main"": ""發言時間""}, {""sub"": [], ""main"": ""發言人""}, {""sub"": [], ""main"": ""發言人職稱""}, {""sub"": [], ""main"": ""發言人電話""}, {""sub"": [], ""main"": ""主旨""}, {""sub"": [], ""main"": ""符合條款""}, {""sub"": [], ""main"": ""事實發生日""}, {""sub"": [], ""main"": ""說明""}], ""companyAbbreviation"": ""特力屋""}, ""datetime"": ""115/08/12 22:59:30""}",2026-08-12 22:58:15
1150811|rotc|5246|2,115/08/11,18:04:09,5246,勵威,公告本公司董事會決議辦理現金增資發行新股,現金增資,1150811,rotc,2,"{""code"": 200, ""message"": ""查詢成功"", ""result"": {""marketName"": ""興櫃公司"", ""companyId"": ""5246"", ""data"": [[2, ""115/08/11"", ""18:04:09"", ""賴志豪"", ""總經理"", ""(03)530-2300"", ""公告本公司董事會決議辦理現金增資發行新股"", ""9"", ""115/08/11"", ""1.董事會決議日期:115/08/11\n2.增資資金來源:現金增資發行普通股\n3.發行股數(如屬盈餘或公積轉增資，則不含配發給員工部分):\n6,000,000股~10,000,000股。\n4.每股面額:新台幣10元\n5.發行總金額:按面額計新台幣60,000,000元~100,000,000元。\n6.發行價格:每股發行價格暫訂為新台幣60至110元，實際發行價格及發行條件授權董事長\n視公司實際需要及市場狀況於法令許可範圍內全權處理。\n7.員工認購股數或配發金額:依公司法第267條規定，保留10%即600,000股~1,000,000股\n由本公司員工認購。\n8.公開銷售股數:不適用\n9.原股東認購或無償配發比例(請註明暫定每仟股認購或配發股數):發行股份90%\n計5,400,000股~9,000,000股，由原股東按增資認股基準日股東名簿記載之股東\n持股比率認購。\n10.畸零股及逾期未認購股份之處理方式:認購不足一股之畸零股，得由股東在停止\n過戶日起五日內，逕向本公司股務代理機構辦理併湊成整股。原股東及員工放棄\n認購或拼湊不足一股之畸零股，擬由董事會授權董事長洽特定人按發行價格認購之。\n11.本次發行新股之權利義務:與原已發行普通股股份相同。\n12.本次增資資金用途:償還銀行借款和充實營運資金。\n13.其他應敘明事項:\n(1)本次發行新股所訂之發行股數、發行價格、發行條件、計畫項目、資金運用進度\n及預計效益暨其他有關本次現金增資之事項，如經主管機關修正及基於營運評估\n或因應客觀環境而需要修正者或其他未盡事宜，授權董事長視實際狀況全權處理。\n(2)本次現金增資案呈奉主管機關核准後，授權董事長訂定認股基準日、繳款期間、\n增資基準日等相關發行新股事宜。""]], ""footer"": [""以上資料均由各公司依發言當時所屬市場別之規定申報後，由本系統對外公佈，資料如有虛偽不實，均由該公司負責。""], ""header"": {""note"": [], ""subTitle"": [], ""mainTitle"": [""公司當日重大訊息之詳細內容""]}, ""titles"": [{""sub"": [], ""main"": ""序號""}, {""sub"": [], ""main"": ""發言日期""}, {""sub"": [], ""main"": ""發言時間""}, {""sub"": [], ""main"": ""發言人""}, {""sub"": [], ""main"": ""發言人職稱""}, {""sub"": [], ""main"": ""發言人電話""}, {""sub"": [], ""main"": ""主旨""}, {""sub"": [], ""main"": ""符合條款""}, {""sub"": [], ""main"": ""事實發生日""}, {""sub"": [], ""main"": ""說明""}], ""companyAbbreviation"": ""勵威""}, ""datetime"": ""115/08/12 22:59:31""}",2026-08-12 22:58:15
1150811|rotc|7776|2,115/08/11,18:14:09,7776,奧孟亞,公告本公司董事會決議現金增資發行新股,現金增資,1150811,rotc,2,"{""code"": 200, ""message"": ""查詢成功"", ""result"": {""marketName"": ""興櫃公司"", ""companyId"": ""7776"", ""data"": [[2, ""115/08/11"", ""18:14:09"", ""蔡依庭"", ""財會主管"", ""02-26558988#7504"", ""公告本公司董事會決議現金增資發行新股"", ""9"", ""115/08/11"", ""1.董事會決議日期:115/08/11\n2.增資資金來源:現金增資\n3.發行股數(如屬盈餘或公積轉增資，則不含配發給員工部分):普通股不高於4,000,000股\n4.每股面額:新台幣10元\n5.發行總金額:總面額新台幣40,000,000元\n6.發行價格:暫定每股不低於新台幣33元\n7.員工認購股數或配發金額:\n  依公司法第267條規定保留發行新股總數10%計400,000股，由本公司員工認購。\n8.公開銷售股數:不適用\n9.原股東認購或無償配發比例(請註明暫定每仟股認購或配發股數):\n  發行新股總數90%計3,600,000股，由原股東按認股基準日股東名簿所記載持有股數按\n  比例認購，原股東暫定每仟股得認購約73.31748589股。\n10.畸零股及逾期未認購股份之處理方式:\n  認購不足一股之畸零股，由原股東自行於停止過戶日起五日內向本公司股務代理機構\n  辦理拼湊成整股認購。原股東及員工放棄認股、認購不足或逾期未拼湊，授權董事長\n  按發行價格洽特定人認購之。\n11.本次發行新股之權利義務:與原發行之普通股股份相同。\n12.本次增資資金用途:充實營運資金\n13.其他應敘明事項:\n   (1)本次現金增資發行普通股案，俟呈報主管機關申報生效後，由董事會授權董事長\n      另訂定認股基準日、增資基準日及辦理與本次現金增資相關事宜。\n   (2)本次增資發行普通股所訂之發行股數(惟不得超過4,000,000股)、發行價格(得較\n      前二十個交易日平均交易價格折價最多10%)、發行條件、計畫項目、募集金額及\n      其他有關事項，如因應法令變更或主管機關核定、客觀環境改變或其他事實需要\n      而需調整修正時，授權董事長視公司實際需要及市場狀況於法令許可範圍內全權\n      處理。""]], ""footer"": [""以上資料均由各公司依發言當時所屬市場別之規定申報後，由本系統對外公佈，資料如有虛偽不實，均由該公司負責。""], ""header"": {""note"": [], ""subTitle"": [], ""mainTitle"": [""公司當日重大訊息之詳細內容""]}, ""titles"": [{""sub"": [], ""main"": ""序號""}, {""sub"": [], ""main"": ""發言日期""}, {""sub"": [], ""main"": ""發言時間""}, {""sub"": [], ""main"": ""發言人""}, {""sub"": [], ""main"": ""發言人職稱""}, {""sub"": [], ""main"": ""發言人電話""}, {""sub"": [], ""main"": ""主旨""}, {""sub"": [], ""main"": ""符合條款""}, {""sub"": [], ""main"": ""事實發生日""}, {""sub"": [], ""main"": ""說明""}], ""companyAbbreviation"": ""奧孟亞""}, ""datetime"": ""115/08/12 22:59:31""}",2026-08-12 22:58:15
1150811|rotc|7731|4,115/08/11,18:38:30,7731,火星生技*,公告本公司擬向金融監督管理委員會申請調整每股發行價格及延長現金增資繳款期間等相關事宜,現金增資,1150811,rotc,4,"{""code"": 200, ""message"": ""查詢成功"", ""result"": {""marketName"": ""興櫃公司"", ""companyId"": ""7731"", ""data"": [[4, ""115/08/11"", ""18:38:30"", ""楊硯超"", ""總經理"", ""(02)8245-5250"", ""公告本公司擬向金融監督管理委員會申請調整每股發行價格\r\n及延長現金增資繳款期間等相關事宜"", ""14"", ""115/08/11"", ""1.董事會決議變更日期:115/08/11\n2.原計畫申報生效之日期:115/07/27\n3.變動原因:鑒於近期資本市場變化，股價波動較大，綜合考量\n市場客觀環境之變動、認購人投資意願及資金募集之可行性，本公司\n擬調整每股發行價格、總募集金額及延長繳款期間3個月。\n4.歷次變更前後募集資金計畫:\n114年度現金增資，已依變更後計畫完成資金募集及資金運用。\n5.預計執行進度:授權董事長於調整後每股發行價格新台幣3.5~6.5元區間內\n訂定之，並向主管機關辦理相關調整事宜。\n6.預計完成日期:115年第四季。\n7.預計可能產生效益:充實營運資金，健全財務結構。\n8.與原預計效益產生之差異:將視董事長訂定調整後之每股發行價格後，另行公告。\n9.本次變更對股東權益之影響:尚無重大影響。\n10.原主辦承銷商評估意見摘要:無。\n11.其他應敘明事項:\n(1)本次發行新股20,000仟股及暫定每股發行價格新台幣5元，業經金融監督管\n理委員會115年07月27日金管證發字第1150349728號函申報生效。\n(2)115年08月11日董事會決議每股發行價格擬調整為新台幣3.5~6.5元，授權\n董事長於區間內訂定之，並向主管機關辦理相關調整及延長繳款期間事宜。待\n呈報主管機關核備，俟取得金融監督管理委員會核准後另行公告之。\n(3)其後續相關事宜業經115年08月11日董事會決議通過授權董事長依相關法\n令訂定認股基準日、增資基準日、股款繳納期限、認股率及辦理其他增資發行　\n等相關事宜。\n(4)本現金增資預計調整每股發行價格及募集金額案，不影響增資目的之執行。""]], ""footer"": [""以上資料均由各公司依發言當時所屬市場別之規定申報後，由本系統對外公佈，資料如有虛偽不實，均由該公司負責。""], ""header"": {""note"": [], ""subTitle"": [], ""mainTitle"": [""公司當日重大訊息之詳細內容""]}, ""titles"": [{""sub"": [], ""main"": ""序號""}, {""sub"": [], ""main"": ""發言日期""}, {""sub"": [], ""main"": ""發言時間""}, {""sub"": [], ""main"": ""發言人""}, {""sub"": [], ""main"": ""發言人職稱""}, {""sub"": [], ""main"": ""發言人電話""}, {""sub"": [], ""main"": ""主旨""}, {""sub"": [], ""main"": ""符合條款""}, {""sub"": [], ""main"": ""事實發生日""}, {""sub"": [], ""main"": ""說明""}], ""companyAbbreviation"": ""火星生技*""}, ""datetime"": ""115/08/12 22:59:33""}",2026-08-12 22:58:15
1150811|rotc|6920|1,115/08/11,18:57:36,6920,恆勁科技,公告本公司董事會核准資本支出預算案,資本支出,1150811,rotc,1,"{""code"": 200, ""message"": ""查詢成功"", ""result"": {""marketName"": ""興櫃公司"", ""companyId"": ""6920"", ""data"": [[1, ""115/08/11"", ""18:57:36"", ""許詩濱"", ""營運長"", ""(03)598-5778"", ""公告本公司董事會核准資本支出預算案"", ""13"", ""115/08/11"", ""1.董事會或股東會決議日期:115/08/11\n2.投資計畫內容:購置設備以擴充產能\n3.預計投資金額:新台幣10.1億元\n4.預計投資日期:依各資本支出預算計畫案陸續投資\n5.資金來源:自有資金及銀行融資\n6.具體目的:因應未來業務拓展規劃之產能需求\n7.其他應敘明事項:無""]], ""footer"": [""以上資料均由各公司依發言當時所屬市場別之規定申報後，由本系統對外公佈，資料如有虛偽不實，均由該公司負責。""], ""header"": {""note"": [], ""subTitle"": [], ""mainTitle"": [""公司當日重大訊息之詳細內容""]}, ""titles"": [{""sub"": [], ""main"": ""序號""}, {""sub"": [], ""main"": ""發言日期""}, {""sub"": [], ""main"": ""發言時間""}, {""sub"": [], ""main"": ""發言人""}, {""sub"": [], ""main"": ""發言人職稱""}, {""sub"": [], ""main"": ""發言人電話""}, {""sub"": [], ""main"": ""主旨""}, {""sub"": [], ""main"": ""符合條款""}, {""sub"": [], ""main"": ""事實發生日""}, {""sub"": [], ""main"": ""說明""}], ""companyAbbreviation"": ""恆勁科技""}, ""datetime"": ""115/08/12 22:59:33""}",2026-08-12 22:58:15
1150812|rotc|6793|3,115/08/12,15:34:38,6793,天力離岸,公告本公司訂定現金增資認股基準日及其相關事宜,現金增資,1150812,rotc,3,"{""code"": 200, ""message"": ""查詢成功"", ""result"": {""marketName"": ""興櫃公司"", ""companyId"": ""6793"", ""data"": [[3, ""115/08/12"", ""15:34:38"", ""蔡哲倫"", ""財務暨會計主管"", ""02-27127955"", ""公告本公司訂定現金增資認股基準日及其相關事宜"", ""9"", ""115/08/12"", ""1.董事會決議或公司決定日期:115/08/12\n2.發行股數:30,000,000股\n3.每股面額:新台幣10元\n4.發行總金額:300,000,000元\n5.發行價格:每股新台幣10.5元\n6.員工認股股數:\n保留發行新股總數10%，即3,000,000股，由本公司員工按發行價格認股。\n7.原股東認購比例(另請說明每仟股暫定得認購股數):\n發行新股之90%，計27,000,000股由原股東按認股基準日股東名冊記載之\n股東及其持股比例認購，每仟股可認購357.14285714股。\n8.公開銷售方式及股數:不適用。\n9.畸零股及逾期未認購股份之處理方式:\n原股東認股不足一股之畸零股，得由股東自停止過戶日起五日內，至股務\n代理機構辦理合併拼湊成整股之登記，逾期未拼湊或拼湊後仍不足一股之\n畸零股及原股東或員工認購不足或逾期未認購者，授權董事長洽特定人按\n發行價格認購之。\n10.本次發行新股之權利義務:與已發行股份之權利義務相同。\n11.本次增資資金用途:充實營運資金。\n12.現金增資認股基準日:115/09/04\n13.最後過戶日:115/08/30\n14.停止過戶起始日期:115/08/31\n15.停止過戶截止日期:115/09/04\n16.股款繳納期間:\n原股東暨員工認股繳款期間自115/09/11起至115/10/12止。\n特定人認股繳款期間自115/10/13起至115/10/15止。\n17.與代收及專戶存儲價款行庫訂約日期:115/08/12。\n18.委託代收款項機構:永豐商業銀行西松分行及全省各地分行。\n19.委託存儲款項機構:永豐商業銀行松德分行。\n20.其他應敘明事項:\n(1)本次發行新股所訂之發行股數、發行條件、計畫項目、資金運用進度\n暨其他有關本次現金增資之事項，如經主管機關修正及基於營運評估或因\n應客觀環境而需修正者，擬請董事會授權董事長全權處理之。\n(2)本次現金增資發行新股業經金融監督管理委員會115年7月27日金管證\n發字第1150350598號函核准及115年8月6日金管證發字第1150352410號函\n另函同意每股發行價格為新台幣10.5元整。惟為避免原股東及員工之權\n益遭受損失，由本公司董事長出具承諾書如下:\n立承諾書人，天力離岸風電科技股份有限公司（以下稱「天力公司」）\n董事長吳坤達， 茲此承諾如下：\n有關天力公司115年第1次現金增資發行普通股30,000,000股，每股面額\n10元，總額新臺幣300,000,000元乙案，業經金管會115年7月27日金管證\n發字第1150350598號函申報生效。考量近期市場波動、未來市場發展狀\n況、公司整體利益及股東與投資人最大權益等因素，為提高投資人之認\n購意願，擬向金管會調整115年度第1次現金增資發行價格，將每股發行\n價格由原定新台幣13.2元調整為新台幣10.5元，總募集金額修正為\n315,000,000元。本人特別聲明在此募集作業期間，不影響原股東、員工\n及認股人權益，若因調整發行價格，而造成參與此次現金增資之原股東\n、員工及認股人權益受損，經提出合理及具體理由主張其權利受損部份\n，本人願負相關損失賠償責任。""]], ""footer"": [""以上資料均由各公司依發言當時所屬市場別之規定申報後，由本系統對外公佈，資料如有虛偽不實，均由該公司負責。""], ""header"": {""note"": [], ""subTitle"": [], ""mainTitle"": [""公司當日重大訊息之詳細內容""]}, ""titles"": [{""sub"": [], ""main"": ""序號""}, {""sub"": [], ""main"": ""發言日期""}, {""sub"": [], ""main"": ""發言時間""}, {""sub"": [], ""main"": ""發言人""}, {""sub"": [], ""main"": ""發言人職稱""}, {""sub"": [], ""main"": ""發言人電話""}, {""sub"": [], ""main"": ""主旨""}, {""sub"": [], ""main"": ""符合條款""}, {""sub"": [], ""main"": ""事實發生日""}, {""sub"": [], ""main"": ""說明""}], ""companyAbbreviation"": ""天力離岸""}, ""datetime"": ""115/08/12 22:59:34""}",2026-08-12 22:58:15
1150811|rotc|7415|3,115/08/12,15:43:32,7415,元澄半導體,公告本公司董事會通過辦理現金增資發行新股供初次上市(櫃)前公開承銷，原股東放棄優先認購案,現金增資,1150811,rotc,3,"{""code"": 200, ""message"": ""查詢成功"", ""result"": {""marketName"": ""興櫃公司"", ""companyId"": ""7415"", ""data"": [[3, ""115/08/12"", ""15:43:32"", ""陳憲煒"", ""董事"", ""07-269-2857"", ""公告本公司董事會通過辦理現金增資發行新股供\r\n初次上市(櫃)前公開承銷，原股東放棄優先認購案"", ""9"", ""115/08/12"", ""1.董事會決議日期:115/08/12\n2.增資資金來源:現金增資\n3.發行股數(如屬盈餘或公積轉增資，則不含配發給員工部分):未定\n4.每股面額:新台幣10元\n5.發行總金額:未定\n6.發行價格:未定\n7.員工認購股數或配發金額:依公司法第267條規定，保留發行總數之10%~15%\n 由員工認購。\n8.公開銷售股數:未定\n9.原股東認購或無償配發比例(請註明暫定每仟股認購或配發股數):\n除保留員工認購外，其餘發行新股全數提撥供辦理初次上市(櫃)前公開承銷，\n擬請全體股東同意放棄該次發行新股之優先認購權。\n10.畸零股及逾期未認購股份之處理方式:員工認購不足或放棄部份，授權董事長\n洽特定人依發行價格認購\n11.本次發行新股之權利義務:與原已發行之普通股相同，並採無實體發行\n12.本次增資資金用途:供本公司初次上市(櫃)前公開承銷之股份來源\n13.其他應敘明事項:本次發行之股數、價格、條件、募集金額、預計進度及可能\n  產生效益、經核准發行後訂定增資基準日及股款繳納期間等其他相關事項，\n  或如因法令規定或主管機關核定及基於營運評估或客觀環境條件有所改變而\n  修訂之必要時，授權董事長調整之。""]], ""footer"": [""以上資料均由各公司依發言當時所屬市場別之規定申報後，由本系統對外公佈，資料如有虛偽不實，均由該公司負責。""], ""header"": {""note"": [], ""subTitle"": [], ""mainTitle"": [""公司當日重大訊息之詳細內容""]}, ""titles"": [{""sub"": [], ""main"": ""序號""}, {""sub"": [], ""main"": ""發言日期""}, {""sub"": [], ""main"": ""發言時間""}, {""sub"": [], ""main"": ""發言人""}, {""sub"": [], ""main"": ""發言人職稱""}, {""sub"": [], ""main"": ""發言人電話""}, {""sub"": [], ""main"": ""主旨""}, {""sub"": [], ""main"": ""符合條款""}, {""sub"": [], ""main"": ""事實發生日""}, {""sub"": [], ""main"": ""說明""}], ""companyAbbreviation"": ""元澄半導體""}, ""datetime"": ""115/08/12 22:59:35""}",2026-08-12 22:58:15
1150812|rotc|7724|3,115/08/12,15:59:18,7724,諾亞克,公告本公司董事會決議買回庫藏股事宜,庫藏股,1150812,rotc,3,"{""code"": 200, ""message"": ""查詢成功"", ""result"": {""marketName"": ""興櫃公司"", ""companyId"": ""7724"", ""data"": [[3, ""115/08/12"", ""15:59:18"", ""鍾劍鋒"", ""總經理"", ""02-2378-0968"", ""公告本公司董事會決議買回庫藏股事宜"", ""41"", ""115/08/12"", ""1.董事會決議日期:115/08/12\n2.買回股份目的:轉讓股份予員工。\n3.買回股份種類:普通股。\n4.買回股份總金額上限(元):新台幣 16,982,784元\n5.預定買回之期間:115/08/13~115/10/12\n6.預定買回之數量(股):不超過707,616股。\n7.買回區間價格(元):每股新台幣12元至24元之間，\n若公司股價低於區間價格下限，得持續買回庫藏股。\n8.買回方式:自興櫃股票市場買回。\n9.預定買回股份占公司已發行股份總數之比率(%):不超過2%。\n10.申報時已持有本公司股份之累積股數(股):42,000股。\n11.申報前三年內買回公司股份之情形:已買回未執行轉讓或註銷。\n12.已申報買回但未執行完畢之情形:已買回未執行轉讓或註銷。\n13.其他應敘明事項:無。""]], ""footer"": [""以上資料均由各公司依發言當時所屬市場別之規定申報後，由本系統對外公佈，資料如有虛偽不實，均由該公司負責。""], ""header"": {""note"": [], ""subTitle"": [], ""mainTitle"": [""公司當日重大訊息之詳細內容""]}, ""titles"": [{""sub"": [], ""main"": ""序號""}, {""sub"": [], ""main"": ""發言日期""}, {""sub"": [], ""main"": ""發言時間""}, {""sub"": [], ""main"": ""發言人""}, {""sub"": [], ""main"": ""發言人職稱""}, {""sub"": [], ""main"": ""發言人電話""}, {""sub"": [], ""main"": ""主旨""}, {""sub"": [], ""main"": ""符合條款""}, {""sub"": [], ""main"": ""事實發生日""}, {""sub"": [], ""main"": ""說明""}], ""companyAbbreviation"": ""諾亞克""}, ""datetime"": ""115/08/12 22:59:36""}",2026-08-12 22:58:15
1150812|rotc|7907|4,115/08/12,16:42:27,7907,錸恩帕斯,公告本公司董事會決議買回庫藏股事宜,庫藏股,1150812,rotc,4,"{""code"": 200, ""message"": ""查詢成功"", ""result"": {""marketName"": ""興櫃公司"", ""companyId"": ""7907"", ""data"": [[4, ""115/08/12"", ""16:42:27"", ""林惠真"", ""副總經理"", ""06-2031585"", ""公告本公司董事會決議買回庫藏股事宜"", ""41"", ""115/08/12"", ""1.董事會決議日期:115/08/12\n2.買回股份目的:轉讓予員工\n3.買回股份種類:本公司普通股\n4.買回股份總金額上限(元):新台幣100,000,000元整\n5.預定買回之期間:115年8月13日至115年10月12日\n6.預定買回之數量(股):400,000股\n7.買回區間價格(元):預計買回區間價格新台幣150元至250元間，\n當公司股價低於所定區間價格下限時，將繼續執行買回股份。\n8.買回方式:自興櫃股票市場買回\n9.預定買回股份占公司已發行股份總數之比率(%):1.02%\n10.申報時已持有本公司股份之累積股數(股):無\n11.申報前三年內買回公司股份之情形:無\n12.已申報買回但未執行完畢之情形:無\n13.其他應敘明事項:無""]], ""footer"": [""以上資料均由各公司依發言當時所屬市場別之規定申報後，由本系統對外公佈，資料如有虛偽不實，均由該公司負責。""], ""header"": {""note"": [], ""subTitle"": [], ""mainTitle"": [""公司當日重大訊息之詳細內容""]}, ""titles"": [{""sub"": [], ""main"": ""序號""}, {""sub"": [], ""main"": ""發言日期""}, {""sub"": [], ""main"": ""發言時間""}, {""sub"": [], ""main"": ""發言人""}, {""sub"": [], ""main"": ""發言人職稱""}, {""sub"": [], ""main"": ""發言人電話""}, {""sub"": [], ""main"": ""主旨""}, {""sub"": [], ""main"": ""符合條款""}, {""sub"": [], ""main"": ""事實發生日""}, {""sub"": [], ""main"": ""說明""}], ""companyAbbreviation"": ""錸恩帕斯""}, ""datetime"": ""115/08/12 22:59:37""}",2026-08-12 22:58:15
1150812|rotc|6786|2,115/08/12,16:57:45,6786,芯測,公告本公司董事會決議辦理中長期資本規劃暨現金增資發行新股案,現金增資,1150812,rotc,2,"{""code"": 200, ""message"": ""查詢成功"", ""result"": {""marketName"": ""興櫃公司"", ""companyId"": ""6786"", ""data"": [[2, ""115/08/12"", ""16:57:45"", ""王筱萍"", ""副總經理"", ""(03)560-1667"", ""公告本公司董事會決議辦理中長期資本規劃\r\n暨現金增資發行新股案"", ""9"", ""115/08/12"", ""1.董事會決議日期:115/08/12\n2.增資資金來源:現金增資發行普通股。\n3.發行股數(如屬盈餘或公積轉增資，則不含配發給員工部分):\n 2,000,000~5,000,000股\n4.每股面額:新台幣10元\n5.發行總金額:未訂\n6.發行價格:\n 以向主管機關申報增資案件日前30日成交均價的80%~90%價格發行　\n ，實際發行價格及股數授權董事長於區間內訂定。\n7.員工認購股數或配發金額:\n 依公司法第267條規定保留發行股數之10%，計200,000~500,000股。\n8.公開銷售股數:不適用。\n9.原股東認購或無償配發比例(請註明暫定每仟股認購或配發股數):\n 發行新股總數之90%計1,800,000~4,500,000股，由原股東按認股基\n 準日之股東名簿所載持股比例認購。\n10.畸零股及逾期未認購股份之處理方式:\n 原股東及員工放棄認購或認購不足及逾期未辦理拼湊之部分，擬由\n 董事會授權董事長洽特定人按發行之價格認購之。\n11.本次發行新股之權利義務:與原已發行股份相同。\n12.本次增資資金用途:充實營運資金。\n13.其他應敘明事項:\n (1)本發行計畫之主要內容，包括發行價格、實際發行數量、發行條\n 件、計畫項目、募集金額、預計進度及可能產生效益等相關事宜，\n 暨其他有關發行計畫之事宜，如經主管機關要求或為因應客觀環境\n 所需予以修正時，擬授權董事長全權處理之。\n (2)本案授權董事長訂定與本次現金增資相關之認股基準日、增資基\n 準日及其他相關事宜。""]], ""footer"": [""以上資料均由各公司依發言當時所屬市場別之規定申報後，由本系統對外公佈，資料如有虛偽不實，均由該公司負責。""], ""header"": {""note"": [], ""subTitle"": [], ""mainTitle"": [""公司當日重大訊息之詳細內容""]}, ""titles"": [{""sub"": [], ""main"": ""序號""}, {""sub"": [], ""main"": ""發言日期""}, {""sub"": [], ""main"": ""發言時間""}, {""sub"": [], ""main"": ""發言人""}, {""sub"": [], ""main"": ""發言人職稱""}, {""sub"": [], ""main"": ""發言人電話""}, {""sub"": [], ""main"": ""主旨""}, {""sub"": [], ""main"": ""符合條款""}, {""sub"": [], ""main"": ""事實發生日""}, {""sub"": [], ""main"": ""說明""}], ""companyAbbreviation"": ""芯測""}, ""datetime"": ""115/08/12 22:59:37""}",2026-08-12 22:58:15
1150812|rotc|6786|3,115/08/12,17:05:23,6786,芯測,公告本公司董事會決議辦理私募普通股案,私募普通股,1150812,rotc,3,"{""code"": 200, ""message"": ""查詢成功"", ""result"": {""marketName"": ""興櫃公司"", ""companyId"": ""6786"", ""data"": [[3, ""115/08/12"", ""17:05:23"", ""王筱萍"", ""副總經理"", ""(03)560-1667"", ""公告本公司董事會決議辦理私募普通股案"", ""9"", ""115/08/12"", ""1.董事會決議日期:115/08/12\n2.私募有價證券種類:普通股\n3.私募對象及其與公司間關係:\n(1)以符合證券交易法第43條之6及金融監督管理委員會\n112年9月12日金管證發字第1120383220號令以及公開發\n行公司辦理私募有價證券應注意事項第4條第1項第2款之\n規定選任特定人。\n(2)本公司目前尚未洽定特定應募人，應募人之選擇，將\n引進策略性投資人，以能協助本公司長期發展者，並提升\n公司長期股東價值為首要考量。\n4.私募股數或張數:不超過5,000,000股。\n5.得私募額度:不超過5,000,000股額度內辦理，每股面額\n新台幣10元，並提請股東會授權董事會自股東會決議日起\n一年內，得視資本市場情況分一次或二次辦理。\n6.私募價格訂定之依據及合理性:\n本次私募普通股價格之訂定，以定價日前三十個營業日興\n櫃股票電腦議價點選系統內該興櫃股票普通股之每一營業\n日成交金額之總和除以每一營業日成交股數之總和計算，\n並扣除無償配股除權及配息，暨加回減資反除權後之股價\n，或定價日前最近期經會計師查核簽證或核閱之財務報告\n顯示之每股淨值，以上列二基準計算價格較高者為參考價\n格，以不低於參考價格之八成訂定之。惟實際定價日及實\n際私募價格，擬提請股東會於不低於股東會決議成數且不\n低於股票面額之範圍內授權董事會依日後市場狀況與洽特\n定人情形訂定之。\n7.本次私募資金用途:為引進具產業資源、客戶資源、技術\n合作或併購整合能力之策略性投資人，同時充實營運資金\n以支應EDA/IP產品開發、關鍵客戶導入及市場拓展需求。\n8.不採用公開募集之理由:本公司考量半導體EDA/IP產業具\n高度技術門檻、客戶導入期長及策略合作深度高之特性，\n為精準引進具長期持股意願及產業合作價值之投資人，並\n兼顧籌資時效、發行成本、資本市場波動及公司長期發展\n需求，採私募方式辦理具有其必要性及合理性。\n9.獨立董事反對或保留意見:無。\n10.實際定價日:俟股東會通過後授權董事會決定之。\n11.參考價格:不低於股東會決議成數且不低於股票面額範\n圍內授權董事會依日後市場狀況與洽特定人情形訂定之。\n12.實際私募價格、轉換或認購價格:\n不低於股東會決議成數且不低於股票面額範圍內授權董事\n會依日後市場狀況與洽特定人情形訂定之。\n13.本次私募新股之權利義務:\n本次私募普通股案中所發行之新股其權利義務與原股份相\n同；惟依證券交易法第43條之8規定之特定情形不得自由\n轉讓外，於本案交付滿三年後，依規定向主管機關申請補\n辦公開發行及掛牌交易。\n14.附有轉換、交換或認股者，其換股基準日:不適用。\n15.附有轉換、交換或認股者，對股權可能稀釋情形:不適用。\n16.其他應敘明事項:\n本次私募普通股之主要內容，除私募定價成數外，包括發\n行股數、發行價格、發行條件、計劃項目、募集金額及資\n金運用進度、預計可能產生效益及其他未盡事宜者或嗣後\n如因法令變更，擬提請股東會同意授權董事會視市場狀況\n調整、訂定與辦理，如經主管機關要求或基於營運評估或\n因應客觀環境改變而有修正必要時，亦授權董事會全權處\n理之。""]], ""footer"": [""以上資料均由各公司依發言當時所屬市場別之規定申報後，由本系統對外公佈，資料如有虛偽不實，均由該公司負責。""], ""header"": {""note"": [], ""subTitle"": [], ""mainTitle"": [""公司當日重大訊息之詳細內容""]}, ""titles"": [{""sub"": [], ""main"": ""序號""}, {""sub"": [], ""main"": ""發言日期""}, {""sub"": [], ""main"": ""發言時間""}, {""sub"": [], ""main"": ""發言人""}, {""sub"": [], ""main"": ""發言人職稱""}, {""sub"": [], ""main"": ""發言人電話""}, {""sub"": [], ""main"": ""主旨""}, {""sub"": [], ""main"": ""符合條款""}, {""sub"": [], ""main"": ""事實發生日""}, {""sub"": [], ""main"": ""說明""}], ""companyAbbreviation"": ""芯測""}, ""datetime"": ""115/08/12 22:59:38""}",2026-08-12 22:58:15
1150812|rotc|6648|4,115/08/12,17:20:27,6648,斯其大,公告董事會決議辦理115年度第二次私募普通股定價及相關事宜,私募普通股,1150812,rotc,4,"{""code"": 200, ""message"": ""查詢成功"", ""result"": {""marketName"": ""興櫃公司"", ""companyId"": ""6648"", ""data"": [[4, ""115/08/12"", ""17:20:27"", ""代理發言人林偉文"", ""代理發言人"", ""02-77181928"", ""公告董事會決議辦理115年度第二次私募普通股定價\r\n及相關事宜"", ""9"", ""115/08/12"", ""1.董事會決議日期:115/08/12\n2.私募有價證券種類:普通股\n3.私募對象及其與公司間關係:\n(一)本次私募普通股之對象以符合證券交易法第43條之6及金融監督管理委員會\n112年9月12日金管證發字第1120383220號令規定之特定人為限。\n(二)已洽定之應募人名單如下：\n          姓名/名稱            與本公司關係\n    --------------------   --------------------\n      林鳳股份有限公司             無\n\n應募人屬法人者，其股東持股比例占前十名之股東及與本公司之關係：\n     姓名            持股比例        與本公司關係\n  -------------   -------------   ------------------\n    黨天健             85%               無\n    徐  寧              5%               無\n    黨得綸              5%               無\n    黨得霖              5%               無\n4.私募股數或張數:不超過3,500,000股\n5.得私募額度:\n依據本公司115年06月09日股東會決議，私募股數於不超過10,000仟股之額度\n內，授權董事會於股東會決議之日起一年分1~3次辦理。本次私募總股數不超\n過3,500,000股，本次私募總金額不超過44,100,000元。\n6.私募價格訂定之依據及合理性:\n本次私募普通股價格之訂定不得低於參考價格之八成且不低於票面金額10元，\n參考價格以下列二基準計算價格較高者定之：\n(1)以定價日前30個營業日興櫃股票電腦議價點選系統內該興櫃股票普通股之\n每一營業日成交金額之總和除以每一營業日成交股數之總和計算，並扣除無\n償配股除權及配息，暨加回減資反除權後之股價。\n(2)定價日前最近期經會計師查核簽證或核閱之財務報告顯示之每股淨值。\n7.本次私募資金用途:\n資金用途將用於充實營運資金擴大市場等需求。\n8.不採用公開募集之理由:\n考量私募具有迅速簡便之特性，可掌握資金募集之時效性，且私募股票有限\n制轉讓的規定，可確保公司與投資夥伴間之長期關係。\n9.獨立董事反對或保留意見:無\n10.實際定價日:115/08/12\n11.參考價格:15.24\n12.實際私募價格、轉換或認購價格:12.6\n13.本次私募新股之權利義務:\n依據證券交易法規定，本次私募之普通股於交付日後三年內除依證券交易法\n第43 條之8規定之情事外，不得自由轉讓。本公司於交付滿三年後，將依證\n交法相關規定向主管機關申請股票公開發行及掛牌交易。除其轉讓需依證券\n交易法第43條之8規定辦理外，其權利義務與本公司普通股股份相同。\n14.附有轉換、交換或認股者，其換股基準日:不適用\n15.附有轉換、交換或認股者，對股權可能稀釋情形:不適用\n16.其他應敘明事項:\n(1)本次私募股款繳納期間：115年08月13日至115年08月24日。\n私募普通股增資基準日：115年08月24日。\n(2)前述繳款作業暨增資基準日擬授權董事長得視洽特定人情況或因客觀因\n素變動重新訂定之。\n(3)本次私募現金增資發行普通股如有未盡事宜，或因法令變更、依主管機\n關指示或因應客觀環境而需修正時，擬請董事會授權董事長全權處理之。""]], ""footer"": [""以上資料均由各公司依發言當時所屬市場別之規定申報後，由本系統對外公佈，資料如有虛偽不實，均由該公司負責。""], ""header"": {""note"": [], ""subTitle"": [], ""mainTitle"": [""公司當日重大訊息之詳細內容""]}, ""titles"": [{""sub"": [], ""main"": ""序號""}, {""sub"": [], ""main"": ""發言日期""}, {""sub"": [], ""main"": ""發言時間""}, {""sub"": [], ""main"": ""發言人""}, {""sub"": [], ""main"": ""發言人職稱""}, {""sub"": [], ""main"": ""發言人電話""}, {""sub"": [], ""main"": ""主旨""}, {""sub"": [], ""main"": ""符合條款""}, {""sub"": [], ""main"": ""事實發生日""}, {""sub"": [], ""main"": ""說明""}], ""companyAbbreviation"": ""斯其大""}, ""datetime"": ""115/08/12 22:59:39""}",2026-08-12 22:58:15
1150812|rotc|6787|3,115/08/12,18:26:35,6787,晶瑞光,公告本公司訂定115年現金增資認股基準日暨相關事宜(委託代收款項機構簽約日),現金增資,1150812,rotc,3,"{""code"": 200, ""message"": ""查詢成功"", ""result"": {""marketName"": ""興櫃公司"", ""companyId"": ""6787"", ""data"": [[3, ""115/08/12"", ""18:26:35"", ""賴俊文"", ""副總經理"", ""03-5958589"", ""公告本公司訂定115年現金增資認股基準日暨相關事宜\r\n(委託代收款項機構簽約日)"", ""9"", ""115/08/12"", ""1.董事會決議或公司決定日期:115/08/12\n2.發行股數:6,500,000股\n3.每股面額:新台幣10元整\n4.發行總金額:新台幣65,000,000元\n5.發行價格:每股新台幣30元\n6.員工認股股數:650,000股\n7.原股東認購比例(另請說明每仟股暫定得認購股數):依公司法第267條規定，\n計5,850,000股由原股東按認股基準日股東名簿記載之持股比率認購（每仟股\n可認購72.21598133股）\n8.公開銷售方式及股數:不適用\n9.畸零股及逾期未認購股份之處理方式:其認購不足一股之畸零股，由股東自停止\n過戶日起五日內自行至本公司股務代理機構辦理拼湊一整股認購。原股東及員工\n放棄認購或拼湊不足一股之畸零股部份，擬請董事會授權董事長洽特定人按發行　\n價格認足。\n10.本次發行新股之權利義務:其權利義務與已發行普通股相同。\n11.本次增資資金用途:購置機器設備、充實營運資金\n12.現金增資認股基準日:115/08/29\n13.最後過戶日:115/08/24\n14.停止過戶起始日期:115/08/25\n15.停止過戶截止日期:115/08/29\n16.股款繳納期間:115/09/02-115/10/02\n17.與代收及專戶存儲價款行庫訂約日期:\n代收價款合約115/08/12，存儲價款合約暫定115/08/17\n18.委託代收款項機構:華南銀行竹東分行\n19.委託存儲款項機構:彰化銀行竹東分行\n20.其他應敘明事項:\n(1)本次現金增資之相關事宜，如經主管機關核定修正或有未盡事宜，或因主客\n觀環境改變所需而修正時，授權董事長全權處理之。\n(2)本公司115年現金增資案，業於115年08月04日經金融監督管理委員會金管證\n發字第1150351397號函申報生效在案。""]], ""footer"": [""以上資料均由各公司依發言當時所屬市場別之規定申報後，由本系統對外公佈，資料如有虛偽不實，均由該公司負責。""], ""header"": {""note"": [], ""subTitle"": [], ""mainTitle"": [""公司當日重大訊息之詳細內容""]}, ""titles"": [{""sub"": [], ""main"": ""序號""}, {""sub"": [], ""main"": ""發言日期""}, {""sub"": [], ""main"": ""發言時間""}, {""sub"": [], ""main"": ""發言人""}, {""sub"": [], ""main"": ""發言人職稱""}, {""sub"": [], ""main"": ""發言人電話""}, {""sub"": [], ""main"": ""主旨""}, {""sub"": [], ""main"": ""符合條款""}, {""sub"": [], ""main"": ""事實發生日""}, {""sub"": [], ""main"": ""說明""}], ""companyAbbreviation"": ""晶瑞光""}, ""datetime"": ""115/08/12 22:59:40""}",2026-08-12 22:58:15
1150812|rotc|1260|3,115/08/12,20:09:03,1260,富味鄉,公告本公司董事會決議通過初次上市(櫃)，擬以現金增資發行新股辦理公開承銷，原股東全數放棄現金增資優先認股之權利案。,現金增資,1150812,rotc,3,"{""code"": 200, ""message"": ""查詢成功"", ""result"": {""marketName"": ""興櫃公司"", ""companyId"": ""1260"", ""data"": [[3, ""115/08/12"", ""20:09:03"", ""陳淑紋"", ""副總經理"", ""(02)2750-5667"", ""公告本公司董事會決議通過初次上市(櫃)，擬以現金增資\r\n發行新股辦理公開承銷，原股東全數放棄現金增資優先認\r\n股之權利案。"", ""9"", ""115/08/12"", ""1.董事會決議日期:115/08/12\n2.增資資金來源:現金增資\n3.發行股數(如屬盈餘或公積轉增資，則不含配發給員工部分):未定\n4.每股面額:10元\n5.發行總金額:未定\n6.發行價格:未定\n7.員工認購股數或配發金額:依公司法第267條規定，保留發行新股總\n數10~15%由本公司員工認購。\n8.公開銷售股數:未定\n9.原股東認購或無償配發比例(請註明暫定每仟股認購或配發股數):擬依\n證券交易法第28條之1規定，提請股東會同意，由原股東放棄該次發行股\n份優先認購權利，全數提撥辦理上市(櫃)前之公開承銷。\n10.畸零股及逾期未認購股份之處理方式:授權董事長洽特定人認購之。\n11.本次發行新股之權利義務:本次發行新股之權利義務與已發行普通股相同。\n12.本次增資資金用途:辦理現金增資做初次上市(櫃)前公開承銷股數。\n13.其他應敘明事項:本次募集發行有價證券之主要內容(包含發行價格、\n實際發行數量、發行條件、計畫項目、募集金額、預計進度及可能產生\n效益等相關事項)，暨其他一切有關發行計畫之事宜，如因法令規定或\n主管機關核定及基於營運評估或客觀條件需予以修正變更時，擬提請股\n東會授權董事會全權處理之。""]], ""footer"": [""以上資料均由各公司依發言當時所屬市場別之規定申報後，由本系統對外公佈，資料如有虛偽不實，均由該公司負責。""], ""header"": {""note"": [], ""subTitle"": [], ""mainTitle"": [""公司當日重大訊息之詳細內容""]}, ""titles"": [{""sub"": [], ""main"": ""序號""}, {""sub"": [], ""main"": ""發言日期""}, {""sub"": [], ""main"": ""發言時間""}, {""sub"": [], ""main"": ""發言人""}, {""sub"": [], ""main"": ""發言人職稱""}, {""sub"": [], ""main"": ""發言人電話""}, {""sub"": [], ""main"": ""主旨""}, {""sub"": [], ""main"": ""符合條款""}, {""sub"": [], ""main"": ""事實發生日""}, {""sub"": [], ""main"": ""說明""}], ""companyAbbreviation"": ""富味鄉""}, ""datetime"": ""115/08/12 22:59:41""}",2026-08-12 22:58:15
1150812|rotc|6787|4,115/08/12,21:37:14,6787,晶瑞光,公告本公司董事會決議通過放棄參與子公司晶芯智科股份有限公司民國115年第三次現金增資計劃案,現金增資,1150812,rotc,4,"{""code"": 200, ""message"": ""查詢成功"", ""result"": {""marketName"": ""興櫃公司"", ""companyId"": ""6787"", ""data"": [[4, ""115/08/12"", ""21:37:14"", ""賴俊文"", ""副總經理"", ""03-5958589"", ""公告本公司董事會決議通過放棄參與子公司晶芯智科股份\r\n有限公司民國115年第三次現金增資計劃案"", ""44"", ""115/08/12"", ""1.事實發生日:115/08/12\n2.公司名稱:晶瑞光電股份有限公司\n3.與公司關係(請輸入本公司或子公司):本公司\n4.相互持股比例:不適用\n5.發生緣由:為配合子公司晶芯智科股份有限公司(晶芯智科公司)營運發展、吸引\n及留任所需專業人才，擬在維持本公司對晶芯智科公司直接或間接持股不低於50%\n之情形下，於晶芯智科公司申請上市(櫃)前如有一次或分次辦理現金增資發行新\n股時，本公司得放棄認購全部或部分股份。\n6.因應措施:不適用\n7.其他應敘明事項(若事件發生或決議之主體係屬公開發行以上公司，\n本則重大訊息同時符合證券交易法施行細則第7條第9款所定\n對股東權益或證券價格有重大影響之事項):\n晶芯智科公司現金增資發行價格應不低於其決議現金增資之董事會前最近一期\n經會計師查核簽證或核閱之財務報表每股淨值。本公司對晶芯智科公司辦理民\n國115年第三次現金增資發行普通股，放棄認購相關事宜如下：\n(1)晶芯智科公司為營運發展所需，辦理現金增資發行普通股1,424,576股，每\n股面額新臺幣10元，計增加股本新臺幣14,245,760元，每股以新臺幣120元發\n行，募集資金總額為新臺幣170,949,120元。除依公司法第267條規定保留發行\n新股總額10%計142,457股由晶芯智科公司之員工認購外，其餘90%計1,282,119\n股由晶芯智科公司股東按持股比例盡先分認。\n(2)本公司截至目前為止持有晶芯智科公司60.16%股權，預計可認購771,279股。\n(3)本公司擬放棄認購771,279股，並對本公司符合資格之股東提出認購要約；\n其中本公司符合資格之股東係指股東依本公司辦理115年度現金增資停止過戶日\n後股東名冊之持股比率認購。本公司股東放棄認購或認購不足之股份係由晶芯\n智科公司經董事會決議授權晶芯智科公司董事長洽特定人按發行價格認購之，\n特定人對象以本公司暨關係企業之員工及對晶芯智科公司營運發展有助益之策\n略性投資人或財務性投資人為原則。\n(4)本公司放棄認購股數之特定人對象為本公司符合資格之股東，加以現增發行　\n價格高於晶芯智科公司最近期經會計師查核簽證每股淨值與本公司持有晶芯智\n科每股成本，故對本公司股東權益並無影響。\n(5)茲將認購晶芯智科公司現增相關基準日作業時程擬定如下：\n1.股票停止過戶期間：民國112年08月25日～08月29日\n2.股票最後過戶日：民國115年08月24日\n3.股東繳款期間：民國115年09月02日～09月11日\n4.現金增資基準日：預計民國115年08月29日\n(6)本次放棄認購晶芯智科公司增資新股後，晶芯智科公司實收資本額將由新臺\n幣285,754,240元增加為新臺幣300,000,000元，總持股維持17,190,000股不變，\n本公司對其持股比率將由60.16%下降為57.3%，評估本次放棄認購股份後並不影\n響本公司對晶芯智科公司之控制力。""]], ""footer"": [""以上資料均由各公司依發言當時所屬市場別之規定申報後，由本系統對外公佈，資料如有虛偽不實，均由該公司負責。""], ""header"": {""note"": [], ""subTitle"": [], ""mainTitle"": [""公司當日重大訊息之詳細內容""]}, ""titles"": [{""sub"": [], ""main"": ""序號""}, {""sub"": [], ""main"": ""發言日期""}, {""sub"": [], ""main"": ""發言時間""}, {""sub"": [], ""main"": ""發言人""}, {""sub"": [], ""main"": ""發言人職稱""}, {""sub"": [], ""main"": ""發言人電話""}, {""sub"": [], ""main"": ""主旨""}, {""sub"": [], ""main"": ""符合條款""}, {""sub"": [], ""main"": ""事實發生日""}, {""sub"": [], ""main"": ""說明""}], ""companyAbbreviation"": ""晶瑞光""}, ""datetime"": ""115/08/12 22:59:42""}",2026-08-12 22:58:15
