key,speech_date,speech_time,company_id,company_name,subject,matched_keywords,enterDate,marketKind,serialNumber,detail_json,fetched_at_tw
1150803|sii|6285|2,115/08/05,17:44:22,6285,啟碁,本公司董事會決議發行國內第四次及第五次無擔保轉換公司債,公司債,1150803,sii,2,"{""code"": 200, ""message"": ""查詢成功"", ""result"": {""marketName"": ""上市公司"", ""companyId"": ""6285"", ""data"": [[2, ""115/08/05"", ""17:44:22"", ""宋芬瓊"", ""財務長"", ""03-6667799"", ""本公司董事會決議發行國內第四次及第五次無擔保轉換公司債"", ""11"", ""115/08/05"", ""1.董事會決議日期:115/08/05\n2.名稱﹝XX公司第X次（有、無）擔保公司債﹞:\n(1)啟碁科技股份有限公司國內第四次無擔保轉換公司債\n(2)啟碁科技股份有限公司國內第五次無擔保轉換公司債\n3.是否採總括申報發行公司債(是/否):否\n4.發行總額:\n(1)國內第四次無擔保轉換公司債：發行總面額新台幣陸拾億元整\n(2)國內第五次無擔保轉換公司債：發行總面額新台幣貳拾億元整\n5.每張面額:\n(1)國內第四次無擔保轉換公司債：新台幣壹拾萬元整\n(2)國內第五次無擔保轉換公司債：新台幣壹拾萬元整\n6.發行價格:\n(1)國內第四次無擔保轉換公司債：暫定依票面金額之100.5%~101%發行　\n(2)國內第五次無擔保轉換公司債：暫定底標以不低於面額之105%發行，\n實際總發行金額依競價拍賣結果而定。\n7.發行期間:\n(1)國內第四次無擔保轉換公司債：3年\n(2)國內第五次無擔保轉換公司債：3年\n8.發行利率:\n(1)國內第四次無擔保轉換公司債：票面利率0%\n(2)國內第五次無擔保轉換公司債：票面利率0%\n9.擔保品之種類、名稱、金額及約定事項:不適用\n10.募得價款之用途及運用計畫:充實營運資金及償還銀行借款\n11.承銷方式:\n(1)國內第四次無擔保轉換公司債：採詢價圈購方式辦理公開承銷\n(2)國內第五次無擔保轉換公司債：採競價拍賣方式辦理公開承銷\n12.公司債受託人:授權董事長決定之\n13.承銷或代銷機構:凱基證券股份有限公司\n14.發行保證人:不適用\n15.代理還本付息機構:本公司股務室\n16.簽證機構:不適用\n17.能轉換股份者，其轉換辦法:\n相關辦法授權董事長視金融市場狀況決定、依相關法令規定辦理，\n並報相關主管機關申報生效後另行公告。\n18.賣回條件:\n相關辦法授權董事長視金融市場狀況決定、依相關法令規定辦理，\n並報相關主管機關申報生效後另行公告。\n19.買回條件:\n相關辦法授權董事長視金融市場狀況決定、依相關法令規定辦理，\n並報相關主管機關申報生效後另行公告。\n20.附有轉換、交換或認股者，其換股基準日:\n相關辦法授權董事長視金融市場狀況決定、依相關法令規定辦理，\n並報相關主管機關申報生效後另行公告。\n21.附有轉換、交換或認股者，對股權可能稀釋情形:\n相關辦法授權董事長視金融市場狀況決定、依相關法令規定辦理，\n並報相關主管機關申報生效後另行公告。\n22.現金減資後再行募資之合理性及必要性\n(募資當年度及前一年度有辦理現金減資者適用):不適用\n23.其他應敘明事項:\n本次發行國內第四次及第五次無擔保轉換公司之發行條件、\n發行時程及發行及轉換辦法之訂定，以及資金運用計畫項目、\n資金來源、預計資金運用進度、預計可能產生效益及其他相關事宜，\n如經主管機關修正，相關法令規則變更，或因應金融市場狀況\n或客觀環境需修正或或調整時，擬由董事會授權董事長全權處理之。""]], ""footer"": [""以上資料均由各公司依發言當時所屬市場別之規定申報後，由本系統對外公佈，資料如有虛偽不實，均由該公司負責。""], ""header"": {""note"": [], ""subTitle"": [], ""mainTitle"": [""公司當日重大訊息之詳細內容""]}, ""titles"": [{""main"": ""序號"", ""sub"": []}, {""main"": ""發言日期"", ""sub"": []}, {""main"": ""發言時間"", ""sub"": []}, {""main"": ""發言人"", ""sub"": []}, {""main"": ""發言人職稱"", ""sub"": []}, {""main"": ""發言人電話"", ""sub"": []}, {""main"": ""主旨"", ""sub"": []}, {""main"": ""符合條款"", ""sub"": []}, {""main"": ""事實發生日"", ""sub"": []}, {""main"": ""說明"", ""sub"": []}], ""companyAbbreviation"": ""啟碁""}, ""datetime"": ""115/08/06 19:39:35""}",2026-08-06 19:39:34
1150805|sii|4958|1,115/08/05,17:54:45,4958,臻鼎-KY,代子公司慶鼎精密電子(淮安)有限公司公告取得機器設備,機器設備,1150805,sii,1,"{""code"": 200, ""message"": ""查詢成功"", ""result"": {""marketName"": ""上市公司"", ""companyId"": ""4958"", ""data"": [[1, ""115/08/05"", ""17:54:45"", ""凌惇"", ""資深經理"", ""03-3835678"", ""代子公司慶鼎精密電子(淮安)有限公司公告取得機器設備"", ""20"", ""115/08/05"", ""1.標的物之名稱及性質（如坐落台中市北區ＸＸ段ＸＸ小段土地）:\r\n機器設備\r\n2.事實發生日:115/6/10~115/8/5\r\n3.董事會通過日期: 不適用\r\n4.其他核決日期:\r\n核決層級:總經理核決\r\n民國115年08月05日\r\n5.交易單位數量（如ＸＸ平方公尺，折合ＸＸ坪）、每單位價格及交易總金額:\r\n交易數量:一批\n交易總金額:新台幣1,350,022,877元\r\n6.交易相對人及其與公司之關係（交易相對人如屬自然人，且非公司之關\r\n係人者，得免揭露其姓名）:\r\n交易相對人:NANJING TA LIANG TECHNOLOGY CO.,LTD.\n與公司之關係:無\r\n7.交易相對人為關係人者，並應公告選定關係人為交易對象之原因及前次移轉之\r\n所有人、前次移轉之所有人與公司及交易相對人間相互之關係、前次移轉日期\r\n及移轉金額:\r\n不適用\r\n8.交易標的最近五年內所有權人曾為公司之關係人者，尚應公告關係\r\n人之取得及處分日期、價格及交易當時與公司之關係:\r\n不適用\r\n9.預計處分利益（或損失）（取得資產者不適用）（遞延者應列表說明\r\n認列情形）:\r\n不適用\r\n10.交付或付款條件（含付款期間及金額）、契約限制條款及其他重要約定\r\n事項:\r\n依採購合約規定\r\n11.本次交易之決定方式（如招標、比價或議價）、價格決定之參考依據及\r\n決策單位:\r\n交易決定方式:比價及議價\n價格決定之參考依據:依市場行情\n決策單位:依公司核決權限決定\r\n12.專業估價者事務所或公司名稱及其估價金額:\r\n不適用\r\n13.專業估價師姓名:\r\n不適用\r\n14.專業估價師開業證書字號:\r\n不適用\r\n15.估價報告是否為限定價格、特定價格或特殊價格:否或不適用\r\n16.是否尚未取得估價報告:否或不適用\r\n17.尚未取得估價報告之原因:\r\n不適用\r\n18.估價結果有重大差異時，其差異原因及會計師意見:\r\n不適用\r\n19.會計師事務所名稱:\r\n不適用\r\n20.會計師姓名:\r\n不適用\r\n21.會計師開業證書字號:\r\n不適用\r\n22.經紀人及經紀費用:\r\n無\r\n23.取得或處分之具體目的或用途:\r\n供營業使用\r\n24.本次交易表示異議之董事之意見:\r\n不適用\r\n25.本次交易為關係人交易:否\r\n26.監察人承認或審計委員會同意日期:\r\n不適用\r\n27.本次交易係向關係人取得不動產或其使用權資產:否\r\n28.依「公開發行公司取得或處分資產處理準則」第十六條規定\r\n評估之價格:不適用\r\n29.依前項評估之價格較交易價格為低者，依同準則第十七條規\r\n定評估之價格:不適用\r\n30.前已就同一件事件發布重大訊息日期: 不適用\r\n31.其他敘明事項:\r\n無""]], ""footer"": [""以上資料均由各公司依發言當時所屬市場別之規定申報後，由本系統對外公佈，資料如有虛偽不實，均由該公司負責。""], ""header"": {""note"": [], ""subTitle"": [], ""mainTitle"": [""公司當日重大訊息之詳細內容""]}, ""titles"": [{""main"": ""序號"", ""sub"": []}, {""main"": ""發言日期"", ""sub"": []}, {""main"": ""發言時間"", ""sub"": []}, {""main"": ""發言人"", ""sub"": []}, {""main"": ""發言人職稱"", ""sub"": []}, {""main"": ""發言人電話"", ""sub"": []}, {""main"": ""主旨"", ""sub"": []}, {""main"": ""符合條款"", ""sub"": []}, {""main"": ""事實發生日"", ""sub"": []}, {""main"": ""說明"", ""sub"": []}], ""companyAbbreviation"": ""臻鼎-KY""}, ""datetime"": ""115/08/06 19:39:36""}",2026-08-06 19:39:34
1150805|sii|2414|4,115/08/05,18:03:34,2414,精技,公告本公司董事會決議辦理現金增資發行新股,現金增資,1150805,sii,4,"{""code"": 200, ""message"": ""查詢成功"", ""result"": {""marketName"": ""上市公司"", ""companyId"": ""2414"", ""data"": [[4, ""115/08/05"", ""18:03:34"", ""洪莉萍"", ""副總經理"", ""(02)27958612"", ""公告本公司董事會決議辦理現金增資發行新股"", ""11"", ""115/08/05"", ""1.董事會決議日期:115/08/05\n2.增資資金來源:現金增資發行普通股\n3.是否採總括申報發行新股(是，請併敘明預定發行期間/否):否\n4.全案發行總金額及股數(如屬盈餘或公積轉增資，發行股數則不含配發給員工部分):\n20,000,000股，發行總金額視發行價格而定。\n5.採總括申報發行新股案件，本次發行金額及股數:不適用\n6.採總括申報發行新股案件，本次發行後，剩餘之金額及股數餘額:不適用\n7.每股面額:新台幣10元\n8.發行價格:\n實際發行價格俟本現金增資案向金管會申報生效後，擬請董事會授權董事長依\n承銷商自律規則第六條規定及其他相關法令規定，與承銷商參酌當時市場狀況\n共同議定之。\n9.員工認購股數或配發金額:\n依公司法第267條規定，保留增資發行股數之10%~15%，計2,000,000股~3,000,000股\n由本公司員工認購。\n10.公開銷售股數:\n依證券交易法第28條之1規定，提撥增資發行股數之10%，計2,000,000股\n對外公開承銷。\n11.原股東認購或無償配發比例:\n增資發行股數之75%~80%，計15,000,000股~16,000,000股，由原股東按認股基準日\n股東名簿記載之股東及其持有股份比例分別認購之。\n12.畸零股及逾期未認購股份之處理方式:\n認購不足一股之畸零股，由股東自停止過戶起五日內自行拼湊成整股認購。\n原股東及員工放棄認購或拼湊後仍不足一股之畸零股部份，授權董事長\n洽特定人認購之。\n13.本次發行新股之權利義務:與原已發行普通股股份相同。\n14.本次增資資金用途:償還銀行借款，改善財務結構。\n15.現金減資後再行募資之合理性及必要性\n(募資當年度及前一年度有辦理現金減資者適用):不適用\n16.其他應敘明事項:\n(1)本次增資案奉主管機關申報生效後，授權董事長另訂發行價格、發行條件、\n募集金額及增資認股基準日等相關事項。\n(2)本次現金增資計畫所訂之重要內容，包括但不限於議定發行股數、發行價格、\n發行條件、募集金額、資金來源、計畫項目、預定資金運用進度及預計可能產生之\n效益等相關事項，未來如因主管機關核定及基於營運評估或因客觀環境需要變更時，\n授權董事長全權處理之。""]], ""footer"": [""以上資料均由各公司依發言當時所屬市場別之規定申報後，由本系統對外公佈，資料如有虛偽不實，均由該公司負責。""], ""header"": {""note"": [], ""subTitle"": [], ""mainTitle"": [""公司當日重大訊息之詳細內容""]}, ""titles"": [{""main"": ""序號"", ""sub"": []}, {""main"": ""發言日期"", ""sub"": []}, {""main"": ""發言時間"", ""sub"": []}, {""main"": ""發言人"", ""sub"": []}, {""main"": ""發言人職稱"", ""sub"": []}, {""main"": ""發言人電話"", ""sub"": []}, {""main"": ""主旨"", ""sub"": []}, {""main"": ""符合條款"", ""sub"": []}, {""main"": ""事實發生日"", ""sub"": []}, {""main"": ""說明"", ""sub"": []}], ""companyAbbreviation"": ""精技""}, ""datetime"": ""115/08/06 19:39:37""}",2026-08-06 19:39:34
1150805|sii|4764|3,115/08/05,18:30:52,4764,雙鍵,公告本公司調整115年現金增資認股基準日相關事宜,現金增資,1150805,sii,3,"{""code"": 200, ""message"": ""查詢成功"", ""result"": {""marketName"": ""上市公司"", ""companyId"": ""4764"", ""data"": [[3, ""115/08/05"", ""18:30:52"", ""陳仲平"", ""總經理"", ""(02)8228-1168"", ""公告本公司調整115年現金增資認股基準日相關事宜"", ""11"", ""115/08/05"", ""1.董事會決議或公司決定增資基準日期:115/08/05\n2.是否採總括申報發行新股(是，請併敘明預定發行期間/否):否\n3.主管機關申報生效日期:115/07/08\n4.董事會決議(追補)發行日期:115/06/05\n5.發行總金額及股數:新台幣60,000,000元，普通股6,000,000股。\n6.採總括申報發行新股案件，本次發行金額及股數:不適用\n7.採總括申報發行新股案件，本次發行後，剩餘之金額及股數餘額:不適用\n8.每股面額:新台幣10元。\n9.發行價格:實際發行價格待訂定後另行公告。\n10.員工認股股數:發行新股總數之15%，計900,000股。\n11.原股東認購比率:發行新股總數之75%，計4,500,000股，由原股東按認股基準日\n股東名冊所記載之股東之持股比例認購。\n12.公開銷售方式及股數:發行新股總數之10%，計600,000股，對外公開承銷。\n13.畸零股及逾期未認購股份之處理方式:原股東認購不足一股之畸零股，由股東自停止過\n戶起五日內自行向本公司股務代理機構辦理拼湊成整股認購，原股東及員工放棄認購或\n拼湊後仍不足一股之畸零股部份，授權董事長洽特定人認購之。\n14.本次發行新股之權利義務:與原已發行普通股股份相同。\n15.本次增資資金用途:償還銀行借款及充實營運資金。\n16.現金增資認股基準日:115/08/28\n17.最後過戶日:115/08/23\n18.停止過戶起始日期:115/08/24\n19.停止過戶截止日期:115/08/28\n20.股款繳納期間:\n(1)原股東及員工股款繳納期間:115/09/02~115/09/08。\n(2)特定人繳納期間:115/09/09~115/09/11。\n21.與代收及專戶存儲價款行庫訂約日期:115/07/09\n22.委託代收存款機構:元大商業銀行股份有限公司營業部及全國各分行。\n23.委託存儲款項機構:元大商業銀行股份有限公司中山北路分行。\n24.其他應敘明事項:\n(1)本公司115年度現金增資發行新股，經金融監督管理委員會115年07月08日金\n管證發字第1150348105號函申報生效在案。\n(2)本次現金增資之發行價格、發行條件、發行時程，以及本計畫所需資金總額、\n資金來源、計畫項目、資金運用進度、預計可能產生效益及其他相關事宜，如遇\n法令變更、經主管機關修正、或因應主客觀環境因素而須修正或調整時，授權董\n事長全權處理之。\n(3)本公司辦理115年度現金增資發行新股案調整認股基準日等相關作業，承諾就員工、\n原股東可能主張其權利受損部分願負損害賠償之責。""]], ""footer"": [""以上資料均由各公司依發言當時所屬市場別之規定申報後，由本系統對外公佈，資料如有虛偽不實，均由該公司負責。""], ""header"": {""note"": [], ""subTitle"": [], ""mainTitle"": [""公司當日重大訊息之詳細內容""]}, ""titles"": [{""main"": ""序號"", ""sub"": []}, {""main"": ""發言日期"", ""sub"": []}, {""main"": ""發言時間"", ""sub"": []}, {""main"": ""發言人"", ""sub"": []}, {""main"": ""發言人職稱"", ""sub"": []}, {""main"": ""發言人電話"", ""sub"": []}, {""main"": ""主旨"", ""sub"": []}, {""main"": ""符合條款"", ""sub"": []}, {""main"": ""事實發生日"", ""sub"": []}, {""main"": ""說明"", ""sub"": []}], ""companyAbbreviation"": ""雙鍵""}, ""datetime"": ""115/08/06 19:39:37""}",2026-08-06 19:39:34
1150805|sii|4764|1,115/08/05,19:09:10,4764,雙鍵,公告本公司國內第二次有擔保轉換公司債收足債款,公司債,1150805,sii,1,"{""code"": 200, ""message"": ""查詢成功"", ""result"": {""marketName"": ""上市公司"", ""companyId"": ""4764"", ""data"": [[1, ""115/08/05"", ""19:09:10"", ""陳仲平"", ""總經理"", ""(02)8228-1168"", ""公告本公司國內第二次有擔保轉換公司債收足債款"", ""51"", ""115/08/05"", ""1.事實發生日:115/08/05\n2.公司名稱:雙鍵化工股份有限公司\n3.與公司關係(請輸入本公司或子公司):本公司\n4.相互持股比例:不適用\n5.發生緣由:依據「發行人募集與發行有價證券處理準則」第9條第1項第2款規定辦理\n公告，本公司發行國內第二次有擔保轉換公司債案至公告日止，債款代收銀行業已收足\n所有應募款項共計新台幣612,705,950元並匯撥至存儲專戶銀行，特此公告。\n6.因應措施:無\n7.其他應敘明事項(若事件發生或決議之主體係屬公開發行以上公司，本則重大訊息同時\n  符合證券交易法施行細則第7條第9款所定對股東權益或證券價格有重大影響之事項):無""]], ""footer"": [""以上資料均由各公司依發言當時所屬市場別之規定申報後，由本系統對外公佈，資料如有虛偽不實，均由該公司負責。""], ""header"": {""note"": [], ""subTitle"": [], ""mainTitle"": [""公司當日重大訊息之詳細內容""]}, ""titles"": [{""main"": ""序號"", ""sub"": []}, {""main"": ""發言日期"", ""sub"": []}, {""main"": ""發言時間"", ""sub"": []}, {""main"": ""發言人"", ""sub"": []}, {""main"": ""發言人職稱"", ""sub"": []}, {""main"": ""發言人電話"", ""sub"": []}, {""main"": ""主旨"", ""sub"": []}, {""main"": ""符合條款"", ""sub"": []}, {""main"": ""事實發生日"", ""sub"": []}, {""main"": ""說明"", ""sub"": []}], ""companyAbbreviation"": ""雙鍵""}, ""datetime"": ""115/08/06 19:39:38""}",2026-08-06 19:39:34
1150805|sii|7750|2,115/08/05,20:09:39,7750,新代,代重要子公司蘇州聯達自動化設備有限公司公告現金增資事宜,現金增資,1150805,sii,2,"{""code"": 200, ""message"": ""查詢成功"", ""result"": {""marketName"": ""上市公司"", ""companyId"": ""7750"", ""data"": [[2, ""115/08/05"", ""20:09:39"", ""林東旭"", ""財務長"", ""03-6663553"", ""代重要子公司蘇州聯達自動化設備有限公司公告\r\n現金增資事宜"", ""11"", ""115/08/05"", ""1.董事會決議日期:115/08/05\n2.增資資金來源:現金增資\n3.是否採總括申報發行新股(是，請併敘明預定發行期間/否):否\n4.全案發行總金額及股數(如屬盈餘或公積轉增資，發行股數則不含配發給員工部分):\n人民幣一億元整\n5.採總括申報發行新股案件，本次發行金額及股數:不適用\n6.採總括申報發行新股案件，本次發行後，剩餘之金額及股數餘額:不適用\n7.每股面額:不適用\n8.發行價格:不適用\n9.員工認購股數或配發金額:不適用\n10.公開銷售股數:不適用\n11.原股東認購或無償配發比例:不適用\n12.畸零股及逾期未認購股份之處理方式:不適用\n13.本次發行新股之權利義務:不適用\n14.本次增資資金用途:強化新代集團於中國市場之機器人與雲端產品佈局\n15.現金減資後再行募資之合理性及必要性\n(募資當年度及前一年度有辦理現金減資者適用):不適用\n16.其他應敘明事項:無""]], ""footer"": [""以上資料均由各公司依發言當時所屬市場別之規定申報後，由本系統對外公佈，資料如有虛偽不實，均由該公司負責。""], ""header"": {""note"": [], ""subTitle"": [], ""mainTitle"": [""公司當日重大訊息之詳細內容""]}, ""titles"": [{""main"": ""序號"", ""sub"": []}, {""main"": ""發言日期"", ""sub"": []}, {""main"": ""發言時間"", ""sub"": []}, {""main"": ""發言人"", ""sub"": []}, {""main"": ""發言人職稱"", ""sub"": []}, {""main"": ""發言人電話"", ""sub"": []}, {""main"": ""主旨"", ""sub"": []}, {""main"": ""符合條款"", ""sub"": []}, {""main"": ""事實發生日"", ""sub"": []}, {""main"": ""說明"", ""sub"": []}], ""companyAbbreviation"": ""新代""}, ""datetime"": ""115/08/06 19:39:38""}",2026-08-06 19:39:34
1150805|sii|2352|2,115/08/05,20:28:46,2352,佳世達,佳世達115年7月份自結合併營收,自結合併,1150805,sii,2,"{""code"": 200, ""message"": ""查詢成功"", ""result"": {""marketName"": ""上市公司"", ""companyId"": ""2352"", ""data"": [[2, ""115/08/05"", ""20:28:46"", ""洪秋金"", ""財務長"", ""03-3598800#3202"", ""佳世達115年7月份自結合併營收"", ""51"", ""115/08/05"", ""1.事實發生日:115/08/05\n2.公司名稱:佳世達科技股份有限公司\n3.與公司關係(請輸入本公司或子公司):本公司\n4.相互持股比例:不適用\n5.發生緣由:公告本公司115年7月份自結合併營收\n6.因應措施:不適用\n7.其他應敘明事項(若事件發生或決議之主體係屬公開發行以上公司，本則重大訊息同時\n  符合證券交易法施行細則第7條第9款所定對股東權益或證券價格有重大影響之事項):\n  佳世達115年7月合併營收為新台幣181.94億元，\n  較去年同期成長4.13%，較上月減少2.56%。\n  累計115年1至7月合併營收為新台幣1,224.66億元，較去年同期成長1.48%。""]], ""footer"": [""以上資料均由各公司依發言當時所屬市場別之規定申報後，由本系統對外公佈，資料如有虛偽不實，均由該公司負責。""], ""header"": {""note"": [], ""subTitle"": [], ""mainTitle"": [""公司當日重大訊息之詳細內容""]}, ""titles"": [{""main"": ""序號"", ""sub"": []}, {""main"": ""發言日期"", ""sub"": []}, {""main"": ""發言時間"", ""sub"": []}, {""main"": ""發言人"", ""sub"": []}, {""main"": ""發言人職稱"", ""sub"": []}, {""main"": ""發言人電話"", ""sub"": []}, {""main"": ""主旨"", ""sub"": []}, {""main"": ""符合條款"", ""sub"": []}, {""main"": ""事實發生日"", ""sub"": []}, {""main"": ""說明"", ""sub"": []}], ""companyAbbreviation"": ""佳世達""}, ""datetime"": ""115/08/06 19:39:39""}",2026-08-06 19:39:34
1150805|sii|6531|2,115/08/05,21:04:43,6531,愛普*,代子公司APwareTechnologyCorp.公告參與HamminXLtd.現金增資案,現金增資,1150805,sii,2,"{""code"": 200, ""message"": ""查詢成功"", ""result"": {""marketName"": ""上市公司"", ""companyId"": ""6531"", ""data"": [[2, ""115/08/05"", ""21:04:43"", ""林郁昕"", ""財務長"", ""03-560-1651"", ""代子公司APware Technology Corp.公告參與HamminX Ltd.現金增資案"", ""20"", ""115/08/05"", ""1.標的物之名稱及性質（屬特別股者，並應標明特別股約定發行條件，如股息率等）:\r\nHamminX Ltd. B輪特別股\r\n2.事實發生日:114/8/29~115/8/5\r\n3.董事會通過日期: 民國115年8月5日\r\n4.其他核決日期: 不適用\r\n5.交易數量、每單位價格及交易總金額:\r\n(1)交易單位數量：625,000股為上限\n(2)每單位價格：每股3.2美元\n(3)交易總金額：美金200萬元為上限（約新台幣63,700仟元，匯率31.85）\r\n6.交易相對人及其與公司之關係（交易相對人如屬自然人，且非公司之\r\n關係人者，得免揭露其姓名）:\r\n(1)交易相對人：HamminX Ltd.\n(2)無\r\n7.交易相對人為關係人者，並應公告選定關係人為交易對象之原因及前次移\r\n轉之所有人、前次移轉之所有人與公司及交易相對人間相互之關係、前次\r\n移轉日期及移轉金額:\r\n不適用\r\n8.交易標的最近五年內所有權人曾為公司之關係人者，尚應公告關係人之取\r\n得及處分日期、價格及交易當時與公司之關係:\r\n不適用\r\n9.本次係處分債權之相關事項（含處分之債權附隨擔保品種類、處分債權\r\n如有屬對關係人債權者尚需公告關係人名稱及本次處分該關係人之債權\r\n帳面金額:\r\n不適用\r\n10.處分利益（或損失）（取得有價證券者不適用）（原遞延者應列表說明\r\n認列情形）:\r\n不適用\r\n11.交付或付款條件（含付款期間及金額）、契約限制條款及其他重要約定\r\n事項:\r\n簽訂投資合約後付款，付款金額以投資合約認購股數為準。\r\n12.本次交易之決定方式、價格決定之參考依據及決策單位:\r\n本公司董事會決議\r\n13.取得或處分有價證券標的公司每股淨值:\r\n15.43元\r\n14.迄目前為止，累積持有本交易證券（含本次交易）之數量、金額、持股\r\n比例及權利受限情形（如質押情形）:\r\n(1)累積持有數量：A輪及B輪股數合計3,125,000股（含本次交易之上限）\n(2)累積持有金額：美金700萬元\n(3)累積持股比例：16.08%\n(4)權利受限情形：無\r\n15.迄目前為止，依「公開發行公司取得或處分資產處理準則」第三條所列\r\n之有價證券投資（含本次交易）占公司最近期財務報表中總資產及歸屬\r\n於母公司業主之權益之比例暨最近期財務報表中營運資金數額（註二）:\r\n(1)占最近期個體總資產比例：0.42%\n(2)占最近期歸屬於母公司業主之權益之比例：0.51%\n(3)母公司個體營運資金數額：新台幣8,557,787仟元\r\n16.經紀人及經紀費用:\r\n無\r\n17.取得或處分之具體目的或用途:\r\n長期投資\r\n18.本次交易表示異議董事之意見:\r\n無\r\n19.本次交易為關係人交易:否\r\n20.監察人承認或審計委員會同意日期:\r\n不適用(非關係人交易)\r\n21.本次交易會計師出具非合理性意見:否\r\n22.會計師事務所名稱:\r\n聯捷聯合會計師事務所\r\n23.會計師姓名:\r\n詹定勳\r\n24.會計師開業證書字號:\r\n金管證字第4818號\r\n25.是否涉及營運模式變更:否\r\n26.營運模式變更說明:\r\n不適用\r\n27.過去一年及預計未來一年內與交易相對人交易情形:\r\n不適用\r\n28.資金來源:\r\n不適用\r\n29.前已就同一件事件發布重大訊息日期: 不適用\r\n30.其他敘明事項:\r\n無""]], ""footer"": [""以上資料均由各公司依發言當時所屬市場別之規定申報後，由本系統對外公佈，資料如有虛偽不實，均由該公司負責。""], ""header"": {""note"": [], ""subTitle"": [], ""mainTitle"": [""公司當日重大訊息之詳細內容""]}, ""titles"": [{""main"": ""序號"", ""sub"": []}, {""main"": ""發言日期"", ""sub"": []}, {""main"": ""發言時間"", ""sub"": []}, {""main"": ""發言人"", ""sub"": []}, {""main"": ""發言人職稱"", ""sub"": []}, {""main"": ""發言人電話"", ""sub"": []}, {""main"": ""主旨"", ""sub"": []}, {""main"": ""符合條款"", ""sub"": []}, {""main"": ""事實發生日"", ""sub"": []}, {""main"": ""說明"", ""sub"": []}], ""companyAbbreviation"": ""愛普*""}, ""datetime"": ""115/08/06 19:39:40""}",2026-08-06 19:39:34
1150805|sii|3138|1,115/08/05,23:53:42,3138,耀登,公告本公司國內第二次無擔保轉換公司債轉換普通股之發行新股增資基準日,公司債,1150805,sii,1,"{""code"": 200, ""message"": ""查詢成功"", ""result"": {""marketName"": ""上市公司"", ""companyId"": ""3138"", ""data"": [[1, ""115/08/05"", ""23:53:42"", ""溫文聖"", ""副總經理"", ""03-3631901"", ""公告本公司國內第二次無擔保轉換公司債轉換普通股之\r\n發行新股增資基準日"", ""11"", ""115/08/05"", ""1.董事會決議日期:115/08/05\n2.增資資金來源:國內第二次無擔保轉換公司債\n3.是否採總括申報發行新股(是，請併敘明預定發行期間/否):否\n4.全案發行總金額及股數(如屬盈餘或公積轉增資，發行股數則不含配發給員工部分):\n發行總金額：46,598,880元，發行股數：4,659,888股\n5.採總括申報發行新股案件，本次發行金額及股數:不適用\n6.採總括申報發行新股案件，本次發行後，剩餘之金額及股數餘額:不適用\n7.每股面額:新台幣10元\n8.發行價格:不適用\n9.員工認購股數或配發金額:不適用\n10.公開銷售股數:不適用\n11.原股東認購或無償配發比例:不適用\n12.畸零股及逾期未認購股份之處理方式:不適用\n13.本次發行新股之權利義務:與原發行普通股股份相同\n14.本次增資資金用途:不適用\n15.現金減資後再行募資之合理性及必要性\n(募資當年度及前一年度有辦理現金減資者適用):不適用\n16.其他應敘明事項:\n(1)本次公司債轉換發行新股，增資基準日為民國115年08月05日，\n並依法令規定辦理變更登記事宜。\n(2)增資前實收資本額：新台幣517,324,260元。\n增資後實收資本額：新台幣563,923,140元。""]], ""footer"": [""以上資料均由各公司依發言當時所屬市場別之規定申報後，由本系統對外公佈，資料如有虛偽不實，均由該公司負責。""], ""header"": {""note"": [], ""subTitle"": [], ""mainTitle"": [""公司當日重大訊息之詳細內容""]}, ""titles"": [{""main"": ""序號"", ""sub"": []}, {""main"": ""發言日期"", ""sub"": []}, {""main"": ""發言時間"", ""sub"": []}, {""main"": ""發言人"", ""sub"": []}, {""main"": ""發言人職稱"", ""sub"": []}, {""main"": ""發言人電話"", ""sub"": []}, {""main"": ""主旨"", ""sub"": []}, {""main"": ""符合條款"", ""sub"": []}, {""main"": ""事實發生日"", ""sub"": []}, {""main"": ""說明"", ""sub"": []}], ""companyAbbreviation"": ""耀登""}, ""datetime"": ""115/08/06 19:39:41""}",2026-08-06 19:39:34
1150806|sii|3591|2,115/08/06,13:39:36,3591,艾笛森,子公司艾特光電(股)公司決議辦理現金增資發行新股,現金增資,1150806,sii,2,"{""code"": 200, ""message"": ""查詢成功"", ""result"": {""marketName"": ""上市公司"", ""companyId"": ""3591"", ""data"": [[2, ""115/08/06"", ""13:39:36"", ""許正典"", ""副總經理"", ""02-82276996"", ""子公司艾特光電(股)公司決議辦理現金增資發行新股"", ""11"", ""115/08/06"", ""1.董事會決議日期:115/08/06\n2.增資資金來源:現金增資發行新股\n3.是否採總括申報發行新股(是，請併敘明預定發行期間/否):否\n4.全案發行總金額及股數(如屬盈餘或公積轉增資，發行股數則不含配發給員工部分):\n新台幣48,700,000元/4,870,000股\n5.採總括申報發行新股案件，本次發行金額及股數:不適用\n6.採總括申報發行新股案件，本次發行後，剩餘之金額及股數餘額:不適用\n7.每股面額:新台幣10元\n8.發行價格:新台幣25元\n9.員工認購股數或配發金額:730,500股\n10.公開銷售股數:不適用\n11.原股東認購或無償配發比例:發行之新股除保留15%由員工認購外，餘由原股東按\n認股基準日股東名簿所載持股比例認購。\n12.畸零股及逾期未認購股份之處理方式:\n原有股東持有股份按比例不足分認一新股者，得合併共同認購或歸併一人認購，\n逾期認購不足或未認購部分，由該公司董事長洽特定人認購。\n13.本次發行新股之權利義務:與原發行股份相同。\n14.本次增資資金用途:擴充生產線及充實營運資金。\n15.現金減資後再行募資之合理性及必要性\n(募資當年度及前一年度有辦理現金減資者適用):不適用。\n16.其他應敘明事項:\n(1)為提升艾特光電員工向心力並強化留才機制，本次現金增資除依公司法規定保留15%\n   由艾特光電員工認購外，本公司擬就依原股東持股比例得認購之股份3,271,860股中\n   ，僅參與本次增資認購3,000,000股，其餘271,860股放棄優先認購以供由該公司董事\n   長洽艾特光電員工認購。\n(2)本次增資基準日及其他相關事宜，擬授權該公司董事長全權處理。""]], ""footer"": [""以上資料均由各公司依發言當時所屬市場別之規定申報後，由本系統對外公佈，資料如有虛偽不實，均由該公司負責。""], ""header"": {""note"": [], ""subTitle"": [], ""mainTitle"": [""公司當日重大訊息之詳細內容""]}, ""titles"": [{""main"": ""序號"", ""sub"": []}, {""main"": ""發言日期"", ""sub"": []}, {""main"": ""發言時間"", ""sub"": []}, {""main"": ""發言人"", ""sub"": []}, {""main"": ""發言人職稱"", ""sub"": []}, {""main"": ""發言人電話"", ""sub"": []}, {""main"": ""主旨"", ""sub"": []}, {""main"": ""符合條款"", ""sub"": []}, {""main"": ""事實發生日"", ""sub"": []}, {""main"": ""說明"", ""sub"": []}], ""companyAbbreviation"": ""艾笛森""}, ""datetime"": ""115/08/06 19:39:41""}",2026-08-06 19:39:34
1150806|sii|1436|2,115/08/06,14:05:28,1436,華友聯,公告本公司董事會決議計畫發行有擔保普通公司債,公司債,1150806,sii,2,"{""code"": 200, ""message"": ""查詢成功"", ""result"": {""marketName"": ""上市公司"", ""companyId"": ""1436"", ""data"": [[2, ""115/08/06"", ""14:05:28"", ""吳家德"", ""執行副總經理"", ""(07)780-1381"", ""公告本公司董事會決議計畫發行有擔保普通公司債"", ""11"", ""115/08/06"", ""1.董事會決議日期:115/08/06\n2.名稱﹝XX公司第X次（有、無）擔保公司債﹞:華友聯開發股份有限公司無擔保普通\n  公司債\n3.是否採總括申報發行公司債(是/否):否\n4.發行總額:發行總額不超過新台幣10億元整，得視市場狀況於董事會通過起一年內，\n 採一次或分次發行。\n5.每張面額:新台幣100萬元整。\n6.發行價格:依票面金額十足發行。\n7.發行期間:不超過五年，授權董事長決定。\n8.發行利率:視市場狀況授權董事長決定。\n9.擔保品之種類、名稱、金額及約定事項:不適用。\n10.募得價款之用途及運用計畫:償還金融機構借款、可轉換公司債賣回價款\n  或充實營運資金。\n11.承銷方式:授權董事長決定。\n12.公司債受託人:授權董事長決定。\n13.承銷或代銷機構:授權董事長決定。\n14.發行保證人:無。\n15.代理還本付息機構:授權董事長決定。\n16.簽證機構:不適用。\n17.能轉換股份者，其轉換辦法:不適用。\n18.賣回條件:不適用。\n19.買回條件:授權董事長決定。\n20.附有轉換、交換或認股者，其換股基準日:不適用。\n21.附有轉換、交換或認股者，對股權可能稀釋情形:不適用。\n22.現金減資後再行募資之合理性及必要性\n(募資當年度及前一年度有辦理現金減資者適用):不適用。\n23.其他應敘明事項:無。""]], ""footer"": [""以上資料均由各公司依發言當時所屬市場別之規定申報後，由本系統對外公佈，資料如有虛偽不實，均由該公司負責。""], ""header"": {""note"": [], ""subTitle"": [], ""mainTitle"": [""公司當日重大訊息之詳細內容""]}, ""titles"": [{""main"": ""序號"", ""sub"": []}, {""main"": ""發言日期"", ""sub"": []}, {""main"": ""發言時間"", ""sub"": []}, {""main"": ""發言人"", ""sub"": []}, {""main"": ""發言人職稱"", ""sub"": []}, {""main"": ""發言人電話"", ""sub"": []}, {""main"": ""主旨"", ""sub"": []}, {""main"": ""符合條款"", ""sub"": []}, {""main"": ""事實發生日"", ""sub"": []}, {""main"": ""說明"", ""sub"": []}], ""companyAbbreviation"": ""華友聯""}, ""datetime"": ""115/08/06 19:39:42""}",2026-08-06 19:39:34
1150806|sii|2428|1,115/08/06,14:07:33,2428,興勤,本公司115年07月份自結合併營業收入公告,自結合併,1150806,sii,1,"{""code"": 200, ""message"": ""查詢成功"", ""result"": {""marketName"": ""上市公司"", ""companyId"": ""2428"", ""data"": [[1, ""115/08/06"", ""14:07:33"", ""洪玉芳"", ""總經理室特助"", ""07-5577660"", ""本公司115年07月份自結合併營業收入公告"", ""51"", ""115/08/06"", ""1.事實發生日:115/08/06\n2.公司名稱:興勤電子工業股份有限公司\n3.與公司關係(請輸入本公司或子公司):本公司\n4.相互持股比例:不適用\n5.發生緣由:公佈本公司115年07月份自結合併營業收入(已扣除內部交易)。\n6.因應措施:本公司115年07月份自結合併營業收入為新台幣979,022仟元，較去年同期\n自結合併營收新台幣659,874仟元，增加48.36%。\n115年01-07月份累計自結合併營業收入為新台幣5,736,525仟元，較去年同期累計自結\n合併營收新台幣4,610,751仟元，增加24.42%。\n7.其他應敘明事項(若事件發生或決議之主體係屬公開發行以上公司，本則重大訊息同時\n  符合證券交易法施行細則第7條第9款所定對股東權益或證券價格有重大影響之事項):\n自結數尚未經會計師簽證，特此說明。""]], ""footer"": [""以上資料均由各公司依發言當時所屬市場別之規定申報後，由本系統對外公佈，資料如有虛偽不實，均由該公司負責。""], ""header"": {""note"": [], ""subTitle"": [], ""mainTitle"": [""公司當日重大訊息之詳細內容""]}, ""titles"": [{""main"": ""序號"", ""sub"": []}, {""main"": ""發言日期"", ""sub"": []}, {""main"": ""發言時間"", ""sub"": []}, {""main"": ""發言人"", ""sub"": []}, {""main"": ""發言人職稱"", ""sub"": []}, {""main"": ""發言人電話"", ""sub"": []}, {""main"": ""主旨"", ""sub"": []}, {""main"": ""符合條款"", ""sub"": []}, {""main"": ""事實發生日"", ""sub"": []}, {""main"": ""說明"", ""sub"": []}], ""companyAbbreviation"": ""興勤""}, ""datetime"": ""115/08/06 19:39:42""}",2026-08-06 19:39:34
1150806|sii|4764|1,115/08/06,14:31:19,4764,雙鍵,公告本公司國內第二次有擔保轉換公司債已依中國證監會發布之「境內企業境外發行證券和上市管理試行辦法」進行備案,公司債,1150806,sii,1,"{""code"": 200, ""message"": ""查詢成功"", ""result"": {""marketName"": ""上市公司"", ""companyId"": ""4764"", ""data"": [[1, ""115/08/06"", ""14:31:19"", ""陳仲平"", ""總經理"", ""(02)8228-1168"", ""公告本公司國內第二次有擔保轉換公司債已依中國證監\r\n會發布之「境內企業境外發行證券和上市管理試行辦法」進\r\n行備案"", ""51"", ""115/08/06"", ""1.事實發生日:115/08/06\n2.公司名稱:雙鍵化工股份有限公司\n3.與公司關係(請輸入本公司或子公司):本公司\n4.相互持股比例:不適用\n5.發生緣由:因應中國證券監督管理委員會發布之「境內企業境外發行證券和上市管理\n試行辦法」(以下稱「試行辦法」)辦理。\n6.因應措施:本公司因發行國內第二次有擔保轉換公司債，依試行辦法之規定，已於\n115/08/06向中國證監會進行備案。\n7.其他應敘明事項(若事件發生或決議之主體係屬公開發行以上公司，本則重大訊息同時\n  符合證券交易法施行細則第7條第9款所定對股東權益或證券價格有重大影響之事項):無""]], ""footer"": [""以上資料均由各公司依發言當時所屬市場別之規定申報後，由本系統對外公佈，資料如有虛偽不實，均由該公司負責。""], ""header"": {""note"": [], ""subTitle"": [], ""mainTitle"": [""公司當日重大訊息之詳細內容""]}, ""titles"": [{""main"": ""序號"", ""sub"": []}, {""main"": ""發言日期"", ""sub"": []}, {""main"": ""發言時間"", ""sub"": []}, {""main"": ""發言人"", ""sub"": []}, {""main"": ""發言人職稱"", ""sub"": []}, {""main"": ""發言人電話"", ""sub"": []}, {""main"": ""主旨"", ""sub"": []}, {""main"": ""符合條款"", ""sub"": []}, {""main"": ""事實發生日"", ""sub"": []}, {""main"": ""說明"", ""sub"": []}], ""companyAbbreviation"": ""雙鍵""}, ""datetime"": ""115/08/06 19:39:43""}",2026-08-06 19:39:34
1150806|sii|2455|1,115/08/06,14:46:29,2455,全新,本公司可轉換公司債全新二(代號:24552)及全新三(代號:24553)近期達公布注意交易資訊標準，故公告相關訊息，以利投資人區別瞭解,公司債,1150806,sii,1,"{""code"": 200, ""message"": ""查詢成功"", ""result"": {""marketName"": ""上市公司"", ""companyId"": ""2455"", ""data"": [[1, ""115/08/06"", ""14:46:29"", ""蔣志青"", ""財務處處長"", ""03-4192969"", ""本公司可轉換公司債全新二(代號:24552)及全新三\r\n(代號:24553)近期達公布注意交易資訊標準，故公告相關訊息，\r\n以利投資人區別瞭解"", ""51"", ""115/08/06"", ""1.事實發生日:115/08/06\n2.發生緣由:依證券櫃檯買賣中心通知辦理\n3.公司債相關資訊:\n全新二(24552)轉債相關資訊\n到期日期:118/01/23\n實際發行總額:新台幣500,000,000元整\n本月發行餘額:新台幣220,900,000元整(截至115/07/31)\n最新轉(交)換價格:161.8\n轉換標的收市價格(2455):372.0(115/08/06)\n轉債收市價格(24552):238.0(115/08/06)\n\n全新三(24553)轉債相關資訊\n到期日期:118/01/27\n實際發行總額:新台幣500,000,000元整\n本月發行餘額:新台幣363,800,000元整(截至115/07/31)\n最新轉(交)換價格:152.5\n轉換標的收市價格(2455):372.0(115/08/06)\n轉債收市價格(24553):255.0(115/08/06)\n4.其他應敘明事項:無""]], ""footer"": [""以上資料均由各公司依發言當時所屬市場別之規定申報後，由本系統對外公佈，資料如有虛偽不實，均由該公司負責。""], ""header"": {""note"": [], ""subTitle"": [], ""mainTitle"": [""公司當日重大訊息之詳細內容""]}, ""titles"": [{""main"": ""序號"", ""sub"": []}, {""main"": ""發言日期"", ""sub"": []}, {""main"": ""發言時間"", ""sub"": []}, {""main"": ""發言人"", ""sub"": []}, {""main"": ""發言人職稱"", ""sub"": []}, {""main"": ""發言人電話"", ""sub"": []}, {""main"": ""主旨"", ""sub"": []}, {""main"": ""符合條款"", ""sub"": []}, {""main"": ""事實發生日"", ""sub"": []}, {""main"": ""說明"", ""sub"": []}], ""companyAbbreviation"": ""全新""}, ""datetime"": ""115/08/06 19:39:44""}",2026-08-06 19:39:34
1150805|sii|4572|2,115/08/06,15:15:32,4572,駐龍,公告本公司國內第一次無擔保轉換公司債115年第2季轉換普通股之發行新股基準日,公司債,1150805,sii,2,"{""code"": 200, ""message"": ""查詢成功"", ""result"": {""marketName"": ""上市公司"", ""companyId"": ""4572"", ""data"": [[2, ""115/08/06"", ""15:15:32"", ""李汶育"", ""財務主管"", ""0932165225"", ""公告本公司國內第一次無擔保轉換公司債115年第2季\r\n轉換普通股之發行新股基準日"", ""11"", ""115/08/06"", ""1.董事會決議日期:115/08/06\n2.增資資金來源:國內第一次無擔保轉換公司債\n3.是否採總括申報發行新股(是，請併敘明預定發行期間/否):否\n4.全案發行總金額及股數(如屬盈餘或公積轉增資，發行股數則不含配發給員工部分):\n發行總金額：新台幣186,790元\n發行股數：18,679股。\n5.採總括申報發行新股案件，本次發行金額及股數:不適用。\n6.採總括申報發行新股案件，本次發行後，剩餘之金額及股數餘額:不適用。\n7.每股面額:新台幣10元。\n8.發行價格:不適用。\n9.員工認購股數或配發金額:不適用。\n10.公開銷售股數:不適用。\n11.原股東認購或無償配發比例:不適用。\n12.畸零股及逾期未認購股份之處理方式:不適用。\n13.本次發行新股之權利義務:與原發行普通股股份相同。\n14.本次增資資金用途:不適用。\n15.現金減資後再行募資之合理性及必要性\n(募資當年度及前一年度有辦理現金減資者適用):不適用。\n16.其他應敘明事項:訂定民國115年08月06日為公司債轉換普通股之增資基準日，\n增資後實收資本額為新台幣400,186,790元，並依法令規定辦理相關變更登記事宜。""]], ""footer"": [""以上資料均由各公司依發言當時所屬市場別之規定申報後，由本系統對外公佈，資料如有虛偽不實，均由該公司負責。""], ""header"": {""note"": [], ""subTitle"": [], ""mainTitle"": [""公司當日重大訊息之詳細內容""]}, ""titles"": [{""main"": ""序號"", ""sub"": []}, {""main"": ""發言日期"", ""sub"": []}, {""main"": ""發言時間"", ""sub"": []}, {""main"": ""發言人"", ""sub"": []}, {""main"": ""發言人職稱"", ""sub"": []}, {""main"": ""發言人電話"", ""sub"": []}, {""main"": ""主旨"", ""sub"": []}, {""main"": ""符合條款"", ""sub"": []}, {""main"": ""事實發生日"", ""sub"": []}, {""main"": ""說明"", ""sub"": []}], ""companyAbbreviation"": ""駐龍""}, ""datetime"": ""115/08/06 19:39:44""}",2026-08-06 19:39:34
1150806|sii|7760|1,115/08/06,15:56:41,7760,享溫馨,公告本公司買回庫藏股執行完畢,庫藏股,1150806,sii,1,"{""code"": 200, ""message"": ""查詢成功"", ""result"": {""marketName"": ""上市公司"", ""companyId"": ""7760"", ""data"": [[1, ""115/08/06"", ""15:56:41"", ""李奇霖"", ""總經理"", ""(07)224-2999"", ""公告本公司買回庫藏股執行完畢"", ""35"", ""115/08/06"", ""1.原預定買回股份總金額上限(元):1,317,910,023\r\n2.原預定買回之期間:115/06/16~115/08/14\r\n3.原預定買回之數量(股):1,500,000\r\n4.原預定買回區間價格(元):23.00~49.00\r\n5.本次實際買回期間:115/06/25~115/08/06\r\n6.本次已買回股份數量(股):1,500,000\r\n7.本次已買回股份總金額(元):51,339,358\r\n8.本次平均每股買回價格(元):34.23\r\n9.累積已持有自己公司股份數量(股):1,500,000\r\n10.累積已持有自己公司股份數量占公司已發行股份總數之比率(%):2.27\r\n11.本次未執行完畢之原因:\r\n\r\n12.其他應敘明事項:\r\n無""]], ""footer"": [""以上資料均由各公司依發言當時所屬市場別之規定申報後，由本系統對外公佈，資料如有虛偽不實，均由該公司負責。""], ""header"": {""note"": [], ""subTitle"": [], ""mainTitle"": [""公司當日重大訊息之詳細內容""]}, ""titles"": [{""main"": ""序號"", ""sub"": []}, {""main"": ""發言日期"", ""sub"": []}, {""main"": ""發言時間"", ""sub"": []}, {""main"": ""發言人"", ""sub"": []}, {""main"": ""發言人職稱"", ""sub"": []}, {""main"": ""發言人電話"", ""sub"": []}, {""main"": ""主旨"", ""sub"": []}, {""main"": ""符合條款"", ""sub"": []}, {""main"": ""事實發生日"", ""sub"": []}, {""main"": ""說明"", ""sub"": []}], ""companyAbbreviation"": ""享溫馨""}, ""datetime"": ""115/08/06 19:39:45""}",2026-08-06 19:39:34
1150806|sii|9941|1,115/08/06,16:03:45,9941,裕融,公告本公司普通股股利除權息基準日及國內轉換公司債停止轉換期間,公司債,1150806,sii,1,"{""code"": 200, ""message"": ""查詢成功"", ""result"": {""marketName"": ""上市公司"", ""companyId"": ""9941"", ""data"": [[1, ""115/08/06"", ""16:03:45"", ""廖淑華"", ""副總經理"", ""2702-5055"", ""公告本公司普通股股利除權息基準日\r\n及國內轉換公司債停止轉換期間"", ""14"", ""115/08/06"", ""1.董事會、股東會決議或公司決定日期:115/05/28\n2.除權、息類別（請填入「除權」、「除息」或「除權息」）:除權息\n3.普通股發放股利種類及金額:\n現金股利新台幣2,521,287,195元(每股新台幣4.38000000元);\n股票股利新台幣115,127,270元(每股新台幣0.20000000元)\n4.除權（息）交易日:115/09/01\n5.最後過戶日:115/09/02\n6.停止過戶起始日期:115/09/03\n7.停止過戶截止日期:115/09/07\n8.除權（息）基準日:115/09/07\n9.債券最後申請轉換日期:115/08/11\n10.債券停止轉換起始日期:115/08/13\n11.債券停止轉換截止日期:115/09/07\n12.普通股現金股利發放日期:115/09/23\n13.現金股利之一部或全部是否以外幣發放(請填入「是」或「否」):否\n14.外幣現金股利發放幣別:不適用\n15.外幣現金股利發放對象:不適用\n16.外幣現金股利匯率決定方式:不適用\n17.其他應敘明事項:\n1.本次增資新股權利證書預訂於115年9月23日直接劃撥至股東之證券存摺帳戶中，\n並於同日上市買賣，股東不得請求交付新股權利證書。新股權利證書劃撥暨上市\n日期，若因故而有變動，以本公司另行公告日期為準。\n2.如因本公司有權參與配發之股數變動，致股東配股配息率因此發生變動時，\n授權董事長全權處理其相關事宜。""]], ""footer"": [""以上資料均由各公司依發言當時所屬市場別之規定申報後，由本系統對外公佈，資料如有虛偽不實，均由該公司負責。""], ""header"": {""note"": [], ""subTitle"": [], ""mainTitle"": [""公司當日重大訊息之詳細內容""]}, ""titles"": [{""main"": ""序號"", ""sub"": []}, {""main"": ""發言日期"", ""sub"": []}, {""main"": ""發言時間"", ""sub"": []}, {""main"": ""發言人"", ""sub"": []}, {""main"": ""發言人職稱"", ""sub"": []}, {""main"": ""發言人電話"", ""sub"": []}, {""main"": ""主旨"", ""sub"": []}, {""main"": ""符合條款"", ""sub"": []}, {""main"": ""事實發生日"", ""sub"": []}, {""main"": ""說明"", ""sub"": []}], ""companyAbbreviation"": ""裕融""}, ""datetime"": ""115/08/06 19:39:46""}",2026-08-06 19:39:34
1150806|sii|2536|3,115/08/06,16:18:10,2536,宏普,公告本公司董事會決議買回庫藏股,庫藏股,1150806,sii,3,"{""code"": 200, ""message"": ""查詢成功"", ""result"": {""marketName"": ""上市公司"", ""companyId"": ""2536"", ""data"": [[3, ""115/08/06"", ""16:18:10"", ""詹俊炫"", ""稽核經理"", ""2755-2662"", ""公告本公司董事會決議買回庫藏股"", ""35"", ""115/08/06"", ""1.董事會決議日期:115/08/06\r\n2.買回股份目的:維護公司信用及股東權益\r\n3.買回股份種類:普通股\r\n4.買回股份總金額上限(元):9,396,490,656\r\n5.預定買回之期間:115/08/07~115/10/05\r\n6.預定買回之數量(股):16,000,000\r\n7.買回區間價格(元):12.55~29.25，公司股價低於區間價格下限，將繼續買回\r\n8.買回方式:自集中交易市場買回\r\n9.預定買回股份占公司已發行股份總數之比率(%):4.81\r\n10.申報時已持有本公司股份之累積股數(股):6,000,000\r\n11.申報前五年內買回公司股份之情形:\r\n(1)實際買回股份期間：115/07/09 ~ 115/07/22 、預定買回股數(股)：6000000 、實際已買回股\r\n數(股)：6000000 、執行情形(實際已買回股數占預定買回股數%)：100.00\r\n12.已申報買回但未執行完畢之情形:\r\n無\r\n13.董事會決議買回股份之會議紀錄:\r\n民國115年08月06日董事會通過決議，計畫依證券交易法第28條之2規定，於中華民國115年08月07\r\n日至115\r\n年10月05日間執行買回公司股份，預定買回數量總額為16,000,000股，其買回區間價格為新台幣每\r\n股12.55\r\n元至29.25元。\r\n14.「上市上櫃公司買回本公司股份辦法」第十條規定之轉讓辦法:\r\n不適用\r\n15.「上市上櫃公司買回本公司股份辦法」第十一條規定之轉換或認股辦法:\r\n不適用\r\n16.董事會已考慮公司財務狀況，不影響公司資本維持之聲明:\r\n本次買回股份總數僅佔本公司已發行股份4.81%，且買回股份所需金額上限僅佔本公司流動資產 \r\n1.32%，茲\r\n聲明本公司董事會已考慮公司財務狀況，上述股份之買回並不影響本公司資本維持。\r\n17.會計師或證券承銷商對買回股份價格之合理性評估意見:\r\n依元大證券股份有限公司之評估意見，宏普建設股份有限公司本次買回公司股份訂定之價格區間，其\r\n決策過\r\n程具合法性，價格區間之訂定及對公司財務之影響亦尚屬合理，尚無重大異常情事。\r\n18.其他證期局所規定之事項:\r\n無""]], ""footer"": [""以上資料均由各公司依發言當時所屬市場別之規定申報後，由本系統對外公佈，資料如有虛偽不實，均由該公司負責。""], ""header"": {""note"": [], ""subTitle"": [], ""mainTitle"": [""公司當日重大訊息之詳細內容""]}, ""titles"": [{""main"": ""序號"", ""sub"": []}, {""main"": ""發言日期"", ""sub"": []}, {""main"": ""發言時間"", ""sub"": []}, {""main"": ""發言人"", ""sub"": []}, {""main"": ""發言人職稱"", ""sub"": []}, {""main"": ""發言人電話"", ""sub"": []}, {""main"": ""主旨"", ""sub"": []}, {""main"": ""符合條款"", ""sub"": []}, {""main"": ""事實發生日"", ""sub"": []}, {""main"": ""說明"", ""sub"": []}], ""companyAbbreviation"": ""宏普""}, ""datetime"": ""115/08/06 19:39:46""}",2026-08-06 19:39:34
1150806|sii|2438|1,115/08/06,16:18:31,2438,翔耀,代重要子公司嵩達光電科技股份有限公司公告董事會決議辦理現金增資案,現金增資,1150806,sii,1,"{""code"": 200, ""message"": ""查詢成功"", ""result"": {""marketName"": ""上市公司"", ""companyId"": ""2438"", ""data"": [[1, ""115/08/06"", ""16:18:31"", ""張順昌"", ""法務長"", ""(02)7746-3839"", ""代重要子公司嵩達光電科技股份有限公司公告\r\n董事會決議辦理現金增資案"", ""11"", ""115/08/06"", ""1.董事會決議日期:115/08/06\n2.增資資金來源:現金增資發行普通股\n3.是否採總括申報發行新股(是，請併敘明預定發行期間/否):否\n4.全案發行總金額及股數(如屬盈餘或公積轉增資，發行股數則不含配發給員工部分):\n本次發行總金額及股數，以不超過新台幣六仟萬元，5,000,000股，為上限\n5.採總括申報發行新股案件，本次發行金額及股數:不適用\n6.採總括申報發行新股案件，本次發行後，剩餘之金額及股數餘額:不適用\n7.每股面額:10元\n8.發行價格:每股12元\n9.員工認購股數或配發金額:保留發行股數10%予員工認購\n10.公開銷售股數:非屬公開銷售方式\n11.原股東認購或無償配發比例:\n發行股數之90%由原股東按認股基準日股東名冊記載之股東及其持有股份比例認購\n12.畸零股及逾期未認購股份之處理方式:\n原股東認購不足一股之畸零股及逾期未認購股份，授權董事長洽特定人認購之\n13.本次發行新股之權利義務:與已發行普通股相同\n14.本次增資資金用途:充實營運資金、改善財務結構\n15.現金減資後再行募資之合理性及必要性\n(募資當年度及前一年度有辦理現金減資者適用):不適用\n16.其他應敘明事項:\n本次辦理現金增資，若有需調整異動時，授權董事長全權處理本次增資相關事宜""]], ""footer"": [""以上資料均由各公司依發言當時所屬市場別之規定申報後，由本系統對外公佈，資料如有虛偽不實，均由該公司負責。""], ""header"": {""note"": [], ""subTitle"": [], ""mainTitle"": [""公司當日重大訊息之詳細內容""]}, ""titles"": [{""main"": ""序號"", ""sub"": []}, {""main"": ""發言日期"", ""sub"": []}, {""main"": ""發言時間"", ""sub"": []}, {""main"": ""發言人"", ""sub"": []}, {""main"": ""發言人職稱"", ""sub"": []}, {""main"": ""發言人電話"", ""sub"": []}, {""main"": ""主旨"", ""sub"": []}, {""main"": ""符合條款"", ""sub"": []}, {""main"": ""事實發生日"", ""sub"": []}, {""main"": ""說明"", ""sub"": []}], ""companyAbbreviation"": ""翔耀""}, ""datetime"": ""115/08/06 19:39:47""}",2026-08-06 19:39:34
1150806|sii|3013|2,115/08/06,16:23:57,3013,晟銘電,公告本公司訂定除權基準日及轉換公司債停止轉換期間,公司債,1150806,sii,2,"{""code"": 200, ""message"": ""查詢成功"", ""result"": {""marketName"": ""上市公司"", ""companyId"": ""3013"", ""data"": [[2, ""115/08/06"", ""16:23:57"", ""莊家熒"", ""財務處協理"", ""2797-3999"", ""公告本公司訂定除權基準日及轉換公司債停止轉換期間"", ""14"", ""115/08/06"", ""1.董事會、股東會決議或公司決定日期:115/08/06\n2.除權、息類別（請填入「除權」、「除息」或「除權息」）:除權\n3.普通股發放股利種類及金額:股票股利新台幣82,055,580元(每仟股無償配發40股)\n4.除權（息）交易日:115/09/02\n5.最後過戶日:115/09/03\n6.停止過戶起始日期:115/09/04\n7.停止過戶截止日期:115/09/08\n8.除權（息）基準日:115/09/08\n9.債券最後申請轉換日期:115/08/12\n10.債券停止轉換起始日期:115/08/14\n11.債券停止轉換截止日期:115/09/08\n12.普通股現金股利發放日期:不適用\n13.現金股利之一部或全部是否以外幣發放(請填入「是」或「否」):否\n14.外幣現金股利發放幣別:不適用\n15.外幣現金股利發放對象:不適用\n16.外幣現金股利匯率決定方式:不適用\n17.其他應敘明事項:\n(1)嗣後因法令變更或主管機關調整，或公司債轉換股份，或本公司買回公司股份等\n因素致影響流通在外股份數量致需調整分配比率時，授權董事長調整配股比率等相關\n事宜。\n(2)增資新股權利證書上市日期訂於115/10/05""]], ""footer"": [""以上資料均由各公司依發言當時所屬市場別之規定申報後，由本系統對外公佈，資料如有虛偽不實，均由該公司負責。""], ""header"": {""note"": [], ""subTitle"": [], ""mainTitle"": [""公司當日重大訊息之詳細內容""]}, ""titles"": [{""main"": ""序號"", ""sub"": []}, {""main"": ""發言日期"", ""sub"": []}, {""main"": ""發言時間"", ""sub"": []}, {""main"": ""發言人"", ""sub"": []}, {""main"": ""發言人職稱"", ""sub"": []}, {""main"": ""發言人電話"", ""sub"": []}, {""main"": ""主旨"", ""sub"": []}, {""main"": ""符合條款"", ""sub"": []}, {""main"": ""事實發生日"", ""sub"": []}, {""main"": ""說明"", ""sub"": []}], ""companyAbbreviation"": ""晟銘電""}, ""datetime"": ""115/08/06 19:39:47""}",2026-08-06 19:39:34
1150806|sii|8046|3,115/08/06,16:51:45,8046,南電,本公司董事會決議通過新增資本支出,資本支出,1150806,sii,3,"{""code"": 200, ""message"": ""查詢成功"", ""result"": {""marketName"": ""上市公司"", ""companyId"": ""8046"", ""data"": [[3, ""115/08/06"", ""16:51:45"", ""呂連瑞"", ""總經理"", ""03-3223751"", ""本公司董事會決議通過新增資本支出"", ""15"", ""115/08/06"", ""1.董事會或股東會決議日期:115/08/06\n2.投資計畫內容:興建大尺寸、高層數高階載板之智慧工廠\n3.預計投資金額:新台幣468億元\n4.預計投資日期:不適用\n5.資金來源:自有資金、銀行借款或其他籌資方式\n6.具體目的:配合營運需求\n7.其他應敘明事項:無""]], ""footer"": [""以上資料均由各公司依發言當時所屬市場別之規定申報後，由本系統對外公佈，資料如有虛偽不實，均由該公司負責。""], ""header"": {""note"": [], ""subTitle"": [], ""mainTitle"": [""公司當日重大訊息之詳細內容""]}, ""titles"": [{""main"": ""序號"", ""sub"": []}, {""main"": ""發言日期"", ""sub"": []}, {""main"": ""發言時間"", ""sub"": []}, {""main"": ""發言人"", ""sub"": []}, {""main"": ""發言人職稱"", ""sub"": []}, {""main"": ""發言人電話"", ""sub"": []}, {""main"": ""主旨"", ""sub"": []}, {""main"": ""符合條款"", ""sub"": []}, {""main"": ""事實發生日"", ""sub"": []}, {""main"": ""說明"", ""sub"": []}], ""companyAbbreviation"": ""南電""}, ""datetime"": ""115/08/06 19:39:48""}",2026-08-06 19:39:34
1150806|sii|3711|1,115/08/06,17:02:15,3711,日月光投控,代子公司矽品精密工業(股)公司公告取得營業用機器設備達十億元,機器設備,1150806,sii,1,"{""code"": 200, ""message"": ""查詢成功"", ""result"": {""marketName"": ""上市公司"", ""companyId"": ""3711"", ""data"": [[1, ""115/08/06"", ""17:02:15"", ""吳田玉"", ""營運長"", ""02-66365678"", ""代子公司矽品精密工業(股)公司公告取得營業用機器設備達十億元"", ""20"", ""115/08/06"", ""1.標的物之名稱及性質（如坐落台中市北區ＸＸ段ＸＸ小段土地）:\r\n營業用機器設備\r\n2.事實發生日:115/7/16~115/8/6\r\n3.董事會通過日期: 不適用\r\n4.其他核決日期:\r\n核決層級:總經理核決\r\n民國115年8月6日\r\n5.交易單位數量（如ＸＸ平方公尺，折合ＸＸ坪）、每單位價格及交易總金額:\r\n取得3批，\n每批平均單價：NTD 355,805,967元，\n交易總金額：NTD 1,067,417,900元。\r\n6.交易相對人及其與公司之關係（交易相對人如屬自然人，且非公司之關\r\n係人者，得免揭露其姓名）:\r\n交易相對人：愛德萬測試股份有限公司； \n與公司之關係：無\r\n7.交易相對人為關係人者，並應公告選定關係人為交易對象之原因及前次移轉之\r\n所有人、前次移轉之所有人與公司及交易相對人間相互之關係、前次移轉日期\r\n及移轉金額:\r\n不適用\r\n8.交易標的最近五年內所有權人曾為公司之關係人者，尚應公告關係\r\n人之取得及處分日期、價格及交易當時與公司之關係:\r\n不適用\r\n9.預計處分利益（或損失）（取得資產者不適用）（遞延者應列表說明\r\n認列情形）:\r\n不適用\r\n10.交付或付款條件（含付款期間及金額）、契約限制條款及其他重要約定\r\n事項:\r\n電匯。\n契約限制條款：無。\n其他重要約定事項：無。\r\n11.本次交易之決定方式（如招標、比價或議價）、價格決定之參考依據及\r\n決策單位:\r\n交易決定方式：比價/議價。\n價格決定之參考依據：參考歷年交易資料和市場行情。\n決策單位：依公司內部核決權限決定。\r\n12.專業估價者事務所或公司名稱及其估價金額:\r\n不適用\r\n13.專業估價師姓名:\r\n不適用\r\n14.專業估價師開業證書字號:\r\n不適用\r\n15.估價報告是否為限定價格、特定價格或特殊價格:否或不適用\r\n16.是否尚未取得估價報告:否或不適用\r\n17.尚未取得估價報告之原因:\r\n不適用\r\n18.估價結果有重大差異時，其差異原因及會計師意見:\r\n不適用\r\n19.會計師事務所名稱:\r\n不適用\r\n20.會計師姓名:\r\n不適用\r\n21.會計師開業證書字號:\r\n不適用\r\n22.經紀人及經紀費用:\r\n無\r\n23.取得或處分之具體目的或用途:\r\n營業用途\r\n24.本次交易表示異議之董事之意見:\r\n無\r\n25.本次交易為關係人交易:否\r\n26.監察人承認或審計委員會同意日期:\r\n不適用\r\n27.本次交易係向關係人取得不動產或其使用權資產:否\r\n28.依「公開發行公司取得或處分資產處理準則」第十六條規定\r\n評估之價格:不適用\r\n29.依前項評估之價格較交易價格為低者，依同準則第十七條規\r\n定評估之價格:不適用\r\n30.前已就同一件事件發布重大訊息日期: 不適用\r\n31.其他敘明事項:\r\n無""]], ""footer"": [""以上資料均由各公司依發言當時所屬市場別之規定申報後，由本系統對外公佈，資料如有虛偽不實，均由該公司負責。""], ""header"": {""note"": [], ""subTitle"": [], ""mainTitle"": [""公司當日重大訊息之詳細內容""]}, ""titles"": [{""main"": ""序號"", ""sub"": []}, {""main"": ""發言日期"", ""sub"": []}, {""main"": ""發言時間"", ""sub"": []}, {""main"": ""發言人"", ""sub"": []}, {""main"": ""發言人職稱"", ""sub"": []}, {""main"": ""發言人電話"", ""sub"": []}, {""main"": ""主旨"", ""sub"": []}, {""main"": ""符合條款"", ""sub"": []}, {""main"": ""事實發生日"", ""sub"": []}, {""main"": ""說明"", ""sub"": []}], ""companyAbbreviation"": ""日月光投控""}, ""datetime"": ""115/08/06 19:39:49""}",2026-08-06 19:39:34
1150806|sii|3711|2,115/08/06,17:03:03,3711,日月光投控,代子公司矽品精密工業(股)公司公告取得營業用機器設備達十億元,機器設備,1150806,sii,2,"{""code"": 200, ""message"": ""查詢成功"", ""result"": {""marketName"": ""上市公司"", ""companyId"": ""3711"", ""data"": [[2, ""115/08/06"", ""17:03:03"", ""吳田玉"", ""營運長"", ""02-66365678"", ""代子公司矽品精密工業(股)公司公告取得營業用機器設備達十億元"", ""20"", ""115/08/06"", ""1.標的物之名稱及性質（如坐落台中市北區ＸＸ段ＸＸ小段土地）:\r\n營業用機器設備\r\n2.事實發生日:114/8/22~115/8/6\r\n3.董事會通過日期: 不適用\r\n4.其他核決日期:\r\n核決層級:總經理核決\r\n民國115年8月6日\r\n5.交易單位數量（如ＸＸ平方公尺，折合ＸＸ坪）、每單位價格及交易總金額:\r\n取得28批，\n每批平均單價：NTD 37,355,382元，\n交易總金額：NTD 1,045,950,694元。\r\n6.交易相對人及其與公司之關係（交易相對人如屬自然人，且非公司之關\r\n係人者，得免揭露其姓名）:\r\n交易相對人：鴻勁精密股份有限公司； \n與公司之關係：無\r\n7.交易相對人為關係人者，並應公告選定關係人為交易對象之原因及前次移轉之\r\n所有人、前次移轉之所有人與公司及交易相對人間相互之關係、前次移轉日期\r\n及移轉金額:\r\n不適用\r\n8.交易標的最近五年內所有權人曾為公司之關係人者，尚應公告關係\r\n人之取得及處分日期、價格及交易當時與公司之關係:\r\n不適用\r\n9.預計處分利益（或損失）（取得資產者不適用）（遞延者應列表說明\r\n認列情形）:\r\n不適用\r\n10.交付或付款條件（含付款期間及金額）、契約限制條款及其他重要約定\r\n事項:\r\n電匯。\n契約限制條款：無。\n其他重要約定事項：無。\r\n11.本次交易之決定方式（如招標、比價或議價）、價格決定之參考依據及\r\n決策單位:\r\n交易決定方式：比價/議價。\n價格決定之參考依據：參考歷年交易資料和市場行情。\n決策單位：依公司內部核決權限決定。\r\n12.專業估價者事務所或公司名稱及其估價金額:\r\n不適用\r\n13.專業估價師姓名:\r\n不適用\r\n14.專業估價師開業證書字號:\r\n不適用\r\n15.估價報告是否為限定價格、特定價格或特殊價格:否或不適用\r\n16.是否尚未取得估價報告:否或不適用\r\n17.尚未取得估價報告之原因:\r\n不適用\r\n18.估價結果有重大差異時，其差異原因及會計師意見:\r\n不適用\r\n19.會計師事務所名稱:\r\n不適用\r\n20.會計師姓名:\r\n不適用\r\n21.會計師開業證書字號:\r\n不適用\r\n22.經紀人及經紀費用:\r\n無\r\n23.取得或處分之具體目的或用途:\r\n營業用途\r\n24.本次交易表示異議之董事之意見:\r\n無\r\n25.本次交易為關係人交易:否\r\n26.監察人承認或審計委員會同意日期:\r\n不適用\r\n27.本次交易係向關係人取得不動產或其使用權資產:否\r\n28.依「公開發行公司取得或處分資產處理準則」第十六條規定\r\n評估之價格:不適用\r\n29.依前項評估之價格較交易價格為低者，依同準則第十七條規\r\n定評估之價格:不適用\r\n30.前已就同一件事件發布重大訊息日期: 不適用\r\n31.其他敘明事項:\r\n無""]], ""footer"": [""以上資料均由各公司依發言當時所屬市場別之規定申報後，由本系統對外公佈，資料如有虛偽不實，均由該公司負責。""], ""header"": {""note"": [], ""subTitle"": [], ""mainTitle"": [""公司當日重大訊息之詳細內容""]}, ""titles"": [{""main"": ""序號"", ""sub"": []}, {""main"": ""發言日期"", ""sub"": []}, {""main"": ""發言時間"", ""sub"": []}, {""main"": ""發言人"", ""sub"": []}, {""main"": ""發言人職稱"", ""sub"": []}, {""main"": ""發言人電話"", ""sub"": []}, {""main"": ""主旨"", ""sub"": []}, {""main"": ""符合條款"", ""sub"": []}, {""main"": ""事實發生日"", ""sub"": []}, {""main"": ""說明"", ""sub"": []}], ""companyAbbreviation"": ""日月光投控""}, ""datetime"": ""115/08/06 19:39:49""}",2026-08-06 19:39:34
1150805|sii|2344|1,115/08/06,17:05:32,2344,華邦電,本公司董事會核准資本支出預算案,資本支出,1150805,sii,1,"{""code"": 200, ""message"": ""查詢成功"", ""result"": {""marketName"": ""上市公司"", ""companyId"": ""2344"", ""data"": [[1, ""115/08/06"", ""17:05:32"", ""范祥雲"", ""執行副總經理"", ""(03)5678168"", ""本公司董事會核准資本支出預算案"", ""15"", ""115/08/06"", ""1.董事會或股東會決議日期:115/08/06\n2.投資計畫內容:資本支出預算新台幣130億7,382萬元，內容包括\n(1).生產設備\n(2).研發設備\n(3).廠務設施工程\n(4).資本化租賃資產(交易對象皆無關係人)\n3.預計投資金額:新台幣130億7,382萬元\n4.預計投資日期:預計自115年8月起陸續投資\n5.資金來源:自有資金及銀行融資\n6.具體目的:配合營運需求\n7.其他應敘明事項:無""]], ""footer"": [""以上資料均由各公司依發言當時所屬市場別之規定申報後，由本系統對外公佈，資料如有虛偽不實，均由該公司負責。""], ""header"": {""note"": [], ""subTitle"": [], ""mainTitle"": [""公司當日重大訊息之詳細內容""]}, ""titles"": [{""main"": ""序號"", ""sub"": []}, {""main"": ""發言日期"", ""sub"": []}, {""main"": ""發言時間"", ""sub"": []}, {""main"": ""發言人"", ""sub"": []}, {""main"": ""發言人職稱"", ""sub"": []}, {""main"": ""發言人電話"", ""sub"": []}, {""main"": ""主旨"", ""sub"": []}, {""main"": ""符合條款"", ""sub"": []}, {""main"": ""事實發生日"", ""sub"": []}, {""main"": ""說明"", ""sub"": []}], ""companyAbbreviation"": ""華邦電""}, ""datetime"": ""115/08/06 19:39:50""}",2026-08-06 19:39:34
1150806|sii|3661|2,115/08/06,17:20:16,3661,世芯-KY,本公司取得供營業用機器設備公告,機器設備,1150806,sii,2,"{""code"": 200, ""message"": ""查詢成功"", ""result"": {""marketName"": ""上市公司"", ""companyId"": ""3661"", ""data"": [[2, ""115/08/06"", ""17:20:16"", ""王德善"", ""財務長"", ""02-26599357"", ""本公司取得供營業用機器設備公告"", ""20"", ""115/08/06"", ""1.標的物之名稱及性質（如坐落台中市北區ＸＸ段ＸＸ小段土地）:\r\n機器設備\r\n2.事實發生日:115/4/24~115/8/6\r\n3.董事會通過日期: 不適用\r\n4.其他核決日期:\r\n核決層級:不適用\r\n民國115年8月6日\r\n5.交易單位數量（如ＸＸ平方公尺，折合ＸＸ坪）、每單位價格及交易總金額:\r\n交易單位數量:一批\n交易總金額:新台幣906,847,411元(美金28,080,118元)\r\n6.交易相對人及其與公司之關係（交易相對人如屬自然人，且非公司之關\r\n係人者，得免揭露其姓名）:\r\n台灣積體電路製造股份有限公司；非關係人\r\n7.交易相對人為關係人者，並應公告選定關係人為交易對象之原因及前次移轉之\r\n所有人、前次移轉之所有人與公司及交易相對人間相互之關係、前次移轉日期\r\n及移轉金額:\r\n不適用\r\n8.交易標的最近五年內所有權人曾為公司之關係人者，尚應公告關係\r\n人之取得及處分日期、價格及交易當時與公司之關係:\r\n不適用\r\n9.預計處分利益（或損失）（取得資產者不適用）（遞延者應列表說明\r\n認列情形）:\r\n不適用\r\n10.交付或付款條件（含付款期間及金額）、契約限制條款及其他重要約定\r\n事項:\r\n依訂單條件付款\r\n11.本次交易之決定方式（如招標、比價或議價）、價格決定之參考依據及\r\n決策單位:\r\n比價及議價:廠商提供之報價單及市場行情;依本公司核決權限辦理\r\n12.專業估價者事務所或公司名稱及其估價金額:\r\n不適用\r\n13.專業估價師姓名:\r\n不適用\r\n14.專業估價師開業證書字號:\r\n不適用\r\n15.估價報告是否為限定價格、特定價格或特殊價格:否或不適用\r\n16.是否尚未取得估價報告:否或不適用\r\n17.尚未取得估價報告之原因:\r\n不適用\r\n18.估價結果有重大差異時，其差異原因及會計師意見:\r\n不適用\r\n19.會計師事務所名稱:\r\n不適用\r\n20.會計師姓名:\r\n不適用\r\n21.會計師開業證書字號:\r\n不適用\r\n22.經紀人及經紀費用:\r\n不適用\r\n23.取得或處分之具體目的或用途:\r\n供生產用\r\n24.本次交易表示異議之董事之意見:\r\n不適用\r\n25.本次交易為關係人交易:否\r\n26.監察人承認或審計委員會同意日期:\r\n不適用\r\n27.本次交易係向關係人取得不動產或其使用權資產:否\r\n28.依「公開發行公司取得或處分資產處理準則」第十六條規定\r\n評估之價格:不適用\r\n29.依前項評估之價格較交易價格為低者，依同準則第十七條規\r\n定評估之價格:不適用\r\n30.前已就同一件事件發布重大訊息日期: 不適用\r\n31.其他敘明事項:\r\n無""]], ""footer"": [""以上資料均由各公司依發言當時所屬市場別之規定申報後，由本系統對外公佈，資料如有虛偽不實，均由該公司負責。""], ""header"": {""note"": [], ""subTitle"": [], ""mainTitle"": [""公司當日重大訊息之詳細內容""]}, ""titles"": [{""main"": ""序號"", ""sub"": []}, {""main"": ""發言日期"", ""sub"": []}, {""main"": ""發言時間"", ""sub"": []}, {""main"": ""發言人"", ""sub"": []}, {""main"": ""發言人職稱"", ""sub"": []}, {""main"": ""發言人電話"", ""sub"": []}, {""main"": ""主旨"", ""sub"": []}, {""main"": ""符合條款"", ""sub"": []}, {""main"": ""事實發生日"", ""sub"": []}, {""main"": ""說明"", ""sub"": []}], ""companyAbbreviation"": ""世芯-KY""}, ""datetime"": ""115/08/06 19:39:51""}",2026-08-06 19:39:34
1150803|sii|6944|3,115/08/06,18:08:22,6944,兆聯實業,本公司董事會決議發行國內第一次無擔保轉換公司債暨國內第二次無擔保轉換公司債,公司債,1150803,sii,3,"{""code"": 200, ""message"": ""查詢成功"", ""result"": {""marketName"": ""上市公司"", ""companyId"": ""6944"", ""data"": [[3, ""115/08/06"", ""18:08:22"", ""金保華"", ""財會處協理"", ""03-3620101"", ""本公司董事會決議發行國內第一次無擔保轉換公司債\r\n暨國內第二次無擔保轉換公司債"", ""11"", ""115/08/06"", ""1.董事會決議日期:115/08/06\n2.名稱﹝XX公司第X次（有、無）擔保公司債﹞:\n(1)兆聯實業股份有限公司國內第一次無擔保轉換公司債。\n(2)兆聯實業股份有限公司國內第二次無擔保轉換公司債。\n3.是否採總括申報發行公司債(是/否):否\n4.發行總額:\n (1)國內第一次無擔保轉換公司債：上限新台幣拾參億元整\n (2)國內第二次無擔保轉換公司債：上限新台幣拾貳億元整\n5.每張面額:\n(1)國內第一次無擔保轉換公司債：新台幣壹拾萬元。\n(2)國內第二次無擔保轉換公司債：新台幣壹拾萬元。\n6.發行價格:\n(1)國內第一次無擔保轉換公司債：暫定依票面金額之100%~105%發行。\n(2)國內第二次無擔保轉換公司債：暫定底標以不低於面額為限，實際總發行金額以競價\n                               拍賣結果而定。\n7.發行期間:\n(1)國內第一次無擔保轉換公司債：5年。\n(2)國內第二次無擔保轉換公司債：5年。\n8.發行利率:\n(1)國內第一次無擔保轉換公司債：票面利率0%。\n(2)國內第二次無擔保轉換公司債：票面利率0%。\n9.擔保品之種類、名稱、金額及約定事項:不適用。\n10.募得價款之用途及運用計畫:轉投資海外子公司、購置廠房及裝修工程、\n                           興建倉儲廠、興建廠辦及購置設備。\n11.承銷方式:\n(1)國內第一次無擔保轉換公司債：採詢價圈購方式辦理公開承銷。\n(2)國內第二次無擔保轉換公司債：採競價拍賣方式辦理公開承銷。\n12.公司債受託人:授權董事長決定。\n13.承銷或代銷機構:富邦綜合證券股份有限公司。\n14.發行保證人:不適用。\n15.代理還本付息機構:富邦綜合證券股份有限公司股務代理部\n16.簽證機構:不適用。\n17.能轉換股份者，其轉換辦法:相關轉換辦法將依有關法令辦理，並報准證券\n  主管機關後另行公告。\n18.賣回條件:相關轉換辦法將依有關法令辦理，並報准證券主管機關後另行公告。\n19.買回條件:相關轉換辦法將依有關法令辦理，並報准證券主管機關後另行公告。\n20.附有轉換、交換或認股者，其換股基準日:相關轉換辦法將依有關法令辦理，\n  並報准證券主管機關後另行公告。\n21.附有轉換、交換或認股者，對股權可能稀釋情形:相關轉換辦法將依有關法令\n  辦理，並報准證券主管機關後另行公告。\n22.現金減資後再行募資之合理性及必要性\n(募資當年度及前一年度有辦理現金減資者適用):不適用。\n23.其他應敘明事項:本次發行國內第一次及第二次無擔保轉換公司債之發行條件、\n發行時程及發行及轉換辦法之訂定，以及計畫所需資金總額、資金來源、計畫項目、\n資金運用進度、預計可能產生效益及其他發行相關事宜，如遇有法令變更，經主管機關\n指示修正或因應客觀環境因素而需訂定或修正時，擬授權董事長全權處理之。""]], ""footer"": [""以上資料均由各公司依發言當時所屬市場別之規定申報後，由本系統對外公佈，資料如有虛偽不實，均由該公司負責。""], ""header"": {""note"": [], ""subTitle"": [], ""mainTitle"": [""公司當日重大訊息之詳細內容""]}, ""titles"": [{""main"": ""序號"", ""sub"": []}, {""main"": ""發言日期"", ""sub"": []}, {""main"": ""發言時間"", ""sub"": []}, {""main"": ""發言人"", ""sub"": []}, {""main"": ""發言人職稱"", ""sub"": []}, {""main"": ""發言人電話"", ""sub"": []}, {""main"": ""主旨"", ""sub"": []}, {""main"": ""符合條款"", ""sub"": []}, {""main"": ""事實發生日"", ""sub"": []}, {""main"": ""說明"", ""sub"": []}], ""companyAbbreviation"": ""兆聯實業""}, ""datetime"": ""115/08/06 19:39:51""}",2026-08-06 19:39:34
1150806|sii|2354|4,115/08/06,18:24:47,2354,鴻準,公告本公司董事會決議通過子公司衡準智能顯示股份有限公司現金增資案,現金增資,1150806,sii,4,"{""code"": 200, ""message"": ""查詢成功"", ""result"": {""marketName"": ""上市公司"", ""companyId"": ""2354"", ""data"": [[4, ""115/08/06"", ""18:24:47"", ""林鈺凱"", ""資深專案經理"", ""02-22680970"", ""公告本公司董事會決議通過子公司衡準智能顯示股份有限公司現金增資案"", ""20"", ""115/08/06"", ""1.標的物之名稱及性質（屬特別股者，並應標明特別股約定發行條件，如股息率等）:\r\n衡準智能顯示股份有限公司普通股\r\n2.事實發生日:115/8/6~115/8/6\r\n3.董事會通過日期: 民國115年8月6日\r\n4.其他核決日期: 不適用\r\n5.交易數量、每單位價格及交易總金額:\r\n交易數量：31,000,000股\n每單位價格：新台幣10元\n交易總金額：新台幣310,000,000元\r\n6.交易相對人及其與公司之關係（交易相對人如屬自然人，且非公司之\r\n關係人者，得免揭露其姓名）:\r\n現金增資不適用；母子公司\r\n7.交易相對人為關係人者，並應公告選定關係人為交易對象之原因及前次移\r\n轉之所有人、前次移轉之所有人與公司及交易相對人間相互之關係、前次\r\n移轉日期及移轉金額:\r\n不適用\r\n8.交易標的最近五年內所有權人曾為公司之關係人者，尚應公告關係人之取\r\n得及處分日期、價格及交易當時與公司之關係:\r\n不適用\r\n9.本次係處分債權之相關事項（含處分之債權附隨擔保品種類、處分債權\r\n如有屬對關係人債權者尚需公告關係人名稱及本次處分該關係人之債權\r\n帳面金額:\r\n不適用\r\n10.處分利益（或損失）（取得有價證券者不適用）（原遞延者應列表說明\r\n認列情形）:\r\n不適用\r\n11.交付或付款條件（含付款期間及金額）、契約限制條款及其他重要約定\r\n事項:\r\n不適用\r\n12.本次交易之決定方式、價格決定之參考依據及決策單位:\r\n董事會\r\n13.取得或處分有價證券標的公司每股淨值:\r\n9.95元\r\n14.迄目前為止，累積持有本交易證券（含本次交易）之數量、金額、持股\r\n比例及權利受限情形（如質押情形）:\r\n累積持有數量：60,000,000股\n累積持有金額：新台幣600,000,000元\n持股比例：100%\n權利受限情形：無\r\n15.迄目前為止，依「公開發行公司取得或處分資產處理準則」第三條所列\r\n之有價證券投資（含本次交易）占公司最近期財務報表中總資產及歸屬\r\n於母公司業主之權益之比例暨最近期財務報表中營運資金數額（註二）:\r\n占總資產比例：8.67%\n占業主權益比例：11.26%\n營運資金：新台幣-9,056,545仟元\r\n16.經紀人及經紀費用:\r\n無\r\n17.取得或處分之具體目的或用途:\r\n長期投資\r\n18.本次交易表示異議董事之意見:\r\n無\r\n19.本次交易為關係人交易:是\r\n20.監察人承認或審計委員會同意日期:\r\n民國115年8月6日\r\n21.本次交易會計師出具非合理性意見:不適用\r\n22.會計師事務所名稱:\r\n不適用\r\n23.會計師姓名:\r\n不適用\r\n24.會計師開業證書字號:\r\n不適用\r\n25.是否涉及營運模式變更:否\r\n26.營運模式變更說明:\r\n不適用\r\n27.過去一年及預計未來一年內與交易相對人交易情形:\r\n不適用\r\n28.資金來源:\r\n自有資金\r\n29.前已就同一件事件發布重大訊息日期: 不適用\r\n30.其他敘明事項:\r\n無""]], ""footer"": [""以上資料均由各公司依發言當時所屬市場別之規定申報後，由本系統對外公佈，資料如有虛偽不實，均由該公司負責。""], ""header"": {""note"": [], ""subTitle"": [], ""mainTitle"": [""公司當日重大訊息之詳細內容""]}, ""titles"": [{""main"": ""序號"", ""sub"": []}, {""main"": ""發言日期"", ""sub"": []}, {""main"": ""發言時間"", ""sub"": []}, {""main"": ""發言人"", ""sub"": []}, {""main"": ""發言人職稱"", ""sub"": []}, {""main"": ""發言人電話"", ""sub"": []}, {""main"": ""主旨"", ""sub"": []}, {""main"": ""符合條款"", ""sub"": []}, {""main"": ""事實發生日"", ""sub"": []}, {""main"": ""說明"", ""sub"": []}], ""companyAbbreviation"": ""鴻準""}, ""datetime"": ""115/08/06 19:39:52""}",2026-08-06 19:39:34
1150806|sii|2354|6,115/08/06,18:25:22,2354,鴻準,公告本公司董事會決議買回庫藏股事宜,庫藏股,1150806,sii,6,"{""code"": 200, ""message"": ""查詢成功"", ""result"": {""marketName"": ""上市公司"", ""companyId"": ""2354"", ""data"": [[6, ""115/08/06"", ""18:25:22"", ""林鈺凱"", ""資深專案經理"", ""02-22680970"", ""公告本公司董事會決議買回庫藏股事宜"", ""35"", ""115/08/06"", ""1.董事會決議日期:115/08/06\r\n2.買回股份目的:轉讓股份予員工\r\n3.買回股份種類:普通股\r\n4.買回股份總金額上限(元):93,996,761,474\r\n5.預定買回之期間:115/08/07~115/10/06\r\n6.預定買回之數量(股):5,000,000\r\n7.買回區間價格(元):50.00~83.00，公司股價低於區間價格下限，將繼續買回\r\n8.買回方式:自集中交易市場買回\r\n9.預定買回股份占公司已發行股份總數之比率(%):0.3535\r\n10.申報時已持有本公司股份之累積股數(股):0\r\n11.申報前五年內買回公司股份之情形:\r\n無買回\r\n12.已申報買回但未執行完畢之情形:\r\n無此情事\r\n13.董事會決議買回股份之會議紀錄:\r\n案 由：公司擬執行買回本公司股份轉讓予員工案\r\n說 明：一、本公司為激勵員工及提昇員工向心力，擬依證券交易法第28條之2及「上市上櫃公司買\r\n回本公司股份辦法」第二條規定辦理執行買回庫藏股以轉讓予員工。\r\n二、擬自證券商營業處所買回本公司股份，相關事項如下：\r\n(一)買回股份之目的：轉讓予員工。\r\n(二)買回股份之種類：普通股。\r\n(三)買回股份之總金額上限：新台幣93,996,761仟元。\r\n(四)預定買回之期間：115年8月7日 至 115年10月6日\r\n(五)預定買回之數量：5,000,000股，佔本公司流通在外股數0.3535%。本公司係以自有資金收購本\r\n次庫藏股，故本次買回股份並不影響本公司基本之維持及財務狀況。\r\n(六)買回之區間價格：每股新台幣50元至83元，當本公司股價低於所定買回區間價格下限時，將繼\r\n續買回股份。\r\n(七)買回之方式：自證券商營業處所買回。\r\n三、檢附證券商對買回股份價格之合理性評估意見、董事會聲明書，請參閱附件十九及附件二十。\r\n四、本案於相關法令許可範圍內，擬授權董事長及其指定之人辦理公告、申報及相關執行庫藏股買回\r\n等事宜。\r\n五、本案經審計暨風險委員會同意，提請董事會決議。\r\n決議：本案經主席徵詢出席董事，全體無異議照案通過。\r\n14.「上市上櫃公司買回本公司股份辦法」第十條規定之轉讓辦法:\r\n鴻準精密工業股份有限公司\r\n買回股份轉讓員工辦法\r\n第一條 目的\r\n本公司為激勵員工及提昇員工向心力，依據證券交易法第二十八條之二第一項第一款及金融監督管理\r\n委員會發布之「上市上櫃公司買回本公司股份辦法」等相關規定，訂定本公司買回股份轉讓員工辦法。\r\n第二條 適用範圍\r\n本公司買回股份轉讓員工，除法令或章程另有規定者外，應依本辦法辦理。\r\n第三條 受讓人之資格及認購股數\r\n本辦法之受讓人係以於認購基準日前到職滿一年以上之本公司員工及本公司直接或間接持有同一被投\r\n資公司表決權股份超過百分之五十之子公司員工。轉讓之對象於員工認股基準日至認股繳款截止日期間\r\n離職者\r\n(含自願離職及解雇)、留職停薪、退休及資遣者，喪失認購資格。\r\n另員工認股比例及股數之決定，係以其職稱、職等、薪資、服務年資、績效表現及其對公司之貢獻等\r\n因素為原則。\r\n前項受讓人之資格及得認購股數，將依轉讓當時之相關法令規定，並參酌公司營運需求及業務發展策\r\n略與方針所需，\r\n提報董事會決議之。\r\n轉讓之員工具經理人身份者，應先經薪資報酬委員會同意後再提報董事會決議；轉讓之員工非具經理\r\n人身份者，應先經審計暨風險委員會同意後再提報董事會決議。\r\n第四條 轉讓股份之種類，權利內容及權利受限情形\r\n本公司轉讓予員工之庫藏股份均為普通股，其權利義務除有關法令及本辦法另有規定者外，與原有已\r\n發行之股份相同。\r\n第五條 轉讓期間\r\n買回之庫藏股份轉讓期間依法自買回股份之日起五年內，一次或分次轉讓予員工，逾期未轉讓部份，\r\n視為本公司未發行股份，應依法辦理銷除股份變更登記。\r\n各次轉讓作業之員工認股繳款期間及相關事宜，授權董事長另行訂定。\r\n第六條 轉讓之程序\r\n本次買回股份轉讓予員工之作業程序： \r\n一、依董事會之決議，公告、申報並於執行期限內買回本公司股份。\r\n二、董事會依本辦法訂定及公布符合資格之員工名單、員工認股基準日、得認購股數標準、認購繳款\r\n期間、轉讓期間、權利內容及限制條件等作業事項。 \r\n三、統計實際認購繳款股數，辦理股票轉讓過戶登記。\r\n第七條 約定之每股轉讓價格 \r\n庫藏股每股轉讓價格，以庫藏股實際買回之平均價格為轉讓價格。惟在轉讓前，如遇公司已發行之普\r\n通股股份增加或減少，得按發行股份增加或減少比率調整之；或依據本公司章程規定，以低於實際買回\r\n之平均\r\n價格轉讓予員工者，應於轉讓前，提經最近一次股東會有代表已發行股份總數過半數股東之出席，出席\r\n股東表\r\n決權三分之二以上之同意，並應於該次股東會召集事由中列舉說明「上市上櫃公司買回本公司股份辦\r\n法」第\r\n10條之1規定事項，始得辦理。\r\n調整後轉讓價格〔四捨五入計算至小數點後第二位止〕= 實際平均買回價格 X (公司買回股份執行\r\n完畢時之普通股股份總數 ÷ 公司轉讓買回股份予員工前之普通股股份總數)。\r\n第八條：轉讓後之權利義務 \r\n買回股份轉讓予員工並辦理過戶登記後，除另有規定者外，餘權利義務與原有股份相同。\r\n第九條：其他有關公司與員工權利義務事項\r\n本公司買回股份轉讓予員工，其所發生之稅捐及費用應依相關法令由公司或員工各自負擔。\r\n第十條：\r\n本辦法經董事會通過後生效，修正時亦同。\r\n中華民國一一五年八月六日 訂定\r\n15.「上市上櫃公司買回本公司股份辦法」第十一條規定之轉換或認股辦法:\r\n不適用\r\n16.董事會已考慮公司財務狀況，不影響公司資本維持之聲明:\r\n上述買回股份總數，僅占本公司已發行股份之百分之0.3535，且買回股份所需金額上限僅占本公司流\r\n動資產之百分之0.2980。買回之區間價格為每股新台幣50元至83元，當本公司股價低於所定買回區間\r\n價格下限時，將繼續買回股份。茲聲明本公司董事會已考慮公司財務狀況，上述股份之買回並不影響本\r\n公司資本之維持。\r\n17.會計師或證券承銷商對買回股份價格之合理性評估意見:\r\n福邦證券股份有限公司評估鴻準精密工業股份有限公司本次買回公司股份訂定之價格區間，其決策過程\r\n具合法性，價格區間之訂定及對公司財務之影響亦尚屬合理，尚無重大異常情事。\r\n18.其他證期局所規定之事項:\r\n無""]], ""footer"": [""以上資料均由各公司依發言當時所屬市場別之規定申報後，由本系統對外公佈，資料如有虛偽不實，均由該公司負責。""], ""header"": {""note"": [], ""subTitle"": [], ""mainTitle"": [""公司當日重大訊息之詳細內容""]}, ""titles"": [{""main"": ""序號"", ""sub"": []}, {""main"": ""發言日期"", ""sub"": []}, {""main"": ""發言時間"", ""sub"": []}, {""main"": ""發言人"", ""sub"": []}, {""main"": ""發言人職稱"", ""sub"": []}, {""main"": ""發言人電話"", ""sub"": []}, {""main"": ""主旨"", ""sub"": []}, {""main"": ""符合條款"", ""sub"": []}, {""main"": ""事實發生日"", ""sub"": []}, {""main"": ""說明"", ""sub"": []}], ""companyAbbreviation"": ""鴻準""}, ""datetime"": ""115/08/06 19:39:52""}",2026-08-06 19:39:34
1150806|sii|6515|2,115/08/06,18:40:41,6515,穎崴,公告本公司國內第二次無擔保轉換公司債轉換普通股之增資基準日,公司債,1150806,sii,2,"{""code"": 200, ""message"": ""查詢成功"", ""result"": {""marketName"": ""上市公司"", ""companyId"": ""6515"", ""data"": [[2, ""115/08/06"", ""18:40:41"", ""陳紹焜"", ""執行副總經理"", ""03-6568282"", ""公告本公司國內第二次無擔保轉換公司債轉換普通股之增資基準日"", ""11"", ""115/08/06"", ""1.董事會決議日期:115/08/06\n2.增資資金來源:國內第二次無擔保轉換公司債\n3.是否採總括申報發行新股(是，請併敘明預定發行期間/否):否\n4.全案發行總金額及股數(如屬盈餘或公積轉增資，發行股數則不含配發給員工部分):\n發行總金額:新臺幣4,067,400元\n發行股數:406,740股\n5.採總括申報發行新股案件，本次發行金額及股數:不適用\n6.採總括申報發行新股案件，本次發行後，剩餘之金額及股數餘額:不適用\n7.每股面額:新臺幣10元\n8.發行價格:不適用\n9.員工認購股數或配發金額:不適用\n10.公開銷售股數:不適用\n11.原股東認購或無償配發比例:不適用\n12.畸零股及逾期未認購股份之處理方式:不適用\n13.本次發行新股之權利義務:與原發行普通股股份相同\n14.本次增資資金用途:不適用\n15.現金減資後再行募資之合理性及必要性\n(募資當年度及前一年度有辦理現金減資者適用):不適用\n16.其他應敘明事項:訂定115年8月6日為公司債轉換普通股之增資基準日，\n並依法令規定辦理相關變更登記事宜。""]], ""footer"": [""以上資料均由各公司依發言當時所屬市場別之規定申報後，由本系統對外公佈，資料如有虛偽不實，均由該公司負責。""], ""header"": {""note"": [], ""subTitle"": [], ""mainTitle"": [""公司當日重大訊息之詳細內容""]}, ""titles"": [{""main"": ""序號"", ""sub"": []}, {""main"": ""發言日期"", ""sub"": []}, {""main"": ""發言時間"", ""sub"": []}, {""main"": ""發言人"", ""sub"": []}, {""main"": ""發言人職稱"", ""sub"": []}, {""main"": ""發言人電話"", ""sub"": []}, {""main"": ""主旨"", ""sub"": []}, {""main"": ""符合條款"", ""sub"": []}, {""main"": ""事實發生日"", ""sub"": []}, {""main"": ""說明"", ""sub"": []}], ""companyAbbreviation"": ""穎崴""}, ""datetime"": ""115/08/06 19:39:53""}",2026-08-06 19:39:34
1150805|otc|6560|2,115/08/05,18:27:16,6560,欣普羅,公告本公司董事會決議114年第二次私募普通股定價相關事宜,私募普通股,1150805,otc,2,"{""code"": 200, ""message"": ""查詢成功"", ""result"": {""marketName"": ""上櫃公司"", ""companyId"": ""6560"", ""data"": [[2, ""115/08/05"", ""18:27:16"", ""劉繼鴻"", ""副總經理"", ""02-89944718"", ""公告本公司董事會決議114年第二次私募普通股定價相關事宜"", ""11"", ""115/08/05"", ""1.董事會決議日期:115/08/05\n2.私募有價證券種類:普通股\n3.私募對象及其與公司間關係:\n  本次私募對象為深志科技股份有限公司，非本公司之內部人或關係人，符合證券交易\n  法第43條之6等相關法令規定及主管機關相關函釋所定之特定人，且為策略性投資人。\n4.私募股數或張數:1,000,000股\n5.得私募額度:\n  本公司114年10月3日股東臨時會決議通過以不超過12,000,000股額度內授權董事會以\n  私募方式辦理現金增資發行新股，自股東臨時會決議日起一年內一次或分次（最多不\n  超過三次）辦理。\n6.私募價格訂定之依據及合理性:\n   (1)本次私募普通股發行股價格之訂定，股東臨時會決議通過以不低於本公司定價日\n      前下列二基準計算價格較高者之七成訂定：\n     (A)定價日前1、3或5個營業日擇一計算普通股收盤價簡單算數平均數扣除無償配\n        股除權及配息，並加回減資反除權後之股價分別為32.15元、32.08元及31.4\n        元，擇前5個營業日之收盤均價31.4元為基準。\n     (B)定價日前30個營業日普通股收盤價簡單算數平均數扣除無償配股除權及配息，\n        並加回減資反除權後之股價為35.7元。\n   (2)本次私募參考價格之訂定取二基準較高者為35.7元，本次實際私募價格為30元，\n      為參考價格之84.03%，未低於股東臨時會決議之最低成數。\n7.本次私募資金用途:\n  充實營運資金及因應公司長期營運發展。\n8.不採用公開募集之理由:\n  考量私募方式相對具迅速簡便之時效性及私募有價證券受限於三年內不得自由轉讓之\n  規定，將可更為確保公司與策略性投資人間之長期合作關係，故不採用公開募集而擬\n  以私募方式發行有價證券。\n9.獨立董事反對或保留意見:無。\n10.實際定價日:115/08/05\n11.參考價格:每股新台幣35.7元\n12.實際私募價格、轉換或認購價格:每股新台幣30元\n13.本次私募新股之權利義務:\n   本次私募之普通股其權利義務原則上與本公司已發行之普通股相同，惟依證券交易法\n   規定，私募之普通股於交付日起三年內，除依證券交易法第四十三條之八規定辦理轉\n   讓外，不得自由轉讓。本次私募之普通股自交付日起滿三年後，視當時狀況決定是否\n   依相關規定向財團法人中華民國證券櫃檯買賣中心取得核發上櫃標準之同意函後申請\n   補辦公開發行程序，並申請上櫃交易。\n14.附有轉換、交換或認股者，其換股基準日:不適用。\n15.附有轉換、交換或認股者，對股權可能稀釋情形:不適用。\n16.附有轉換或認股者，於私募公司債交付且假設全數轉換或認購普通股後對上櫃普通股\n股權比率之可能影響（上櫃普通股數A、A/已發行普通股）:不適用。\n17.前項預計上櫃普通股未達500萬股且未達25%者，請說明股權流通性偏低之因應措施:\n   不適用。\n18.其他應敘明事項:\n    (1)私募普通股繳款期間：115年8月5日至115年8月19日止。\n    (2)增資基準日：115年8月19日。\n    (3)本次私募現金增資發行普通股如有未盡事宜，或因法令變更、依主管機關指示或\n       因應客觀環境而需修正時，擬提請董事會授權董事長全權處理之。""]], ""footer"": [""以上資料均由各公司依發言當時所屬市場別之規定申報後，由本系統對外公佈，資料如有虛偽不實，均由該公司負責。""], ""header"": {""note"": [], ""subTitle"": [], ""mainTitle"": [""公司當日重大訊息之詳細內容""]}, ""titles"": [{""main"": ""序號"", ""sub"": []}, {""main"": ""發言日期"", ""sub"": []}, {""main"": ""發言時間"", ""sub"": []}, {""main"": ""發言人"", ""sub"": []}, {""main"": ""發言人職稱"", ""sub"": []}, {""main"": ""發言人電話"", ""sub"": []}, {""main"": ""主旨"", ""sub"": []}, {""main"": ""符合條款"", ""sub"": []}, {""main"": ""事實發生日"", ""sub"": []}, {""main"": ""說明"", ""sub"": []}], ""companyAbbreviation"": ""欣普羅""}, ""datetime"": ""115/08/06 19:39:54""}",2026-08-06 19:39:34
1150803|otc|3141|2,115/08/05,18:36:06,3141,晶宏,公告本公司國內第四次無擔保轉換公司債收足債款,公司債,1150803,otc,2,"{""code"": 200, ""message"": ""查詢成功"", ""result"": {""marketName"": ""上櫃公司"", ""companyId"": ""3141"", ""data"": [[2, ""115/08/05"", ""18:36:06"", ""徐豫東"", ""總經理"", ""02-87978947"", ""公告本公司國內第四次無擔保轉換公司債收足債款"", ""53"", ""115/08/05"", ""1.事實發生日:115/08/05\n2.公司名稱:晶宏半導體股份有限公司\n3.與公司關係(請輸入本公司或子公司):本公司\n4.相互持股比例:不適用\n5.發生緣由:依據「發行人募集與發行有價證券處理準則」第九條第一項第二款規定\n辦理公告，本公司發行國內第四次無擔保轉換公司債至公告日止，債款代收銀行已\n收足所有應募款項共計新臺幣505,000,000元整，並匯撥至存儲專戶銀行，特此公告。\n6.因應措施:無。\n7.其他應敘明事項(若事件發生或決議之主體係屬公開發行以上公司，\n本則重大訊息同時符合證券交易法施行細則第7條第9款所定\n對股東權益或證券價格有重大影響之事項):無。""]], ""footer"": [""以上資料均由各公司依發言當時所屬市場別之規定申報後，由本系統對外公佈，資料如有虛偽不實，均由該公司負責。""], ""header"": {""note"": [], ""subTitle"": [], ""mainTitle"": [""公司當日重大訊息之詳細內容""]}, ""titles"": [{""main"": ""序號"", ""sub"": []}, {""main"": ""發言日期"", ""sub"": []}, {""main"": ""發言時間"", ""sub"": []}, {""main"": ""發言人"", ""sub"": []}, {""main"": ""發言人職稱"", ""sub"": []}, {""main"": ""發言人電話"", ""sub"": []}, {""main"": ""主旨"", ""sub"": []}, {""main"": ""符合條款"", ""sub"": []}, {""main"": ""事實發生日"", ""sub"": []}, {""main"": ""說明"", ""sub"": []}], ""companyAbbreviation"": ""晶宏""}, ""datetime"": ""115/08/06 19:39:55""}",2026-08-06 19:39:34
1150805|otc|6903|1,115/08/05,18:49:14,6903,巨漢,公告本公司國內第二次無擔保轉換公司債收足債款,公司債,1150805,otc,1,"{""code"": 200, ""message"": ""查詢成功"", ""result"": {""marketName"": ""上櫃公司"", ""companyId"": ""6903"", ""data"": [[1, ""115/08/05"", ""18:49:14"", ""羅瑞鴻"", ""總經理"", ""(03)5326677"", ""公告本公司國內第二次無擔保轉換公司債收足債款"", ""53"", ""115/08/05"", ""1.事實發生日:115/08/05\n2.公司名稱:巨漢系統科技股份有限公司\n3.與公司關係(請輸入本公司或子公司):本公司\n4.相互持股比例:不適用\n5.發生緣由:依據「發行人募集與發行有價證券處理準則」第九條第一項第二款規定\n辦理公告，本公司發行國內第二次無擔保轉換公司債至公告日止，債款代收銀行已\n收足所有應募款項共計新臺幣1,161,203,270元整，並匯撥至存儲專戶銀行，特此公告。\n6.因應措施:無\n7.其他應敘明事項(若事件發生或決議之主體係屬公開發行以上公司，\n本則重大訊息同時符合證券交易法施行細則第7條第9款所定\n對股東權益或證券價格有重大影響之事項):無""]], ""footer"": [""以上資料均由各公司依發言當時所屬市場別之規定申報後，由本系統對外公佈，資料如有虛偽不實，均由該公司負責。""], ""header"": {""note"": [], ""subTitle"": [], ""mainTitle"": [""公司當日重大訊息之詳細內容""]}, ""titles"": [{""main"": ""序號"", ""sub"": []}, {""main"": ""發言日期"", ""sub"": []}, {""main"": ""發言時間"", ""sub"": []}, {""main"": ""發言人"", ""sub"": []}, {""main"": ""發言人職稱"", ""sub"": []}, {""main"": ""發言人電話"", ""sub"": []}, {""main"": ""主旨"", ""sub"": []}, {""main"": ""符合條款"", ""sub"": []}, {""main"": ""事實發生日"", ""sub"": []}, {""main"": ""說明"", ""sub"": []}], ""companyAbbreviation"": ""巨漢""}, ""datetime"": ""115/08/06 19:39:55""}",2026-08-06 19:39:34
1150805|otc|6570|2,115/08/06,14:06:04,6570,維田,公告本公司國內第二次無擔保轉換公司債之轉換價格及溢價率,公司債,1150805,otc,2,"{""code"": 200, ""message"": ""查詢成功"", ""result"": {""marketName"": ""上櫃公司"", ""companyId"": ""6570"", ""data"": [[2, ""115/08/06"", ""14:06:04"", ""劉則瑩"", ""總經理"", ""(02)8226-2881"", ""公告本公司國內第二次無擔保轉換公司債之轉換價格及\r\n溢價率"", ""53"", ""115/08/06"", ""1.事實發生日:115/08/06\n2.公司名稱:維田科技股份有限公司\n3.與公司關係(請輸入本公司或子公司):本公司\n4.相互持股比例:不適用\n5.發生緣由:依據本公司「國內第二次無擔保轉換公司債發行及轉換辦法」辦理\n6.因應措施:無\n7.其他應敘明事項(若事件發生或決議之主體係屬公開發行以上公司，\n本則重大訊息同時符合證券交易法施行細則第7條第9款所定\n對股東權益或證券價格有重大影響之事項):\n(1)本公司發行國內第二次無擔保轉換公司債業經金融監督管理委員會115年07月30日\n   金管證發字第1150350270號函申報生效在案。\n(2)以115/08/06為轉換價格訂定基準日之前一個營業日普通股平均收盤價\n   52.58元為基準價格，轉換溢價率為106.00%。\n(3)以上述方式訂定轉換價格為每股新台幣55.73元。""]], ""footer"": [""以上資料均由各公司依發言當時所屬市場別之規定申報後，由本系統對外公佈，資料如有虛偽不實，均由該公司負責。""], ""header"": {""note"": [], ""subTitle"": [], ""mainTitle"": [""公司當日重大訊息之詳細內容""]}, ""titles"": [{""main"": ""序號"", ""sub"": []}, {""main"": ""發言日期"", ""sub"": []}, {""main"": ""發言時間"", ""sub"": []}, {""main"": ""發言人"", ""sub"": []}, {""main"": ""發言人職稱"", ""sub"": []}, {""main"": ""發言人電話"", ""sub"": []}, {""main"": ""主旨"", ""sub"": []}, {""main"": ""符合條款"", ""sub"": []}, {""main"": ""事實發生日"", ""sub"": []}, {""main"": ""說明"", ""sub"": []}], ""companyAbbreviation"": ""維田""}, ""datetime"": ""115/08/06 19:39:56""}",2026-08-06 19:39:34
1150804|otc|6982|2,115/08/06,14:27:08,6982,大井泵浦,公告本公司國內第二次無擔保轉換公司債115年第2季轉換發行新股之增資基準日,公司債,1150804,otc,2,"{""code"": 200, ""message"": ""查詢成功"", ""result"": {""marketName"": ""上櫃公司"", ""companyId"": ""6982"", ""data"": [[2, ""115/08/06"", ""14:27:08"", ""張登溪"", ""財務長"", ""2768-0189"", ""公告本公司國內第二次無擔保轉換公司債115年第2季\r\n轉換發行新股之增資基準日"", ""11"", ""115/08/06"", ""1.董事會決議日期:115/08/06\n2.增資資金來源:國內第二次無擔保轉換公司債\n3.是否採總括申報發行新股(是，請併敘明預定發行期間/否):否\n4.全案發行總金額及股數(如屬盈餘或公積轉增資，發行股數則不含配發給員工部分):\n國內第二次無擔保轉換公司債:發行總金額新台幣32,360元，發行總股數3,236股\n5.採總括申報發行新股案件，本次發行金額及股數:不適用\n6.採總括申報發行新股案件，本次發行後，剩餘之金額及股數餘額:不適用\n7.每股面額:10元\n8.發行價格:不適用\n9.員工認購股數或配發金額:不適用\n10.公開銷售股數:不適用\n11.原股東認購或無償配發比例(請註明暫定每仟股認購或配發股數):不適用\n12.畸零股及逾期未認購股份之處理方式:不適用\n13.本次發行新股之權利義務:與原發行普通股股份相同\n14.本次增資資金用途:不適用\n15.現金減資後再行募資之合理性及必要性\n(募資當年度及前一年度有辦理現金減資者適用):不適用\n16.其他應敘明事項:\n(1)本次公司債轉換發行新股之增資基準日為115年8月6日，並依法令規定辦理變更\n   登記事宜。\n(2)增資前實收資本額：新台幣407,491,450元，\n   增資後實收資本額：新台幣407,523,810元。""]], ""footer"": [""以上資料均由各公司依發言當時所屬市場別之規定申報後，由本系統對外公佈，資料如有虛偽不實，均由該公司負責。""], ""header"": {""note"": [], ""subTitle"": [], ""mainTitle"": [""公司當日重大訊息之詳細內容""]}, ""titles"": [{""main"": ""序號"", ""sub"": []}, {""main"": ""發言日期"", ""sub"": []}, {""main"": ""發言時間"", ""sub"": []}, {""main"": ""發言人"", ""sub"": []}, {""main"": ""發言人職稱"", ""sub"": []}, {""main"": ""發言人電話"", ""sub"": []}, {""main"": ""主旨"", ""sub"": []}, {""main"": ""符合條款"", ""sub"": []}, {""main"": ""事實發生日"", ""sub"": []}, {""main"": ""說明"", ""sub"": []}], ""companyAbbreviation"": ""大井泵浦""}, ""datetime"": ""115/08/06 19:39:57""}",2026-08-06 19:39:34
1150806|otc|6228|2,115/08/06,14:31:16,6228,全譜,公告董事會決議通過私募普通股定價相關事宜,私募普通股,1150806,otc,2,"{""code"": 200, ""message"": ""查詢成功"", ""result"": {""marketName"": ""上櫃公司"", ""companyId"": ""6228"", ""data"": [[2, ""115/08/06"", ""14:31:16"", ""陳素花"", ""財務長"", ""86921800-305"", ""公告董事會決議通過私募普通股定價相關事宜"", ""11"", ""115/08/06"", ""1.董事會決議日期:115/08/06\n2.私募有價證券種類:普通股\n3.私募對象及其與公司間關係:以符合證券交易法第43條之6及「公開發行公司辦理\n私募有價證券應注意事項」等相關函令規定之特定人，並授權董事會以對公司未來\n之營運能產生直接或間接助益之策略性投資人為首要考量。\n(1).本公司目前洽定應募人名單如下：\n       應募人\t               與公司之關係\n 三德觀光大飯店股份有限公司   本公司之法人董事\n 三德投資股份有限公司\t       本公司持股10%之大股東\n 偉佳投資股份有限公司\t       本公司之關係人\n 高偉超\t               本公司之董事長\n 曾治元\t               本公司之總經理\n 王克寰\t               本公司之法人代表董事\n 黃永烈\t               本公司之法人代表董事\n 楊文中\t               本公司之獨立董事(上屆)\n 陳博光\t               本公司之獨立董事(上屆)\n 葉青樺                       本公司之獨立董事\n(2).法人應募人之前十大股東、持股比例及與本公司之關係:\n  法人應募人           前十大股東      持股比例 與本公司關係\n三德觀光大飯店(股)公司 巨佳有限公司     23.49%  本公司之關係人\n                       偉佳投資(股)公司 19.16%  本公司之關係人\n                       三德投資(股)公司 17.63%  本公司持股10%之大股東\n                       高偉超           10.25%  本公司董事長\n                       興三愛電子(股)公司7.62%  無關係\n                       高韻婷            6.53%  董事長二親等\n                       高韻清            6.53%  董事長二親等\n                       高韻嵐            6.53%  董事長二親等\n                       高吳淑慧          1.91%  無關係\n                       王雪梅            0.10%  無關係\n三德投資股份有限公司   巨佳有限公司     42.42%  本公司之關係人\n                       高偉超           30.43%  本公司董事長\n                       高韻嵐            8.77%  董事長二親等\n                       高韻婷            8.73%  董事長二親等\n                       高韻清            7.10%  董事長二親等\n                       緁羿敏有限公司    1.52%  董事長與本公司董事長為二親等\n                       高翊緁            1.02%  董事長三親等\n                       裴佳慧            0.01%  董事長配偶\n偉佳投資股份有限公司   薩摩亞商偉佳國際股份有限公司\n                                       100.00%  無關係\n4.私募股數或張數:3000000股\n5.得私募額度:以不超過三千四佰萬股普通股之額度內，於股東會決議後一年內分\n1-3次施行。\n6.私募價格訂定之依據及合理性:\n(1).本次私募普通股價格之訂定，以115年8月6日董事會為定價日，應不低於本公\n司定價日前下列二基準計算價格較高者之八成。\nA、定價日前一、三或五個營業日擇一計算普通股收盤價簡單算數平均數扣除無償配股\n除權及配息，並加回減資反除權後之股價。\nB、定價日前三十個營業日普通股收盤價簡單算數平均數扣除無償配股除權及配息，\n並加回減資反除權後之股價。\n(2)依不低於上述兩基準計算價格較高者之八成訂定之，前一日收盤價為17.8元，前\n三日收盤均價為17.77元，前五日收盤均價為17.81元，前三十日收盤均價為19.14元，\n兩基準計算價格計算較高之訂定參考價為19.14元。依股東會決議實際發行價格\n以不低於參考價之八成為依據。本次私募定價為15.32元。\n7.本次私募資金用途:\n各分次私募資金用途：為因應本公司未來業務發展及產業轉型過程中所需的營運\n資金或償還銀行借款，亦可強化整體財務結構。\n各分次私募預計達成效益：預計藉由應募人之加入，可加速本公司在產品與市場發展之\n契機，有助於公司穩定成長，並可改善公司財務結構，配合公司業務發展及擴充營\n業項目，提升營運效能，強化公司競爭力，對股東權益應有正面助益。\n8.不採用公開募集之理由:\n考量公司目前營運狀況、實際籌資市場狀況掌握不易及籌資資本之時效性、便利性、\n發行成本等因素，若透過授權董事會視公司營運實際需求辦理私募，將可達籌資之機\n動性與靈活性，有助公司未來穩定發展，是以採私募方式辦理現金增資發行新股確有\n其必要性。\n9.獨立董事反對或保留意見:無。\n10.實際定價日:115/08/06\n11.參考價格:19.14\n12.實際私募價格、轉換或認購價格:15.32\n13.本次私募新股之權利義務:\n原則上與本公司已發行之普通股相同，惟該等私募增資股份依證券交易法等相關法\n令規定，於交付日後三年內，除依證券交易法第43條之8規定之轉讓對象外，其餘不\n得自由轉讓。於股份交付日起滿三年後，授權董事會視當時狀況決定是否依相關規\n定向財團法人中華民國櫃檯買賣中心取得核發上櫃標準之同意函，並向其申報補辦\n公開發行及上櫃交易。\n14.附有轉換、交換或認股者，其換股基準日:不適用。\n15.附有轉換、交換或認股者，對股權可能稀釋情形:不適用。\n16.附有轉換或認股者，於私募公司債交付且假設全數轉換或認購普通股後對上櫃普通股\n股權比率之可能影響（上櫃普通股數A、A/已發行普通股）:不適用。\n17.前項預計上櫃普通股未達500萬股且未達25%者，請說明股權流通性偏低之因應措施:\n不適用。\n18.其他應敘明事項:\n本次私募有價證券於提報股東會決議之日起一年內辦理，其重要計劃內容，包括發行　\n價格、發行股數、發行條件、計劃項目、募集金額、預計資金運用進度及預計可能產\n生之效益等相關事項及若因主管機關核定或基於營運評估或因客觀環境需要變更時，\n授權董事會全權處理之。\n本次私募之股款繳納期限為115年8月07日至115年8月12日止。\n私募增資基準日：115/8/12""]], ""footer"": [""以上資料均由各公司依發言當時所屬市場別之規定申報後，由本系統對外公佈，資料如有虛偽不實，均由該公司負責。""], ""header"": {""note"": [], ""subTitle"": [], ""mainTitle"": [""公司當日重大訊息之詳細內容""]}, ""titles"": [{""main"": ""序號"", ""sub"": []}, {""main"": ""發言日期"", ""sub"": []}, {""main"": ""發言時間"", ""sub"": []}, {""main"": ""發言人"", ""sub"": []}, {""main"": ""發言人職稱"", ""sub"": []}, {""main"": ""發言人電話"", ""sub"": []}, {""main"": ""主旨"", ""sub"": []}, {""main"": ""符合條款"", ""sub"": []}, {""main"": ""事實發生日"", ""sub"": []}, {""main"": ""說明"", ""sub"": []}], ""companyAbbreviation"": ""全譜""}, ""datetime"": ""115/08/06 19:39:58""}",2026-08-06 19:39:34
1150805|otc|3289|3,115/08/06,14:54:54,3289,宜特,公告本公司董事會決議發行國內第六次無擔保轉換公司債,公司債,1150805,otc,3,"{""code"": 200, ""message"": ""查詢成功"", ""result"": {""marketName"": ""上櫃公司"", ""companyId"": ""3289"", ""data"": [[3, ""115/08/06"", ""14:54:54"", ""林榆桑"", ""財務長"", ""03-5799909"", ""公告本公司董事會決議發行國內第六次無擔保轉換\r\n公司債"", ""11"", ""115/08/06"", ""1.董事會決議日期:115/08/06\n2.名稱﹝XX公司第X次（有、無）擔保公司債﹞:\n宜特科技股份有限公司國內第六次無擔保轉換公司債\n3.是否採總括申報發行公司債(是/否):否\n4.發行總額:發行總額為新台幣12億元整。\n5.每張面額:新台幣壹拾萬元整。\n6.發行價格:依票面金額之100.5%發行。\n7.發行期間:3年。\n8.發行利率:0%。\n9.擔保品之總類、名稱、金額及約定事項:不適用。\n10.募得價款之用途及運用計畫:畫:償還銀行借款。\n11.承銷方式:以詢價圈購方式辦理公開承銷。\n12.公司債受託人:授權董事長決定。\n13.承銷或代銷機構:授權董事長決定。\n14.發行保證人:不適用。\n15.代理還本付息機構:兆豐證券股份有限公司股務代理部。\n16.簽證機構:本次公司債採無實體發行，故不適用。\n17.能轉換股份者，其轉換價格及轉換辦法:相關辦法\n將依有關法令規定辦理，並報奉相關主管機關核准後，\n另行公告之。\n18.賣回條件:相關辦法將依有關法令規定辦理，並報奉\n相關主管機關核准後，另行公告之。\n19.買回條件:相關辦法將依有關法令規定辦理，並報奉\n相關主管機關核准後，另行公告之。\n20.附有轉換、交換或認股者，其換股基準日:相關辦法\n將依有關法令規定辦理，並報奉相關主管機關核准後，\n另行公告之。\n21.附有轉換、交換或認股者，對股權可能稀釋情形:\n相關辦法將依有關法令規定辦理，並報奉相關主管機關\n核准後，另行公告之。\n22.現金減資後再行募資之合理性及必要性\n(募資當年度及前一年度有辦理現金減資者適用):不適用。\n23.其他應敘明事項:\n(1)本次國內無擔保轉換公司債籌資計畫有關之發行金額\n、發行條件、發行及轉換辦法之訂定，以及計畫所需資\n金總額、資金來源、計畫項目、資金運用進度、預計可\n能產生效益及其他相關事宜，如經主管機關指示，相關\n法令規則修正，或因應客觀環境需修訂或修正時，授權\n董事長或其指定人員全權處理之。\n(2)為配合本次國內無擔保轉換公司債發行作業，擬授權\n本公司董事長或其指定人員核可並代表本公司簽署一切有\n關發行國內無擔保轉換公司債之契約及文件，並代表本公\n司辦理相關發行事宜。""]], ""footer"": [""以上資料均由各公司依發言當時所屬市場別之規定申報後，由本系統對外公佈，資料如有虛偽不實，均由該公司負責。""], ""header"": {""note"": [], ""subTitle"": [], ""mainTitle"": [""公司當日重大訊息之詳細內容""]}, ""titles"": [{""main"": ""序號"", ""sub"": []}, {""main"": ""發言日期"", ""sub"": []}, {""main"": ""發言時間"", ""sub"": []}, {""main"": ""發言人"", ""sub"": []}, {""main"": ""發言人職稱"", ""sub"": []}, {""main"": ""發言人電話"", ""sub"": []}, {""main"": ""主旨"", ""sub"": []}, {""main"": ""符合條款"", ""sub"": []}, {""main"": ""事實發生日"", ""sub"": []}, {""main"": ""說明"", ""sub"": []}], ""companyAbbreviation"": ""宜特""}, ""datetime"": ""115/08/06 19:39:59""}",2026-08-06 19:39:34
1150728|otc|8916|1,115/08/06,15:17:17,8916,光隆,公告本公司董事會決議註銷庫藏股減資基準日,庫藏股,1150728,otc,1,"{""code"": 200, ""message"": ""查詢成功"", ""result"": {""marketName"": ""上櫃公司"", ""companyId"": ""8916"", ""data"": [[1, ""115/08/06"", ""15:17:17"", ""李柏彥"", ""經理"", ""02-27092550"", ""公告本公司董事會決議註銷庫藏股減資基準日"", ""11"", ""115/08/06"", ""1.董事會決議日期:115/08/06\n2.減資緣由:依證券交易法第28條之2規定，註銷本公司為維護公司信用及股東權益\n所實施庫藏股買回之股份。\n3.減資金額:17,840,000元\n4.消除股份:1,784,000股\n5.減資比率:1.18%\n6.減資後股本:1,488,411,510元\n7.預定股東會日期:NA\n8.預計減資新股上櫃後之上櫃普通股股數:不適用\n9.預計減資新股上櫃後之上櫃普通股股數占已發行普通股比率\n（減資後上櫃普通股股數/減資後已發行普通股):不適用\n10.前二項預計減資後上櫃普通股股數未達500萬股且未達25%者，請說明\n股權流通性偏低之因應措施:不適用\n11.減資基準日:115/08/14\n12.其他應敘明事項:無""]], ""footer"": [""以上資料均由各公司依發言當時所屬市場別之規定申報後，由本系統對外公佈，資料如有虛偽不實，均由該公司負責。""], ""header"": {""note"": [], ""subTitle"": [], ""mainTitle"": [""公司當日重大訊息之詳細內容""]}, ""titles"": [{""main"": ""序號"", ""sub"": []}, {""main"": ""發言日期"", ""sub"": []}, {""main"": ""發言時間"", ""sub"": []}, {""main"": ""發言人"", ""sub"": []}, {""main"": ""發言人職稱"", ""sub"": []}, {""main"": ""發言人電話"", ""sub"": []}, {""main"": ""主旨"", ""sub"": []}, {""main"": ""符合條款"", ""sub"": []}, {""main"": ""事實發生日"", ""sub"": []}, {""main"": ""說明"", ""sub"": []}], ""companyAbbreviation"": ""光隆""}, ""datetime"": ""115/08/06 19:40:00""}",2026-08-06 19:39:34
1150806|otc|4102|3,115/08/06,16:22:02,4102,永日,代重要子公司台灣味群工業股份有限公司公告辦理115年第一次現金增資發行新股相關事宜,現金增資,1150806,otc,3,"{""code"": 200, ""message"": ""查詢成功"", ""result"": {""marketName"": ""上櫃公司"", ""companyId"": ""4102"", ""data"": [[3, ""115/08/06"", ""16:22:02"", ""李育儒"", ""總經理"", ""04-26818866#101"", ""代重要子公司台灣味群工業股份有限公司公告辦理115年第一次\r\n現金增資發行新股相關事宜"", ""11"", ""115/08/06"", ""1.董事會決議日期:115/08/06\n2.增資資金來源:現金增資\n3.是否採總括申報發行新股(是，請併敘明預定發行期間/否):否\n4.全案發行總金額及股數(如屬盈餘或公積轉增資，發行股數則不含配發給員工部分):\n募集金額為新台幣270,000,000元整，發行股數6,000,000股\n5.採總括申報發行新股案件，本次發行金額及股數:不適用\n6.採總括申報發行新股案件，本次發行後，剩餘之金額及股數餘額:不適用\n7.每股面額:新台幣10元整\n8.發行價格:每股新台幣45元整\n9.員工認購股數或配發金額:保留600,000股(10%)由員工認購\n10.公開銷售股數:不適用\n11.原股東認購或無償配發比例(請註明暫定每仟股認購或配發股數):\n共5,400,000股由原股東按認股基準日股東名簿所載股東持股比例認購，\n每仟股認購496.43760055股。\n12.畸零股及逾期未認購股份之處理方式:認購不足壹股之畸零股\n得由股東於停止過戶日起五日內，向台灣味群股務代理機構辦理拼湊整股之登記，\n其放棄拼湊或拼湊後仍不足一股之畸零股，授權董事長洽特定人按發行價格認購之；\n原股東及員工放棄認購或認購不足部分授權董事長洽特定人認購之。\n13.本次發行新股之權利義務:與原已發行之普通股股份相同\n14.本次增資資金用途:充實營運資金、改善財務結構或轉投資之長期策略發展\n15.現金減資後再行募資之合理性及必要性\n(募資當年度及前一年度有辦理現金減資者適用):不適用\n16.其他應敘明事項:\n    (1)本次增資計畫相關時程\n         a.最後過戶日：115/09/01\n         b.停止過戶期間：115/09/02～115/09/06\n         c.增資認股基準日：115/09/06\n         d.原股東及員工繳款期間：115/09/09～115/09/14\n         e.特定人繳款期間：115/09/15～115/09/18\n         f.現金增資基準日：115/09/21\n         g.催告繳款期：115/09/15～115/10/15\n    (2)本次現金增資發行普通股，如因法令或客觀環境而須變更及其餘增資\n       等相關作業，授權董事長全權處理之。""]], ""footer"": [""以上資料均由各公司依發言當時所屬市場別之規定申報後，由本系統對外公佈，資料如有虛偽不實，均由該公司負責。""], ""header"": {""note"": [], ""subTitle"": [], ""mainTitle"": [""公司當日重大訊息之詳細內容""]}, ""titles"": [{""main"": ""序號"", ""sub"": []}, {""main"": ""發言日期"", ""sub"": []}, {""main"": ""發言時間"", ""sub"": []}, {""main"": ""發言人"", ""sub"": []}, {""main"": ""發言人職稱"", ""sub"": []}, {""main"": ""發言人電話"", ""sub"": []}, {""main"": ""主旨"", ""sub"": []}, {""main"": ""符合條款"", ""sub"": []}, {""main"": ""事實發生日"", ""sub"": []}, {""main"": ""說明"", ""sub"": []}], ""companyAbbreviation"": ""永日""}, ""datetime"": ""115/08/06 19:40:00""}",2026-08-06 19:39:34
1150806|otc|4563|7,115/08/06,16:35:23,4563,百德,公告本公司董事會決議辦理私募普通股案,私募普通股,1150806,otc,7,"{""code"": 200, ""message"": ""查詢成功"", ""result"": {""marketName"": ""上櫃公司"", ""companyId"": ""4563"", ""data"": [[7, ""115/08/06"", ""16:35:23"", ""謝天昕"", ""總經理"", ""04-26821277"", ""公告本公司董事會決議辦理私募普通股案"", ""11"", ""115/08/06"", ""1.董事會決議日期:115/08/06\n2.私募有價證券種類:普通股\n3.私募對象及其與公司間關係:本次私募普通股之對象以符合證券交易法第43條之6及\n金融監督管理委員會112年9月12日金管證發字第1120383220號以及112年12月29日金\n融監督管理委員會金管證發字第11203860674號修正之「公開發行公司辦理私募有價\n證券應注意事項」等相關函令規定條件之特定人為限，以內部人或關係人或策略性\n投資人為限，應募人資格提請股東會授權董事會審查之。本次私募普通股應募人本\n公司目前尚未洽定特定人，洽定特定人之相關事宜，擬請股東會授權董事會全權處\n理之。若應募人為內部人或關係人或策略性投資人，可能之應募人名單與本公司之\n關係說明如下：\n(1)應募人若為本公司之內部人及關係人\n因內部人對公司營運有相當程度之了解，對未來營運能產生直接或間接助益，故本\n次私募有價證券洽詢可能之內部人名單如下：\n  應募人名稱             與公司之關係\n------------- --------------------------------------------------------\n  謝天昕                 本公司總經理\n  黃國欽                本公司副總經理\n  林若蓁       本公司之子公司Winbro Group Technologies Ltd.副總經理\n  洪明宏                本公司研發部協理\n  林昱馨             本公司財務主管兼會計主管\n  陳冠宏                本公司生產部協理\n  詹惠雁                 本公司稽核主管\n(2)應募人為策略性投資人\nA.選擇方式與目的：應募人之選擇為可協助本公司營運所需各項管理及財務資源，\n提供經營管理技術、加強財務成本管理及拓展產品生產多元化，或可協助本公司拓\n展銷售通路與銷售市場之策略性投資人為原則，以提升公司競爭優勢及提升營運效\n能與長期發展，對股東權益應有正面助益。\nB.必要性及預計效益：本次私募引進策略性投資人資金將有助於公司之經營及業務\n發展，並可改善公司整體營運體質及強化對公司之向心力，故本次引進策略性投資人\n有其必要性；並藉由應募人資金挹注，可減少營運資金成本之壓力、強化財務結構並\n可提升公司整體競爭力、強化整體財務結構，延續未來長期發展，有利於股東權益。\n4.私募股數或張數:總發行股數不超過20,000仟股。\n5.得私募額度:在不超過20,000仟股額度內，於股東會決議日起依需要一年內分\n二次辦理。\n6.私募價格訂定之依據及合理性:\n(1)參考價格以下列二基準計算價格較高者定之：\nA.定價日前1、3或5個營業日擇一計算普通股收盤價簡單算數平均數扣除無償配股\n除權及配息，並加回減資反除權後之股價。\nB.定價日前30個營業日普通股收盤價簡單算數平均數扣除無償配股除權及配息，\n並加回減資反除權後之股價。\n(2)本次私募普通股價格訂定不得低於參考價格之八成且不低於票面金額新台幣10元。\n(3)私募普通股之實際定價日及實際本次私募價格於不低於股東會決議成數之範圍內，\n提請股東會授權董事會視當時市場狀況並考量日後洽特定人情形決定之。\n(4)私募普通股實際發行價格之訂定將參考本公司營運狀況、未來展望、私募有價證\n券受限於三年內不得自由轉讓以及最近股價情形，並依據「公開發行公司辦理私募有\n價證券應注意事項」及現行法令之規定進行定價，故其價格之訂定應有其依據及其合\n理性。\n7.本次私募資金用途:充實營運資金、償還銀行借款、新增轉投資事業、購置資本支出\n或其他。\n8.不採用公開募集之理由:考量資本市場狀況、籌資之時效性、可行性及發行成本及引\n進策略聯盟夥伴並穩定及強化公司產品市場營運競爭力，且考量私募方式相對具迅速\n簡便之時效性，以及私募股票有三年內不得自由轉讓之限制等因素，較可確保及強化\n本公司與策略投資人間的長期合作關係，另透過授權董事會視公司營運實際需求擇適\n當時機分次私募，亦將有效提高本公司籌資之機動與靈活性，並可確保公司穩定經營\n，因此，不採用公開募集而擬採私募方式募集資金。\n9.獨立董事反對或保留意見:無。\n10.實際定價日:尚未訂定。\n11.參考價格:尚未訂定。\n12.實際私募價格、轉換或認購價格:尚未訂定。\n13.本次私募新股之權利義務:本次私募普通股及嗣後所配發之普通股其權利義務與本公\n司已發行之普通股相同；惟依據證券交易法規定，私募普通股於私募有價證券交付日\n起三年內，除依證券交易法第43條之8規定外，不得賣出。本次私募之普通股及嗣後所\n配發之普通股，本次私募普通股自交付日起滿三年後，授權董事會視當時狀況依相關\n法令規定向證券主管機關申請公開發行及股票上櫃交易。\n14.附有轉換、交換或認股者，其換股基準日:不適用。\n15.附有轉換、交換或認股者，對股權可能稀釋情形:不適用。\n16.附有轉換或認股者，於私募公司債交付且假設全數轉換或認購普通股後對上櫃普通股\n股權比率之可能影響（上櫃普通股數A、A/已發行普通股）:不適用。\n17.前項預計上櫃普通股未達500萬股且未達25%者，請說明股權流通性偏低之因應措施:\n不適用。\n18.其他應敘明事項:\n(1) 本次私募計畫之主要內容，除私募定價成數外，包括實際發行價格、股數、發行\n條件、計畫項目、募集金額、預計進度及預計可能產生之效益等相關事項，暨其他一\n切有關發行計畫之事項，擬提請股東會同意授權董事會依本公司實際需求、市場狀況\n及相關法令規定、調整、訂定與辦理，未來如因主管機關指示修正或基於營運評估或\n客觀環境需要變更或有修正必要時，擬請股東會授權董事會全權處理之。\n(2) 除上述授權範圍外，擬提請股東會授權董事長或其指定之人，代表本公司簽署、\n商議變更一切有關私募普通股計畫(包括洽定策略投資人)之相關契約及文件，並為本\n公司辦理一切有關發行私募普通股計畫所需事宜。""]], ""footer"": [""以上資料均由各公司依發言當時所屬市場別之規定申報後，由本系統對外公佈，資料如有虛偽不實，均由該公司負責。""], ""header"": {""note"": [], ""subTitle"": [], ""mainTitle"": [""公司當日重大訊息之詳細內容""]}, ""titles"": [{""main"": ""序號"", ""sub"": []}, {""main"": ""發言日期"", ""sub"": []}, {""main"": ""發言時間"", ""sub"": []}, {""main"": ""發言人"", ""sub"": []}, {""main"": ""發言人職稱"", ""sub"": []}, {""main"": ""發言人電話"", ""sub"": []}, {""main"": ""主旨"", ""sub"": []}, {""main"": ""符合條款"", ""sub"": []}, {""main"": ""事實發生日"", ""sub"": []}, {""main"": ""說明"", ""sub"": []}], ""companyAbbreviation"": ""百德""}, ""datetime"": ""115/08/06 19:40:01""}",2026-08-06 19:39:34
1150806|otc|5324|3,115/08/06,16:42:19,5324,士開,公告本公司董事會決議發行116年度第一次有擔保普通公司債,公司債,1150806,otc,3,"{""code"": 200, ""message"": ""查詢成功"", ""result"": {""marketName"": ""上櫃公司"", ""companyId"": ""5324"", ""data"": [[3, ""115/08/06"", ""16:42:19"", ""郭穎彥"", ""財務部暨會計部協理"", ""(02)2834-8392"", ""公告本公司董事會決議發行116年度第一次\r\n有擔保普通公司債"", ""11"", ""115/08/06"", ""1.董事會決議日期:115/08/06\n2.名稱﹝XX公司第X次（有、無）擔保公司債﹞:\n士林開發股份有限公司116年度第一次有擔保普通公司債\n3.是否採總括申報發行公司債(是/否):否\n4.發行總額:總面額不超過新台幣壹拾貳億元整\n5.每張面額:新台幣壹佰萬元整\n6.發行價格:按票面金額十足發行\n7.發行期間:五年\n8.發行利率:固定利率，授權董事長依發行時市場狀況決定\n9.擔保品之總類、名稱、金額及約定事項:採銀行擔保\n10.募得價款之用途及運用計畫:償還銀行借款\n11.承銷方式:委託證券承銷商以洽商銷售方式對外公開承銷\n12.公司債受託人:授權董事長決定\n13.承銷或代銷機構:授權董事長決定\n14.發行保證人:授權董事長決定\n15.代理還本付息機構:授權董事長決定\n16.簽證機構:本次係發行無實體有價證券，故不適用\n17.能轉換股份者，其轉換價格及轉換辦法:不適用\n18.賣回條件:不適用\n19.買回條件:不適用\n20.附有轉換、交換或認股者，其換股基準日:不適用\n21.附有轉換、交換或認股者，對股權可能稀釋情形:不適用\n22.現金減資後再行募資之合理性及必要性\n(募資當年度及前一年度有辦理現金減資者適用):不適用\n23.其他應敘明事項:無""]], ""footer"": [""以上資料均由各公司依發言當時所屬市場別之規定申報後，由本系統對外公佈，資料如有虛偽不實，均由該公司負責。""], ""header"": {""note"": [], ""subTitle"": [], ""mainTitle"": [""公司當日重大訊息之詳細內容""]}, ""titles"": [{""main"": ""序號"", ""sub"": []}, {""main"": ""發言日期"", ""sub"": []}, {""main"": ""發言時間"", ""sub"": []}, {""main"": ""發言人"", ""sub"": []}, {""main"": ""發言人職稱"", ""sub"": []}, {""main"": ""發言人電話"", ""sub"": []}, {""main"": ""主旨"", ""sub"": []}, {""main"": ""符合條款"", ""sub"": []}, {""main"": ""事實發生日"", ""sub"": []}, {""main"": ""說明"", ""sub"": []}], ""companyAbbreviation"": ""士開""}, ""datetime"": ""115/08/06 19:40:01""}",2026-08-06 19:39:34
1150806|otc|7842|1,115/08/06,17:33:08,7842,天能綠電,公告本公司董事會決議買回庫藏股,庫藏股,1150806,otc,1,"{""code"": 200, ""message"": ""查詢成功"", ""result"": {""marketName"": ""上櫃公司"", ""companyId"": ""7842"", ""data"": [[1, ""115/08/06"", ""17:33:08"", ""唐亞聖"", ""總經理"", ""02-2656-0608"", ""公告本公司董事會決議買回庫藏股"", ""35"", ""115/08/06"", ""1.董事會決議日期:115/08/06\r\n2.買回股份目的:轉讓股份予員工\r\n3.買回股份種類:普通股\r\n4.買回股份總金額上限(元):266,817,726\r\n5.預定買回之期間:115/08/06~115/10/05\r\n6.預定買回之數量(股):825,000\r\n7.買回區間價格(元):80.00~135.00，公司股價低於區間價格下限，將繼續買回\r\n8.買回方式:自集中交易市場買回\r\n9.預定買回股份占公司已發行股份總數之比率(%):4.52\r\n10.申報時已持有本公司股份之累積股數(股):0\r\n11.申報前五年內買回公司股份之情形:\r\n無買回。\r\n12.已申報買回但未執行完畢之情形:\r\n不適用。\r\n13.董事會決議買回股份之會議紀錄:\r\n本公司經第4屆第7次董事會決議通過\r\n案由五：本公司擬買回公司股份案，謹提請 審議。\r\n說 明：\r\n一、本公司為激勵員工及提昇員工向心力，依據「證券交易法」第28條之2及「上市上櫃公司買回\r\n    本公司股份辦法」規定辦理，擬買回本公司股份轉讓予員工。\r\n二、有關本次擬辦理買回股份之相關事項訂定如下\r\n    1.買回股份之目的：轉讓股份予員工。\r\n    2.買回股份之種類：本公司之普通股。\r\n    3.買回股份之總金額上限：依法令規範，買回股份總金額上限為不超過新台幣266,818仟元。\r\n      本次買回股份所需金額之上限為新台幣111,375仟元。\r\n    4.預定買回之期間與數量：自115年8月6日起至115年10月5日止，買回825,000股。\r\n    5.買回之區間價格：每股新台幣80元至135元之間，惟當公司股價低於所定買回區間價格\r\n      下限時，將繼續執行買回公司股份。\r\n    6.買回之方式：自集中交易市場買回。\r\n三、本次買回本公司股份之庫藏股轉讓員工辦法，請詳附件6「天能綠電股份有限公司買回股份轉讓\r\n    員工辦法」。\r\n四、依據「上市上櫃公司買回本公司股份辦法」之規定，本公司目前已發行普通股\r\n    為18,250,000股，本次擬買回之股份僅占前揭股數之4.52%，且係以自有資金買回，\r\n    不影響本公司資本之維持及財務狀況，擬由董事會出具之聲明書，請參閱附件7。\r\n五、本案業已委請永豐金證券股份有限公司出具針對買回股份價格之合理性評估意見。\r\n六、前述未盡事宜，或如因主管機關指示或經評估需修正時，擬授權董事長先裁示決行後，\r\n    再提董事會報告。\r\n七、本案業經第一屆第五次審計委員會（115年8月6日）審核通過，依法送請董事會決議。\r\n八、敬請 公決。\r\n決 議：經主席徵詢全體出席董事同意照案通過。\r\n14.「上市上櫃公司買回本公司股份辦法」第十條規定之轉讓辦法:\r\n天能綠電股份有限公司\r\n買回股份轉讓員工辦法\r\n第一條 本公司為激勵員工及提昇員工向心力，依據證券交易法第28條之2第1項第1款及金融監督管\r\n理委員會發布之「上市上櫃公司買回本公司股份辦法」等相關規定，訂定本公司買回股份轉讓員工辦\r\n法。本公司買回股份轉讓予員工，除依有關法令規定外，悉依本辦法規定辦理。\r\n\r\n(轉讓股份之種類、權利內容及權利受限情形)\r\n第二條 本次轉讓予員工之股份為普通股，其權利義務除有關法令及本辦法另有規定者外，與其他流\r\n通在外普通股相同。\r\n\r\n(轉讓期間)\r\n第三條 本次買回之股份，得依本辦法之規定，自買回股份之日起三年內，一次或分次轉讓予員工。\r\n各次轉讓作業之員工認購繳款期間及相關事宜，授權董事長另行訂定。\r\n\r\n(受讓人之資格)\r\n第四條 凡於認股基準日前到職滿一年或對公司有特殊貢獻經提報董事會同意之本公司全職員工及本\r\n公司直接或間接持有被投資公司表決權之股份或出資額超過百分之五十之子公司(含海外子公司)之\r\n全職員工，得依本辦法第五條所定認購數額，享有認購資格。兼職員工、臨時性員工、短期工讀生及\r\n顧問均不適用本辦法。\r\n\r\n(員工得認購股數)\r\n第五條 員工得認購股數應考量員工職等、服務年資及對公司之特殊貢獻等標準，訂定員工得受讓股\r\n份之權數，並須兼顧認股基準日時公司持有之買回股份總額及單一員工認購股數之上限等因素，實際\r\n具體認購資格及認購數量由董事會決議，不得授權董事長決定。惟認股人具經理人身份者，應先提報\r\n薪資報酬委員會審議後，呈送董事會決議；轉讓之對象非具經理人身份者，應先經審計委員會同意後\r\n再提報董事會決議。\r\n員工於認購繳款期間屆滿而未認購繳款者，視為棄權；認購不足之餘額，可由董事會於當次認購作業\r\n或併至第三條規定之轉讓期間內之後續次別認購作業，另洽其他員工認購之，並依認股人身分提報審\r\n計委員會或薪資報酬委員會審議後呈報董事會決議。\r\n\r\n(轉讓之程序)\r\n第六條 本次買回股份轉讓予員工之作業程序：\r\n一、依董事會之決議，公告、申報並於執行期限內買回本公司股份。\r\n二、董事會依本辦法訂定及公布員工認股基準日、得認購股數標準、認購繳款期間、權利內容及限制\r\n條件等作業事項。\r\n三、統計實際認購繳款股數，辦理股票轉讓過戶登記。\r\n\r\n(約定之每股轉讓價格)\r\n第七條 一、本次買回股份轉讓予員工，以實際買回之平均價格為轉讓價格，惟轉讓前，如遇公司已\r\n發行之普通股股份增加(或減少)，得按發行股份增加(或減少)比率調整之，轉讓價格計算至小數點\r\n後第一位，第二位須四捨五入。\r\n轉讓價格調整公式：\r\n實際買回股份之平均價格x(公司買回股份執行完畢時之普通股股份總數/公司轉讓買回股份予員工前\r\n之普通股股份總數)\r\n二、依據本公司章程規定，以低於實際買回之平均價格轉讓予員工者，應於轉讓前，提經最近一次股\r\n東會有代表已發行股份總數過半數股東之出席，出席股東表決權三分之二以上之同意，並應於該次股\r\n東會召集事由中列舉說明「上市上櫃公司買回本公司股份辦法」第10條之1規定事項，始得辦理。\r\n\r\n(轉讓後之權利義務)\r\n第八條 本次買回股份轉讓予員工並辦理過戶登記後，除另有規定者外，餘權利義務與原有股份相\r\n同。\r\n\r\n(其他有關公司與員工權利義務事項)\r\n第九條 本公司買回股份轉讓予員工，其所發生之稅捐及費用應依相關法令由公司或員工各自負擔。\r\n第十條 本公司為轉讓股份予員工所買回之股份，應自買回之日起三年內全數轉讓，逾期未轉讓部\r\n份，視為本公司未發行股份，應依法辦理銷除股份變更登記。\r\n\r\n(其他)\r\n第十一條 本辦法經董事會決議通過後生效，並得報經董事會決議修訂。\r\n15.「上市上櫃公司買回本公司股份辦法」第十一條規定之轉換或認股辦法:\r\n不適用。\r\n16.董事會已考慮公司財務狀況，不影響公司資本維持之聲明:\r\n上述買回股份總數，僅占本公司已發行股份之4.52%，且買回股份所需金額上限僅占本公司流動資產之\r\n13.07%，茲聲明本公司董事會已考慮公司財務狀況，上述股份之買回並不影響本公司資本之維持。\r\n17.會計師或證券承銷商對買回股份價格之合理性評估意見:\r\n依永豐金證券承銷商之評估意見，認為本公司依所定買回區間價格執行買回股份，除造成現金流出及資\r\n產總額、股權淨值下降外，對公司之財務結構、每股淨值、每股盈餘及股東權益報酬率等，尚無產生重\r\n大不利之影響。\r\n18.其他證期局所規定之事項:\r\n無。""]], ""footer"": [""以上資料均由各公司依發言當時所屬市場別之規定申報後，由本系統對外公佈，資料如有虛偽不實，均由該公司負責。""], ""header"": {""note"": [], ""subTitle"": [], ""mainTitle"": [""公司當日重大訊息之詳細內容""]}, ""titles"": [{""main"": ""序號"", ""sub"": []}, {""main"": ""發言日期"", ""sub"": []}, {""main"": ""發言時間"", ""sub"": []}, {""main"": ""發言人"", ""sub"": []}, {""main"": ""發言人職稱"", ""sub"": []}, {""main"": ""發言人電話"", ""sub"": []}, {""main"": ""主旨"", ""sub"": []}, {""main"": ""符合條款"", ""sub"": []}, {""main"": ""事實發生日"", ""sub"": []}, {""main"": ""說明"", ""sub"": []}], ""companyAbbreviation"": ""天能綠電""}, ""datetime"": ""115/08/06 19:40:02""}",2026-08-06 19:39:34
1150806|otc|6432|3,115/08/06,17:52:28,6432,今展科,公告本公司國內第四次無擔保轉換公司債轉換普通股之發行新股基準日案,公司債,1150806,otc,3,"{""code"": 200, ""message"": ""查詢成功"", ""result"": {""marketName"": ""上櫃公司"", ""companyId"": ""6432"", ""data"": [[3, ""115/08/06"", ""17:52:28"", ""任若琳"", ""財務長"", ""02-29998313"", ""公告本公司國內第四次無擔保轉換公司債轉換普通股\r\n之發行新股基準日案"", ""11"", ""115/08/06"", ""1.董事會決議日期:115/08/06\n2.增資資金來源:無擔保轉換公司債執行轉換\n3.是否採總括申報發行新股(是，請併敘明預定發行期間/否):否\n4.全案發行總金額及股數(如屬盈餘或公積轉增資，發行股數則不含配發給員工部分):\n發行總金額：新台幣136,400,000元、發行股數：4,417,065股。\n5.採總括申報發行新股案件，本次發行金額及股數:不適用\n6.採總括申報發行新股案件，本次發行後，剩餘之金額及股數餘額:不適用\n7.每股面額:10元\n8.發行價格:不適用\n9.員工認購股數或配發金額:不適用\n10.公開銷售股數:不適用\n11.原股東認購或無償配發比例(請註明暫定每仟股認購或配發股數):不適用\n12.畸零股及逾期未認購股份之處理方式:不適用\n13.本次發行新股之權利義務:與原流通在外股份相同\n14.本次增資資金用途:不適用\n15.現金減資後再行募資之合理性及必要性\n(募資當年度及前一年度有辦理現金減資者適用):不適用\n16.其他應敘明事項:\n訂定115年08月06日為本公司國內第四次無擔保轉換公司債轉換普通股之增資基準日，\n增資後實收資本額為新台幣387,840,670元，並依法令規定辦理變更登記事宜。""]], ""footer"": [""以上資料均由各公司依發言當時所屬市場別之規定申報後，由本系統對外公佈，資料如有虛偽不實，均由該公司負責。""], ""header"": {""note"": [], ""subTitle"": [], ""mainTitle"": [""公司當日重大訊息之詳細內容""]}, ""titles"": [{""main"": ""序號"", ""sub"": []}, {""main"": ""發言日期"", ""sub"": []}, {""main"": ""發言時間"", ""sub"": []}, {""main"": ""發言人"", ""sub"": []}, {""main"": ""發言人職稱"", ""sub"": []}, {""main"": ""發言人電話"", ""sub"": []}, {""main"": ""主旨"", ""sub"": []}, {""main"": ""符合條款"", ""sub"": []}, {""main"": ""事實發生日"", ""sub"": []}, {""main"": ""說明"", ""sub"": []}], ""companyAbbreviation"": ""今展科""}, ""datetime"": ""115/08/06 19:40:02""}",2026-08-06 19:39:34
1150806|otc|6620|3,115/08/06,17:58:07,6620,漢達,公告本公司董事會決議註銷庫藏股暨訂定減資基準日,庫藏股,1150806,otc,3,"{""code"": 200, ""message"": ""查詢成功"", ""result"": {""marketName"": ""上櫃公司"", ""companyId"": ""6620"", ""data"": [[3, ""115/08/06"", ""17:58:07"", ""楊啟余"", ""財務副總"", ""0287518717"", ""公告本公司董事會決議註銷庫藏股暨訂定減資基準日"", ""11"", ""115/08/06"", ""1.董事會決議日期:115/08/06\n2.減資緣由:依證券交易法第28條之2規定辦理，註銷本公司115年第二次買回之庫藏股\n3.減資金額:新台幣40,000,000元\n4.消除股份:4,000,000股\n5.減資比率:2.35%\n6.減資後股本:165,981,900股\n7.預定股東會日期:NA\n8.預計減資新股上櫃後之上櫃普通股股數:不適用\n9.預計減資新股上櫃後之上櫃普通股股數占已發行普通股比率\n（減資後上櫃普通股股數/減資後已發行普通股):不適用\n10.前二項預計減資後上櫃普通股股數未達500萬股且未達25%者，請說明\n股權流通性偏低之因應措施:不適用\n11.減資基準日:115/08/07\n12.其他應敘明事項:無""]], ""footer"": [""以上資料均由各公司依發言當時所屬市場別之規定申報後，由本系統對外公佈，資料如有虛偽不實，均由該公司負責。""], ""header"": {""note"": [], ""subTitle"": [], ""mainTitle"": [""公司當日重大訊息之詳細內容""]}, ""titles"": [{""main"": ""序號"", ""sub"": []}, {""main"": ""發言日期"", ""sub"": []}, {""main"": ""發言時間"", ""sub"": []}, {""main"": ""發言人"", ""sub"": []}, {""main"": ""發言人職稱"", ""sub"": []}, {""main"": ""發言人電話"", ""sub"": []}, {""main"": ""主旨"", ""sub"": []}, {""main"": ""符合條款"", ""sub"": []}, {""main"": ""事實發生日"", ""sub"": []}, {""main"": ""說明"", ""sub"": []}], ""companyAbbreviation"": ""漢達""}, ""datetime"": ""115/08/06 19:40:03""}",2026-08-06 19:39:34
1150806|otc|6922|1,115/08/06,18:19:32,6922,宸曜,本公司董事會決議發行國內第一次無擔保轉換公司債,公司債,1150806,otc,1,"{""code"": 200, ""message"": ""查詢成功"", ""result"": {""marketName"": ""上櫃公司"", ""companyId"": ""6922"", ""data"": [[1, ""115/08/06"", ""18:19:32"", ""藍林忠"", ""業務副總"", ""(02)2223-6182"", ""本公司董事會決議發行國內第一次無擔保轉換公司債"", ""11"", ""115/08/06"", ""1.董事會決議日期:115/08/06\n2.名稱﹝XX公司第X次（有、無）擔保公司債﹞:\n宸曜科技股份有限公司國內第一次無擔保轉換公司債\n3.是否採總括申報發行公司債(是/否):否\n4.發行總額:發行總面額新台幣伍億元整\n5.每張面額:新台幣壹拾萬元整\n6.發行價格:暫定底標以不低於面額之102%發行，實際總發行金額依競價拍賣結果而定\n7.發行期間:5年\n8.發行利率:票面利率0%\n9.擔保品之總類、名稱、金額及約定事項:不適用\n10.募得價款之用途及運用計畫:充實營運資金及/或償還銀行借款\n11.承銷方式:採競價拍賣方式辦理公開承銷\n12.公司債受託人:授權董事長決定\n13.承銷或代銷機構:凱基證券股份有限公司\n14.發行保證人:不適用\n15.代理還本付息機構:本公司股務代理機構\n16.簽證機構:不適用\n17.能轉換股份者，其轉換價格及轉換辦法:相關辦法授權董事長視金融市場狀況決定、\n依相關法令規定辦理，並報相關主管機關申報生效後另行公告\n18.賣回條件:相關辦法授權董事長視金融市場狀況決定、\n依相關法令規定辦理，並報相關主管機關申報生效後另行公告\n19.買回條件:相關辦法授權董事長視金融市場狀況決定、\n依相關法令規定辦理，並報相關主管機關申報生效後另行公告\n20.附有轉換、交換或認股者，其換股基準日:相關辦法授權董事長視金融市場狀況決定、\n依相關法令規定辦理，並報相關主管機關申報生效後另行公告\n21.附有轉換、交換或認股者，對股權可能稀釋情形:相關辦法授權董事長視金融市場\n狀況決定、依相關法令規定辦理，並報相關主管機關申報生效後另行公告\n22.現金減資後再行募資之合理性及必要性\n(募資當年度及前一年度有辦理現金減資者適用):不適用\n23.其他應敘明事項:本次發行國內第一次無擔保轉換公司之發行條件、發行時程\n及發行及轉換辦法之訂定，以及計畫所需資金總額、資金來源、計畫項目、資金\n運用進度、預計可能產生效益及其他發行相關事宜，如遇有法令變更，經主管機關\n修正或因應主客觀環境因素而需訂定或修正時，擬授權董事長全權處理之。""]], ""footer"": [""以上資料均由各公司依發言當時所屬市場別之規定申報後，由本系統對外公佈，資料如有虛偽不實，均由該公司負責。""], ""header"": {""note"": [], ""subTitle"": [], ""mainTitle"": [""公司當日重大訊息之詳細內容""]}, ""titles"": [{""main"": ""序號"", ""sub"": []}, {""main"": ""發言日期"", ""sub"": []}, {""main"": ""發言時間"", ""sub"": []}, {""main"": ""發言人"", ""sub"": []}, {""main"": ""發言人職稱"", ""sub"": []}, {""main"": ""發言人電話"", ""sub"": []}, {""main"": ""主旨"", ""sub"": []}, {""main"": ""符合條款"", ""sub"": []}, {""main"": ""事實發生日"", ""sub"": []}, {""main"": ""說明"", ""sub"": []}], ""companyAbbreviation"": ""宸曜""}, ""datetime"": ""115/08/06 19:40:03""}",2026-08-06 19:39:34
1150806|otc|7820|4,115/08/06,18:42:19,7820,立盈,公告本公司董事會通過買回庫藏股,庫藏股,1150806,otc,4,"{""code"": 200, ""message"": ""查詢成功"", ""result"": {""marketName"": ""上櫃公司"", ""companyId"": ""7820"", ""data"": [[4, ""115/08/06"", ""18:42:19"", ""李文桐"", ""財務長"", ""034192890"", ""公告本公司董事會通過買回庫藏股"", ""35"", ""115/08/06"", ""1.董事會決議日期:115/08/06\r\n2.買回股份目的:轉讓股份予員工\r\n3.買回股份種類:普通股\r\n4.買回股份總金額上限(元):864,737,742\r\n5.預定買回之期間:115/08/07~115/10/06\r\n6.預定買回之數量(股):300,000\r\n7.買回區間價格(元):95.00~150.00，公司股價低於區間價格下限，將繼續買回\r\n8.買回方式:自集中交易市場買回\r\n9.預定買回股份占公司已發行股份總數之比率(%):0.79\r\n10.申報時已持有本公司股份之累積股數(股):0\r\n11.申報前五年內買回公司股份之情形:\r\n無買回\r\n12.已申報買回但未執行完畢之情形:\r\n無此情形。\r\n13.董事會決議買回股份之會議紀錄:\r\n案由六：本公司擬買回已發行普通股案，謹提請 討論。\r\n說　明：1.為激勵員工及提昇員工向心力，依據證券交易法第28條之2第1項第1款及金融監督管理委\r\n員會發布之「上市上櫃公司買回本公司股份辦法」等相關規定，買回本公司已發行普通股，以供轉\r\n讓予員工。\r\n2.本次買回庫藏股之相關事項如下：\r\n(1)買回目的：為轉讓股份予員工。\r\n(2)買回股份種類：已發行之普通股。\r\n(3)買回股份總金額上限：依相關法令規定，買回股份總金額不超過保留盈餘加已實現之資本公積，\r\n故上限為不超過新台幣864,737,742元整。本次買回股份之所需金額上限為新台幣45,000,000元。\r\n(4)預定買回期間：自申報之日起算二個月內執行完畢，預計自115年08月07日起至115年10月06日\r\n止。\r\n(5)預定買回數量：300仟股。\r\n(6)預定買回價格區間：每股新台幣95元至150元之間，惟當公司股價低於所定買回區間價格下限\r\n時，公司仍可繼續執行買回股份。本公司業已委請元大證券股份有限公司就本次買回股份價格出具\r\n合理性評估意見，請詳附件八。\r\n(7)買回方式：自櫃檯買賣市場買回。\r\n(8)申報時已持有本公司股份之數量：0股。\r\n(9)申報前五年內買回本公司股份之情形：無此情形。\r\n(10)已申報買回但未執行完畢之情形：無此情形。\r\n3.本次擬買回股份總數占本公司已發行股份之0.79%，且買回股份所需金額上限僅占本公司最近一期\r\n經會計師核閱財務報表流動資產之4.17%，本公司董事會已考慮公司財務狀況，上述股份之買回並不\r\n影響本公司資本之維持。\r\n4.本次買回之股份，擬訂定「買回股份轉讓員工辦法」，請詳附件九。\r\n5.依據公司財務狀況，擬請董事會同意出具「不影響公司資本維持之聲書」，請詳附件十。\r\n6.於相關法令許可範圍內，全權授權董事長及其指定之人辦理公告、申報及相關執行庫藏股買回等\r\n事宜；如遇法令更新、或應主管機關要求而需修正時，亦授權董事長全權處理。\r\n7.本案業經115年08月06日審計委員會審議通過。\r\n決  議：本案經主席徵詢全體出席董事同意照案通過。\r\n14.「上市上櫃公司買回本公司股份辦法」第十條規定之轉讓辦法:\r\n第一條\t目的\r\n本公司為激勵員工及提昇員工向心力，依據證券交易法第二十八條之二第一項第一款及金融監督管\r\n理委員會發布之「上市上櫃公司買回本公司股份辦法」等相關規定，訂定本公司買回股份轉讓員工\r\n辦法。\r\n本公司買回股份轉讓予員工，除依有關法令規定外，悉依本辦法規定辦理。\r\n第二條\t轉讓股份之種類、權利內容及權利受限情形\r\n本公司轉讓予員工之股份均為普通股，其權利義務除有關法令及本辦法另有規定者外，與其他流通\r\n在外普通股相同。\r\n第三條\t轉讓期間\r\n本次買回之股份，得依本辦法之規定，自買回股份之日起五年為限，得一次或分次轉讓。\r\n第四條 受讓人之資格\r\n依本辦法得轉讓之員工，係於認購基準日前正式任職於本公司之全職員工。\r\n第五條 員工得認購股數\r\n員工得認購股數係依據員工職等、服務年資、個人表現及績效、對公司之特殊貢獻，並兼顧認股基\r\n準日時公司持有之買回股份總額及單一員工認購股數上限等因素決定。具經理人身分者，應先經薪\r\n資報酬委員會審議，再提董事會決議；非具經理人身分者，應先經審計委員會同意，再提董事會決\r\n議。\r\n第六條 轉讓之程序\r\n買回股份轉讓予員工之作業程序：\r\n一、\t依董事會之決議，申報、公告並於執行期限內買回本公司股份。\r\n二、\t董事會依本辦法訂定及公布員工認股基準日、得認購股數標準、認購繳款期間、權利內容\r\n及限制條件等作業事項。\r\n三、\t統計實際認購繳款股數，辦理股票轉讓過戶登記。\r\n第七條 約定之每股轉讓價格\r\n本次買回股份轉讓予員工，以實際買回之平均價格為轉讓價格。惟在轉讓前，如遇有公司已發行之\r\n普通股股份增加或減少，應按發行股份增減比率調整之(四捨五入計算至小數點後第二位止)。\r\n\r\n轉讓價格調整公式如下：\r\n調整後轉讓價格=每股實際平均買回價格x(公司買回股份執行完畢時之普通股股份總數÷公司轉讓買\r\n回股份予員工前之普通股股份總數)。\r\n第八條 轉讓後之權利義務\r\n本次買回股份轉讓予員工並辦理過戶登記後，除另有規定者外，餘權利義務與原有股份相同。\r\n第九條 稅捐負擔及過戶程序\r\n庫藏股轉讓予認購之員工，應依法繳納相關稅捐後始得辦理過戶作業。\r\n第十條 其他權利義務事項\r\n本公司為轉讓股份予員工所買回之庫藏股，應自買回之日起五年內全數轉讓，逾期未轉讓部分，視\r\n為本公司未發行股份，應依法辦理銷除股份變更登記。\r\n第十一條 發布與生效\r\n本辦法未盡事宜，悉依本公司相關管&#63972;規範及相關主管機關法&#63912;；本辦法經董事會決議通過後實\r\n施，修正時亦同。\r\n第十二條 增修記錄\r\n第一次訂立於中華民國115年8月6日。\r\n15.「上市上櫃公司買回本公司股份辦法」第十一條規定之轉換或認股辦法:\r\n不適用。\r\n16.董事會已考慮公司財務狀況，不影響公司資本維持之聲明:\r\n一、本公司經民國115年8月6日第五屆第十次董事會三分之二以上董事之出席及出席董事超過二分之\r\n一之同意通過，決議自櫃檯買賣市場買回本公司已發行之普通股，預定買回股份總數為300,000股，\r\n預定買回股份所需金額上限為新臺幣45,000,000元。\r\n二、上述買回股份總數，僅占本公司已發行股份之百分之0.79，且買回股份所需金額上限僅占本公\r\n司流動資產之百分之4.17(依115年第二季經會計師核閱之財務報表)，茲聲明本公司董事會已考慮公\r\n司財務狀況，上述股份之買回並不影響本公司資本之維持。\r\n三、本聲明書業經本公司上述同次董事會議通過，出席董事九人均同意本聲明書之內容，併此聲\r\n明。\r\n17.會計師或證券承銷商對買回股份價格之合理性評估意見:\r\n依元大證券股份有限公司之評估意見，本公司本次買回公司股份計劃之買回區間價格尚稱合理且符合有\r\n關規定，另對財務結構、每股淨值、每股盈餘、權益報酬率、速動比率、\r\n流動比率及現金流量狀況之影響性，經評估對本公司之財務狀況及股東權益尚無重大影響。\r\n18.其他證期局所規定之事項:\r\n無。""]], ""footer"": [""以上資料均由各公司依發言當時所屬市場別之規定申報後，由本系統對外公佈，資料如有虛偽不實，均由該公司負責。""], ""header"": {""note"": [], ""subTitle"": [], ""mainTitle"": [""公司當日重大訊息之詳細內容""]}, ""titles"": [{""main"": ""序號"", ""sub"": []}, {""main"": ""發言日期"", ""sub"": []}, {""main"": ""發言時間"", ""sub"": []}, {""main"": ""發言人"", ""sub"": []}, {""main"": ""發言人職稱"", ""sub"": []}, {""main"": ""發言人電話"", ""sub"": []}, {""main"": ""主旨"", ""sub"": []}, {""main"": ""符合條款"", ""sub"": []}, {""main"": ""事實發生日"", ""sub"": []}, {""main"": ""說明"", ""sub"": []}], ""companyAbbreviation"": ""立盈""}, ""datetime"": ""115/08/06 19:40:05""}",2026-08-06 19:39:34
1150805|rotc|2761|2,115/08/05,17:36:04,2761,橘焱胡同,(更正)公告本公司董事會決議辦理現金增資發行新股（補充認股基準日等資訊）,現金增資,1150805,rotc,2,"{""code"": 200, ""message"": ""查詢成功"", ""result"": {""marketName"": ""興櫃公司"", ""companyId"": ""2761"", ""data"": [[2, ""115/08/05"", ""17:36:04"", ""楊哲瑋"", ""總經理"", ""(02)2218-9868"", ""(更正)公告本公司董事會決議辦理現金增資發行新股\r\n（補充認股基準日等資訊）"", ""9"", ""115/05/19"", ""1.董事會決議或公司決定日期:115/05/19\n2.發行股數:普通股4,000,000股\n3.每股面額:新台幣10元。\n4.發行總金額:按面額計新台幣40,000,000元整。\n5.發行價格:每股新台幣12元。\n6.員工認股股數:依公司法第267條規定範圍內，保留發行新股10%，\n計400,000股由本公司員工認購。\n7.原股東認購比例(另請說明每仟股暫定得認購股數):\n增資發行新股總數90%計3,600,000股，按認股基準日股東名冊記載之股東持股\n比例認購，每仟股約可認購207.65286164股。\n8.公開銷售方式及股數:不適用。\n9.畸零股及逾期未認購股份之處理方式:\n原股東認購不足一股之畸零股由股東自行拼湊成整股，其放棄拼湊或拼湊後仍\n不足一股之畸零股授權董事長洽特定人按發行價格認購之。\n10.本次發行新股之權利義務:\n本次現金增資發行之新股，其權利義務與原已發行普通股相同。\n11.本次增資資金用途:充實營運資金。\n12.現金增資認股基準日:115/08/29\n13.最後過戶日:115/08/24\n14.停止過戶起始日期:115/08/25\n15.停止過戶截止日期:115/08/29\n16.股款繳納期間:\n(1)原股東及員工繳款期間：115年09月01日至115年10月01日\n(2)特定人繳款期間：115年10月02日至115年10月15日\n17.與代收及專戶存儲價款行庫訂約日期:俟簽約後另行公告。\n18.委託代收款項機構:俟簽約後另行公告。\n19.委託存儲款項機構:俟簽約後另行公告。\n20.其他應敘明事項:\n(1)本公司已於115/05/19董事會授權董事長訂定發行價格及發行股數。\n(2)本次現金增資發行新股案業經金融監督管理委員會115/08/03金管證發字\n第1150351259號函申報生效在案。\n(3)本次增資計畫所定之發行價格、發行股數、發行條件及方式、資金來源、\n計畫項目、預定資金運用進度、預計可能產生效益暨其他相關事宜如未來經\n主管機關修正，或因法令規定及因客觀環境之營運評估而須變更時，授權董\n事長視實際情況全權處理之。""]], ""footer"": [""以上資料均由各公司依發言當時所屬市場別之規定申報後，由本系統對外公佈，資料如有虛偽不實，均由該公司負責。""], ""header"": {""note"": [], ""subTitle"": [], ""mainTitle"": [""公司當日重大訊息之詳細內容""]}, ""titles"": [{""main"": ""序號"", ""sub"": []}, {""main"": ""發言日期"", ""sub"": []}, {""main"": ""發言時間"", ""sub"": []}, {""main"": ""發言人"", ""sub"": []}, {""main"": ""發言人職稱"", ""sub"": []}, {""main"": ""發言人電話"", ""sub"": []}, {""main"": ""主旨"", ""sub"": []}, {""main"": ""符合條款"", ""sub"": []}, {""main"": ""事實發生日"", ""sub"": []}, {""main"": ""說明"", ""sub"": []}], ""companyAbbreviation"": ""橘焱胡同""}, ""datetime"": ""115/08/06 19:40:06""}",2026-08-06 19:39:34
1150805|rotc|6639|2,115/08/05,18:50:02,6639,源大環能,公告本公司訂定現金增資認股基準日相關事宜,現金增資,1150805,rotc,2,"{""code"": 200, ""message"": ""查詢成功"", ""result"": {""marketName"": ""興櫃公司"", ""companyId"": ""6639"", ""data"": [[2, ""115/08/05"", ""18:50:02"", ""林燿輝"", ""總經理"", ""03-4755800"", ""公告本公司訂定現金增資認股基準日相關事宜"", ""9"", ""115/08/05"", ""1.董事會決議或公司決定日期:115/08/05\n2.發行股數:10,000,000股\n3.每股面額:新台幣10元\n4.發行總金額:新台幣70,000,000元\n5.發行價格:新台幣7元\n6.員工認股股數:依公司法第267條規定，保留10%股份計1,000,000股\n7.原股東認購比例(另請說明每仟股暫定得認購股數):原股東依認股基準日\n股東名簿所載之股東持股比例，每仟股認購156.12800060股。\n8.公開銷售方式及股數:不適用\n9.畸零股及逾期未認購股份之處理方式:認購不足一股之畸零股，由股東自行在停止\n過戶日起五日內，逕向本公司股務代理機構辦理拼湊。員工及股東放棄認購或認\n購不足，及拼湊不足一股之畸零股，授權董事長洽特定人按發行價格認購之。\n10.本次發行新股之權利義務:本次增資發行之普通股，其權利義務與已發行普通股相同。\n11.本次增資資金用途:充實營運資金\n12.現金增資認股基準日:115/09/04\n13.最後過戶日:115/08/30\n14.停止過戶起始日期:115/08/31\n15.停止過戶截止日期:115/09/04\n16.股款繳納期間:\n(1)原股東及員工繳款期間:115/09/15~115/10/16\n(2)特定人繳款期間:115/10/19~115/10/21\n17.與代收及專戶存儲價款行庫訂約日期:115/08/05\n18.委託代收款項機構:永豐商業銀行中壢分行\n19.委託存儲款項機構:永豐商業銀行竹北光明分行\n20.其他應敘明事項:\n(1)因最後過戶日115年08月30日適逢星期例假日，故臨櫃過戶提前至115年08\n   月28日(星期五)下午4時30分前駕臨本公司股務代理機構辦理，掛號郵寄者以\n   民國115年08月30日(最後過戶日)郵戳日期為憑。\n(2)本次現金增資發行新股案，業經金融監督管理委員會115年08月03日金管證發字\n   第1150351190號函核准生效在案。\n(3)本次發行新股所訂之發行股數、發行條件、計畫項目、資金運用進度暨其他有關\n   本次現金增資之事項，如經主管機關修正及基於營運評估或因應客觀環境而需修\n   正者，擬授權董事長全權處理之。""]], ""footer"": [""以上資料均由各公司依發言當時所屬市場別之規定申報後，由本系統對外公佈，資料如有虛偽不實，均由該公司負責。""], ""header"": {""note"": [], ""subTitle"": [], ""mainTitle"": [""公司當日重大訊息之詳細內容""]}, ""titles"": [{""main"": ""序號"", ""sub"": []}, {""main"": ""發言日期"", ""sub"": []}, {""main"": ""發言時間"", ""sub"": []}, {""main"": ""發言人"", ""sub"": []}, {""main"": ""發言人職稱"", ""sub"": []}, {""main"": ""發言人電話"", ""sub"": []}, {""main"": ""主旨"", ""sub"": []}, {""main"": ""符合條款"", ""sub"": []}, {""main"": ""事實發生日"", ""sub"": []}, {""main"": ""說明"", ""sub"": []}], ""companyAbbreviation"": ""源大環能""}, ""datetime"": ""115/08/06 19:40:06""}",2026-08-06 19:39:34
1150805|rotc|6639|3,115/08/05,18:50:32,6639,源大環能,公告本公司115年現金增資委託代收股款及存儲專戶行庫,現金增資,1150805,rotc,3,"{""code"": 200, ""message"": ""查詢成功"", ""result"": {""marketName"": ""興櫃公司"", ""companyId"": ""6639"", ""data"": [[3, ""115/08/05"", ""18:50:32"", ""林燿輝"", ""總經理"", ""03-4755800"", ""公告本公司115年現金增資委託代收股款及存儲專戶行庫"", ""44"", ""115/08/05"", ""1.事實發生日:115/08/05\n2.公司名稱:源大環能股份有限公司\n3.與公司關係(請輸入本公司或子公司):本公司\n4.相互持股比例:不適用\n5.發生緣由:依據發行人募集與發行有價證券處理準則第9條第1項第2款規定辦理\n6.因應措施:無\n7.其他應敘明事項(若事件發生或決議之主體係屬公開發行以上公司，\n本則重大訊息同時符合證券交易法施行細則第7條第9款所定\n對股東權益或證券價格有重大影響之事項):\n(1)簽約日期：115/08/05\n(2)委託代收股款行庫：永豐商業銀行中壢分行\n(3)委託存儲專戶行庫：永豐商業銀行竹北光明分行""]], ""footer"": [""以上資料均由各公司依發言當時所屬市場別之規定申報後，由本系統對外公佈，資料如有虛偽不實，均由該公司負責。""], ""header"": {""note"": [], ""subTitle"": [], ""mainTitle"": [""公司當日重大訊息之詳細內容""]}, ""titles"": [{""main"": ""序號"", ""sub"": []}, {""main"": ""發言日期"", ""sub"": []}, {""main"": ""發言時間"", ""sub"": []}, {""main"": ""發言人"", ""sub"": []}, {""main"": ""發言人職稱"", ""sub"": []}, {""main"": ""發言人電話"", ""sub"": []}, {""main"": ""主旨"", ""sub"": []}, {""main"": ""符合條款"", ""sub"": []}, {""main"": ""事實發生日"", ""sub"": []}, {""main"": ""說明"", ""sub"": []}], ""companyAbbreviation"": ""源大環能""}, ""datetime"": ""115/08/06 19:40:07""}",2026-08-06 19:39:34
1150805|rotc|6734|2,115/08/05,20:31:27,6734,安盛生,公告本公司經主管機關核准延長115年現金增資特定人繳款期間相關事宜,現金增資,1150805,rotc,2,"{""code"": 200, ""message"": ""查詢成功"", ""result"": {""marketName"": ""興櫃公司"", ""companyId"": ""6734"", ""data"": [[2, ""115/08/05"", ""20:31:27"", ""黃舒蘭"", ""財務協理"", ""87511335"", ""公告本公司經主管機關核准延長115年現金增資特定人\r\n繳款期間相關事宜"", ""44"", ""115/08/05"", ""1.事實發生日:115/08/05\n2.公司名稱:安盛生科股份有限公司\n3.與公司關係(請輸入本公司或子公司):本公司\n4.相互持股比例:不適用。\n5.發生緣由:\n(1)本公司董事會於115年5月12日決議現金增資發行新股，並就本次現金增資相關事宜\n   ，如基於營運評估或因應客觀環境而需修正者，授權董事長視實際情況依相關法令\n   全權處理，業經金融監督管理委員會115年5月25日金管證發字第1150344252號函核准\n   申報生效在案。\n(2)考量近期經濟情勢與公司整體規劃，及給予特定人繳款充裕作業時間，申請延長\n   特定人繳款期間至115年8月27日，業經金融監督管理委員會金管證發字第1150351485\n   號函准予備查在案，特此公告。\n6.因應措施:\n基於保護股東權益，對於已繳款之原股東、員工及認股人之權益，擬訂相關補償方案\n如下：\n(1)適用對象：於本補償方案公告前已繳款之本公司原股東、員工及認股人。\n(2)申請期間：自補償方案公告日起迄115年8月20日止。\n(3)補償方案：\n對於本補償方案公告日前已繳款之原股東、員工及認股人，如已無認購意願者，本公司\n將加計利息退還其所繳納之股款，計算公式如下：\n已繳納股款×【1+(自繳款日至實際退款日(註1)之天數)×臺灣銀行公告一年期定期存款\n利率(註2)/365】\n註1：實際退款日訂定另行公告，應付款項將以郵寄支票或匯款方式支付。\n註2：利率係以補償方案公告日之臺灣銀行公告之一年至未滿二年定期存款五百萬元(含)\n以上之牌告機動利率0.770%計算之。\n(4)申請方式：\n對於本補償方案公告日前已繳款之原股東、員工及認股人，如已無認購意願者，請填具\n「股款退回申請書」加蓋原留印鑑，並檢附原現金增資認股繳款證明影本、身分證正反\n面影本乙份、印鑑卡(舊戶者免繳)及匯款銀行帳號，於申請期間，親自送達或掛號郵寄\n(以郵件送達為準)本公司股務代理機構群益金鼎證券股份有限公司股務代理部【台北市　\n敦化南路二段97號地下二樓】，逾期或未送(寄)達或上列文件未齊者，視同維持原認購\n意願。\n(5)對於已繳款人要求退還原認購股數之股款，本公司負責人將洽特定人承諾悉數認購\n或洽其他特定人認足，並負責退還原繳款者所繳款項及支付應計利息。\n(6)承諾書如下：\n                                   承諾書\n\n安盛生科股份有限公司115年現金增資發行普通股14,000,000股，每股面額10元，總額\n新臺幣140,000,000元乙案，業經貴會115年5月25日金管證發字第1150344252號函申報\n生效。\n鑑於近期經濟情勢變化對於資本市場影響，綜合考量本公司整體規劃，以及給予特定人\n繳款充裕作業時間，將洽特定人繳款期間申請延長3個月，特此聲明於本次現金增資募集\n作業期間，不影響原股東、員工及認股人權益。若因延長特定人繳款期限，而造成參與\n此次現金增資之原股東、員工及認股人權益受損，經提出合理及具體理由主張其權利受\n損部份，本立書人承諾將依本公司所訂之補償方案負相關損失賠償責任。\n\n此致\n金融監督管理委員會\n\n立書承諾人：安盛生科股份有限公司\n董事長：陳彥宇\n中華民國115年7月27日\n7.其他應敘明事項(若事件發生或決議之主體係屬公開發行以上公司，\n本則重大訊息同時符合證券交易法施行細則第7條第9款所定\n對股東權益或證券價格有重大影響之事項):\n本公司特定人繳款期間展延至115年8月27日如股款提前收足則提前截止，本次現金增資\n募足股款時之增資基準日及相關事宜，依實際募款情形授權董事長另訂之。""]], ""footer"": [""以上資料均由各公司依發言當時所屬市場別之規定申報後，由本系統對外公佈，資料如有虛偽不實，均由該公司負責。""], ""header"": {""note"": [], ""subTitle"": [], ""mainTitle"": [""公司當日重大訊息之詳細內容""]}, ""titles"": [{""main"": ""序號"", ""sub"": []}, {""main"": ""發言日期"", ""sub"": []}, {""main"": ""發言時間"", ""sub"": []}, {""main"": ""發言人"", ""sub"": []}, {""main"": ""發言人職稱"", ""sub"": []}, {""main"": ""發言人電話"", ""sub"": []}, {""main"": ""主旨"", ""sub"": []}, {""main"": ""符合條款"", ""sub"": []}, {""main"": ""事實發生日"", ""sub"": []}, {""main"": ""說明"", ""sub"": []}], ""companyAbbreviation"": ""安盛生""}, ""datetime"": ""115/08/06 19:40:07""}",2026-08-06 19:39:34
1150805|rotc|7798|1,115/08/06,15:47:43,7798,將捷,本公司115年現金增資股款催繳公告,現金增資,1150805,rotc,1,"{""code"": 200, ""message"": ""查詢成功"", ""result"": {""marketName"": ""興櫃公司"", ""companyId"": ""7798"", ""data"": [[1, ""115/08/06"", ""15:47:43"", ""江朝川"", ""財務長"", ""2536-2666"", ""本公司115年現金增資股款催繳公告"", ""44"", ""115/08/06"", ""1.事實發生日:115/08/06\n2.公司名稱:將捷股份有限公司\n3.與公司關係(請輸入本公司或子公司):本公司\n4.相互持股比例:不適用\n5.發生緣由:本公司115年現金增資認股繳款期限已於115年08月06日截止，\n  惟有部分原股東及員工尚未繳納現金增資股款，特此再行催告。\n6.因應措施:\n(1)依公司法第266條第三項準用同法第142條之規定，股款催繳期間自115年08月\n   07日起至115年09月07日下午3點30分止。\n(2)尚未繳款之原股東及員工，請於上述期間內持原繳款書至臺灣土地銀行仁愛分行及\n   全國各分行辦理繳款事宜，逾期未繳納者即喪失其認股之權利。\n(3)於催繳期間繳納之原股東及員工，俟催繳期間屆滿並經集保公司作業後，依其認購\n   股數撥入認股人指定之證券集保帳戶。\n(4)若有任何疑問，敬請向本公司股務代理機構福邦證券股份有限公司股務代理部洽詢\n   (台北市中正區忠孝西路一段6號6樓，電話:(02)2371-1658)。\n7.其他應敘明事項(若事件發生或決議之主體係屬公開發行以上公司，\n本則重大訊息同時符合證券交易法施行細則第7條第9款所定\n對股東權益或證券價格有重大影響之事項):無""]], ""footer"": [""以上資料均由各公司依發言當時所屬市場別之規定申報後，由本系統對外公佈，資料如有虛偽不實，均由該公司負責。""], ""header"": {""note"": [], ""subTitle"": [], ""mainTitle"": [""公司當日重大訊息之詳細內容""]}, ""titles"": [{""main"": ""序號"", ""sub"": []}, {""main"": ""發言日期"", ""sub"": []}, {""main"": ""發言時間"", ""sub"": []}, {""main"": ""發言人"", ""sub"": []}, {""main"": ""發言人職稱"", ""sub"": []}, {""main"": ""發言人電話"", ""sub"": []}, {""main"": ""主旨"", ""sub"": []}, {""main"": ""符合條款"", ""sub"": []}, {""main"": ""事實發生日"", ""sub"": []}, {""main"": ""說明"", ""sub"": []}], ""companyAbbreviation"": ""將捷""}, ""datetime"": ""115/08/06 19:40:08""}",2026-08-06 19:39:34
1150806|rotc|2237|3,115/08/06,16:08:18,2237,華德動能,公告本公司辦理股票初次上市前現金增資收足股款暨現金增資基準日,現金增資,1150806,rotc,3,"{""code"": 200, ""message"": ""查詢成功"", ""result"": {""marketName"": ""興櫃公司"", ""companyId"": ""2237"", ""data"": [[3, ""115/08/06"", ""16:08:18"", ""楊誌榮"", ""總經理(桃園廠)"", ""03-381-1863"", ""公告本公司辦理股票初次上市前現金增資收足股款暨現金\r\n增資基準日"", ""44"", ""115/08/06"", ""1.事實發生日:115/08/06\n2.公司名稱:華德動能科技股份有限公司\n3.與公司關係(請輸入本公司或子公司):本公司\n4.相互持股比例:不適用\n5.發生緣由:依據「發行人募集與發行有價證券處理準則」第9條第1項第2款規定辦理。\n6.因應措施:\n(1)本公司股票初次上市前現金增資發行普通股7,165,000股，競價拍賣最低承銷價格\n   為每股新台幣22元，依投標價格高者優先得標，每一得標人應依其得標價格認購，\n   各得標單之價格及其數量加權平均價格為每股新台幣26.66元；公開申購承銷價格\n   為每股新台幣26.66元，總計新台幣191,017,230元，業已全數收足。\n(2)現金增資基準日：115年8月6日。\n7.其他應敘明事項(若事件發生或決議之主體係屬公開發行以上公司，\n本則重大訊息同時符合證券交易法施行細則第7條第9款所定\n對股東權益或證券價格有重大影響之事項):無""]], ""footer"": [""以上資料均由各公司依發言當時所屬市場別之規定申報後，由本系統對外公佈，資料如有虛偽不實，均由該公司負責。""], ""header"": {""note"": [], ""subTitle"": [], ""mainTitle"": [""公司當日重大訊息之詳細內容""]}, ""titles"": [{""main"": ""序號"", ""sub"": []}, {""main"": ""發言日期"", ""sub"": []}, {""main"": ""發言時間"", ""sub"": []}, {""main"": ""發言人"", ""sub"": []}, {""main"": ""發言人職稱"", ""sub"": []}, {""main"": ""發言人電話"", ""sub"": []}, {""main"": ""主旨"", ""sub"": []}, {""main"": ""符合條款"", ""sub"": []}, {""main"": ""事實發生日"", ""sub"": []}, {""main"": ""說明"", ""sub"": []}], ""companyAbbreviation"": ""華德動能""}, ""datetime"": ""115/08/06 19:40:09""}",2026-08-06 19:39:34
1150806|rotc|6793|2,115/08/06,16:39:23,6793,天力離岸,公告本公司經主管機關核准變更115年第1次現金增資發行價格相關事宜,現金增資,1150806,rotc,2,"{""code"": 200, ""message"": ""查詢成功"", ""result"": {""marketName"": ""興櫃公司"", ""companyId"": ""6793"", ""data"": [[2, ""115/08/06"", ""16:39:23"", ""蔡哲倫"", ""財務暨會計主管"", ""02-27127955"", ""公告本公司經主管機關核准變更115年第1次現金增資發行\r\n價格相關事宜"", ""44"", ""115/08/06"", ""1.事實發生日:115/08/06\n2.公司名稱:天力離岸風電科技股份有限公司\n3.與公司關係(請輸入本公司或子公司):本公司\n4.相互持股比例:不適用。\n5.發生緣由:\n   考量近期市場股價變化、未來市場發展狀況、公司整體利益及股東與投資人最大\n權益等，故本公司向金融監督管理委員會申請變更115年第1次現金增資發行價格為新\n台幣10.5元整，業已接獲金管證發字第1150352410號函同意備查，特此公告。\n6.因應措施:公開資訊觀測站發布重大訊息。\n7.其他應敘明事項(若事件發生或決議之主體係屬公開發行以上公司，\n本則重大訊息同時符合證券交易法施行細則第7條第9款所定\n對股東權益或證券價格有重大影響之事項):無。""]], ""footer"": [""以上資料均由各公司依發言當時所屬市場別之規定申報後，由本系統對外公佈，資料如有虛偽不實，均由該公司負責。""], ""header"": {""note"": [], ""subTitle"": [], ""mainTitle"": [""公司當日重大訊息之詳細內容""]}, ""titles"": [{""main"": ""序號"", ""sub"": []}, {""main"": ""發言日期"", ""sub"": []}, {""main"": ""發言時間"", ""sub"": []}, {""main"": ""發言人"", ""sub"": []}, {""main"": ""發言人職稱"", ""sub"": []}, {""main"": ""發言人電話"", ""sub"": []}, {""main"": ""主旨"", ""sub"": []}, {""main"": ""符合條款"", ""sub"": []}, {""main"": ""事實發生日"", ""sub"": []}, {""main"": ""說明"", ""sub"": []}], ""companyAbbreviation"": ""天力離岸""}, ""datetime"": ""115/08/06 19:40:09""}",2026-08-06 19:39:34
1150806|rotc|6787|1,115/08/06,17:14:26,6787,晶瑞光,公告本公司訂定115年現金增資認股基準日暨相關事宜,現金增資,1150806,rotc,1,"{""code"": 200, ""message"": ""查詢成功"", ""result"": {""marketName"": ""興櫃公司"", ""companyId"": ""6787"", ""data"": [[1, ""115/08/06"", ""17:14:26"", ""賴俊文"", ""副總經理"", ""03-5958589"", ""公告本公司訂定115年現金增資認股基準日暨相關事宜"", ""9"", ""115/08/06"", ""1.董事會決議或公司決定日期:115/08/06\n2.發行股數:6,500,000股\n3.每股面額:新台幣10元整\n4.發行總金額:新台幣65,000,000元\n5.發行價格:每股新台幣30元\n6.員工認股股數:650,000股\n7.原股東認購比例(另請說明每仟股暫定得認購股數):依公司法第267條規定，\n計5,850,000股由原股東按認股基準日股東名簿記載之持股比率認購（每仟股\n可認購72.21598133股）\n8.公開銷售方式及股數:不適用\n9.畸零股及逾期未認購股份之處理方式:其認購不足一股之畸零股，由股東自停止\n過戶日起五日內自行至本公司股務代理機構辦理拼湊一整股認購。原股東及員工\n放棄認購或拼湊不足一股之畸零股部份，擬請董事會授權董事長洽特定人按發行　\n價格認足。\n10.本次發行新股之權利義務:其權利義務與已發行普通股相同。\n11.本次增資資金用途:購置機器設備、充實營運資金\n12.現金增資認股基準日:115/08/29\n13.最後過戶日:115/08/24\n14.停止過戶起始日期:115/08/25\n15.停止過戶截止日期:115/08/29\n16.股款繳納期間:115/09/02-115/10/02\n17.與代收及專戶存儲價款行庫訂約日期:\n代收價款合約暫定115/08/12，存儲價款合約暫定115/08/17\n18.委託代收款項機構:華南銀行竹東分行\n19.委託存儲款項機構:彰化銀行竹東分行\n20.其他應敘明事項:\n(1)本次現金增資之相關事宜，如經主管機關核定修正或有未盡事宜，或因主客\n觀環境改變所需而修正時，授權董事長全權處理之。\n(2)本公司115年現金增資案，業於115年08月04日經金融監督管理委員會金管證\n發字第1150351397號函申報生效在案。""]], ""footer"": [""以上資料均由各公司依發言當時所屬市場別之規定申報後，由本系統對外公佈，資料如有虛偽不實，均由該公司負責。""], ""header"": {""note"": [], ""subTitle"": [], ""mainTitle"": [""公司當日重大訊息之詳細內容""]}, ""titles"": [{""main"": ""序號"", ""sub"": []}, {""main"": ""發言日期"", ""sub"": []}, {""main"": ""發言時間"", ""sub"": []}, {""main"": ""發言人"", ""sub"": []}, {""main"": ""發言人職稱"", ""sub"": []}, {""main"": ""發言人電話"", ""sub"": []}, {""main"": ""主旨"", ""sub"": []}, {""main"": ""符合條款"", ""sub"": []}, {""main"": ""事實發生日"", ""sub"": []}, {""main"": ""說明"", ""sub"": []}], ""companyAbbreviation"": ""晶瑞光""}, ""datetime"": ""115/08/06 19:40:10""}",2026-08-06 19:39:34
1150806|rotc|6977|2,115/08/06,18:03:24,6977,聯純,本公司庫藏股轉讓員工認股案相關事宜,庫藏股,1150806,rotc,2,"{""code"": 200, ""message"": ""查詢成功"", ""result"": {""marketName"": ""興櫃公司"", ""companyId"": ""6977"", ""data"": [[2, ""115/08/06"", ""18:03:24"", ""許銘喬"", ""總經理"", ""04-23503937"", ""本公司庫藏股轉讓員工認股案相關事宜"", ""44"", ""115/08/06"", ""1.事實發生日:115/08/06\n2.公司名稱:聯純科技股份有限公司\n3.與公司關係(請輸入本公司或子公司):本公司\n4.相互持股比例:不適用\n5.發生緣由:本公司董事會決議辦理庫藏股轉讓員工認股案。\n6.因應措施:\nA.本公司於112年11月6日至113年1月5日執行第一次買回公司庫藏股\n 計396,000股。認購不足可再辦理轉讓員工認購股數為31,000股，\n 經115年8月6日董事會決議，以每股58.12元轉讓予員工，\n 本次預計轉讓31,000股。\nB.員工認股基準日、認股繳款期間及相關事宜，依本公司「第一次\n 買回股份轉讓員工辦法」之相關規定辦理。\n7.其他應敘明事項(若事件發生或決議之主體係屬公開發行以上公司，\n本則重大訊息同時符合證券交易法施行細則第7條第9款所定\n對股東權益或證券價格有重大影響之事項):\n轉讓予員工之股份為普通股其權利義務與其他流通在外普通股相同。\n庫藏股轉讓員工作業未盡事宜擬提請董事會授權董事長全權處理之。""]], ""footer"": [""以上資料均由各公司依發言當時所屬市場別之規定申報後，由本系統對外公佈，資料如有虛偽不實，均由該公司負責。""], ""header"": {""note"": [], ""subTitle"": [], ""mainTitle"": [""公司當日重大訊息之詳細內容""]}, ""titles"": [{""main"": ""序號"", ""sub"": []}, {""main"": ""發言日期"", ""sub"": []}, {""main"": ""發言時間"", ""sub"": []}, {""main"": ""發言人"", ""sub"": []}, {""main"": ""發言人職稱"", ""sub"": []}, {""main"": ""發言人電話"", ""sub"": []}, {""main"": ""主旨"", ""sub"": []}, {""main"": ""符合條款"", ""sub"": []}, {""main"": ""事實發生日"", ""sub"": []}, {""main"": ""說明"", ""sub"": []}], ""companyAbbreviation"": ""聯純""}, ""datetime"": ""115/08/06 19:40:10""}",2026-08-06 19:39:34
1150806|rotc|6734|1,115/08/06,19:39:31,6734,安盛生,公告本公司經主管機關核准延長115年現金增資特定人(更正)繳款期間相關事宜,現金增資,1150806,rotc,1,"{""code"": 200, ""message"": ""查詢成功"", ""result"": {""marketName"": ""興櫃公司"", ""companyId"": ""6734"", ""data"": [[1, ""115/08/06"", ""19:39:31"", ""黃舒蘭"", ""財務協理"", ""87511335"", ""公告本公司經主管機關核准延長115年現金增資特定人(更正)\r\n繳款期間相關事宜"", ""44"", ""115/08/06"", ""1.事實發生日:115/08/06\n2.公司名稱:安盛生科股份有限公司\n3.與公司關係(請輸入本公司或子公司):本公司\n4.相互持股比例:不適用。\n5.發生緣由:\n(1)本公司董事會於115年5月12日決議現金增資發行新股，並就本次現金增資相關事宜\n   ，如基於營運評估或因應客觀環境而需修正者，授權董事長視實際情況依相關法令\n   全權處理，業經金融監督管理委員會115年5月25日金管證發字第1150344252號函核准\n   申報生效在案。\n(2)考量近期經濟情勢與公司整體規劃，及給予特定人繳款充裕作業時間，申請延長\n   特定人繳款期間至115年8月27日，業經金融監督管理委員會金管證發字第1150351485\n   號函准予備查在案，特此公告。\n6.因應措施:\n基於保護股東權益，對於已繳款之原股東、員工及認股人之權益，擬訂相關補償方案\n如下：\n(1)適用對象：於本補償方案公告前已繳款之本公司原股東、員工及認股人。\n(2)申請期間：自補償方案公告日起迄115年8月20日止。\n(3)補償方案：\n對於本補償方案公告日前已繳款之原股東、員工及認股人，如已無認購意願者，本公司\n將加計利息退還其所繳納之股款，計算公式如下：\n已繳納股款×【1+(自繳款日至實際退款日(註1)之天數)×臺灣銀行公告一年期定期存款\n利率(註2)/365】\n註1：實際退款日訂定另行公告，應付款項將以郵寄支票或匯款方式支付。\n註2：利率係以補償方案公告日之臺灣銀行公告之一年至未滿二年定期存款五百萬元(含)\n以上之牌告機動利率0.770%計算之。\n(4)申請方式：\n對於本補償方案公告日前已繳款之原股東、員工及認股人，如已無認購意願者，請填具\n「股款退回申請書」加蓋原留印鑑，並檢附原現金增資認股繳款證明影本、身分證正反\n面影本乙份、印鑑卡(舊戶者免繳)及匯款銀行帳號，於申請期間，親自送達或掛號郵寄\n(以郵件送達為準)本公司股務代理機構群益金鼎證券股份有限公司股務代理部【台北市　\n敦化南路二段97號地下二樓】，逾期或未送(寄)達或上列文件未齊者，視同維持原認購\n意願。\n(5)對於已繳款人要求退還原認購股數之股款，本公司負責人將洽特定人承諾悉數認購\n或洽其他特定人認足，並負責退還原繳款者所繳款項及支付應計利息。\n(6)承諾書如下：\n                                   承諾書\n\n安盛生科股份有限公司115年現金增資發行普通股14,000,000股，每股面額10元，總額\n新臺幣140,000,000元乙案，業經貴會115年5月25日金管證發字第1150344252號函申報\n生效。\n鑑於近期經濟情勢變化對於資本市場影響，綜合考量本公司整體規劃，以及給予特定人\n繳款充裕作業時間，將洽特定人繳款期間申請延長至115年8月27日，特此聲明於本次\n現金增資募集作業期間，不影響原股東、員工及認股人權益。若因延長特定人繳款期限\n，而造成參與此次現金增資之原股東、員工及認股人權益受損，經提出合理及具體理由\n主張其權利受損部份，本立書人承諾將依本公司所訂之補償方案負相關損失賠償責任。\n\n此致\n金融監督管理委員會\n\n立書承諾人：安盛生科股份有限公司\n董事長：陳彥宇\n中華民國115年7月27日\n7.其他應敘明事項(若事件發生或決議之主體係屬公開發行以上公司，\n本則重大訊息同時符合證券交易法施行細則第7條第9款所定\n對股東權益或證券價格有重大影響之事項):\n本公司特定人繳款期間展延至115年8月27日如股款提前收足則提前截止，本次現金增資\n募足股款時之增資基準日及相關事宜，依實際募款情形授權董事長另訂之。""]], ""footer"": [""以上資料均由各公司依發言當時所屬市場別之規定申報後，由本系統對外公佈，資料如有虛偽不實，均由該公司負責。""], ""header"": {""note"": [], ""subTitle"": [], ""mainTitle"": [""公司當日重大訊息之詳細內容""]}, ""titles"": [{""main"": ""序號"", ""sub"": []}, {""main"": ""發言日期"", ""sub"": []}, {""main"": ""發言時間"", ""sub"": []}, {""main"": ""發言人"", ""sub"": []}, {""main"": ""發言人職稱"", ""sub"": []}, {""main"": ""發言人電話"", ""sub"": []}, {""main"": ""主旨"", ""sub"": []}, {""main"": ""符合條款"", ""sub"": []}, {""main"": ""事實發生日"", ""sub"": []}, {""main"": ""說明"", ""sub"": []}], ""companyAbbreviation"": ""安盛生""}, ""datetime"": ""115/08/06 19:40:11""}",2026-08-06 19:39:34
1150806|pub|3601|2,115/08/06,14:24:53,3601,前源,公告本公司董事會決議辦理現金增資發行新股,現金增資,1150806,pub,2,"{""code"": 200, ""message"": ""查詢成功"", ""result"": {""marketName"": ""公開發行公司"", ""companyId"": ""3601"", ""data"": [[2, ""115/08/06"", ""14:24:53"", ""黃政賢"", ""財務經理"", ""03-7483000"", ""公告本公司董事會決議辦理現金增資發行新股"", ""9"", ""115/08/06"", ""1.事實發生日:115/08/06\n2.發生緣由:本公司董事會決議辦理現金增資發行新股\n  (1)董事會決議日期:115/08/06\n  (2)增資資金來源:現金增資\n  (3)發行股數(如屬盈餘或公積轉增資，則不含配發給員工部分):30,000,000股\n  (4)每股面額:新台幣10元\n  (5)發行總金額:新台幣300,000,000元\n  (6)發行價格:暫訂每股新台幣10元\n  (7)員工認購股數或配發金額:\n     依公司法第267條規定，保留發行新股總額15%即4,500,000股由本公司員工認購。\n  (8)公開銷售股數:不適用。\n  (9)原股東認購或無償配發比例(請註明暫定每仟股認購或配發股數):\n     發行新股總額85%，25,500,000股由原股東按照認股基準日股東名簿記載之持股\n     比例認購。\n  (10)畸零股及逾期未認購股份之處理方式:\n      認購不足一股之畸零股，由股東自認股停止過戶日起五日內自行至本公司股務\n      代理機構辦理併湊登記。逾期未拼湊或拼湊後仍不足一股之畸零股及原股東或\n      員工認購不足或逾期未認購者，授權董事長洽特定人按發行價格認購之。\n  (11)本次發行新股之權利義務:\n      本次現金增資發行新股，其權利、義務與原已發行普通股股份相同。\n  (12)本次增資資金用途:充實營運資金。\n3.因應措施:無。\n4.其他應敘明事項:\n  (1)本次現金增資計畫之重要內容，包括增資之實際發行價格、發行股數、發行條件\n     及方式、募集金額、資金來源、計畫項目、資金運用進度、預計可能產生效益及\n     其他相關事宜，如有因市場狀況及經主管機關修正，或因法令規定及因應客觀環\n     境而須變更時，授權董事長視實際情況依相關法令規定全權處理之。\n  (2)本次現金增資發行新股之認股基準日、增資基準日及相關作業時程，由董事會授\n     權董事長於呈奉主管機關核准後訂定之。""]], ""footer"": [""以上資料均由各公司依發言當時所屬市場別之規定申報後，由本系統對外公佈，資料如有虛偽不實，均由該公司負責。""], ""header"": {""note"": [], ""subTitle"": [], ""mainTitle"": [""公司當日重大訊息之詳細內容""]}, ""titles"": [{""main"": ""序號"", ""sub"": []}, {""main"": ""發言日期"", ""sub"": []}, {""main"": ""發言時間"", ""sub"": []}, {""main"": ""發言人"", ""sub"": []}, {""main"": ""發言人職稱"", ""sub"": []}, {""main"": ""發言人電話"", ""sub"": []}, {""main"": ""主旨"", ""sub"": []}, {""main"": ""符合條款"", ""sub"": []}, {""main"": ""事實發生日"", ""sub"": []}, {""main"": ""說明"", ""sub"": []}], ""companyAbbreviation"": ""前源""}, ""datetime"": ""115/08/06 19:40:11""}",2026-08-06 19:39:34
